stable_id,identifier,display_code,english_name,chinese_name,record_status,canonical_identifier,source_class,material_category,source_menu,source_menu_visible,main_menu_policy,current_rc9_entry,target_entry,periodic_atomic_numbers,periodic_symbols,periodic_relation_groups,duplicate_concept,module,module_disable_behavior,save_compatibility,description_coverage,source_mod,source_commit,source_file,license,relation_provenance,confidence,notes
0,DEFAULT_PT_NONE,NONE,Eraser,擦除工具,canonical,DEFAULT_PT_NONE,official_original,official_sandbox_element,SC_SPECIAL,true,official_default,main_menu:SC_SPECIAL,main_menu:SC_SPECIAL,,,,canonical,official,always_available;stable_id_locked,official-locked,official_wiki_full+runtime_properties,The-Powder-Toy/The-Powder-Toy,bff38ce6959e1c1a7a4d17d0d5d44d127a0dfcbd,src/simulation/elements/NONE.cpp,GPL-3.0-only,,high,
1,DEFAULT_PT_DUST,DUST,Dust,尘埃,canonical,DEFAULT_PT_DUST,official_original,official_sandbox_element,SC_POWDERS,true,official_default,main_menu:SC_POWDERS,main_menu:SC_POWDERS,,,,canonical,official,always_available;stable_id_locked,official-locked,official_wiki_full+runtime_properties,The-Powder-Toy/The-Powder-Toy,bff38ce6959e1c1a7a4d17d0d5d44d127a0dfcbd,src/simulation/elements/DUST.cpp,GPL-3.0-only,,high,
2,DEFAULT_PT_WATR,WATR,Water,水,canonical,DEFAULT_PT_WATR,official_original,other,SC_LIQUID,true,official_default,main_menu:SC_LIQUID+periodic_table,main_menu:SC_LIQUID+periodic_table,1|8,H|O,other,canonical,official,always_available;stable_id_locked,official-locked,official_wiki_full+runtime_properties,The-Powder-Toy/The-Powder-Toy,bff38ce6959e1c1a7a4d17d0d5d44d127a0dfcbd,src/simulation/elements/WATR.cpp,GPL-3.0-only,docs/PERIODIC_CONTENT_LINKS.csv,high,
3,DEFAULT_PT_OIL,OIL,Oil,石油,canonical,DEFAULT_PT_OIL,official_original,official_sandbox_element,SC_LIQUID,true,official_default,main_menu:SC_LIQUID,main_menu:SC_LIQUID,,,,canonical,official,always_available;stable_id_locked,official-locked,official_wiki_full+runtime_properties,The-Powder-Toy/The-Powder-Toy,bff38ce6959e1c1a7a4d17d0d5d44d127a0dfcbd,src/simulation/elements/OIL.cpp,GPL-3.0-only,,high,
4,DEFAULT_PT_FIRE,FIRE,Fire,火焰,canonical,DEFAULT_PT_FIRE,official_original,official_sandbox_element,SC_EXPLOSIVE,true,official_default,main_menu:SC_EXPLOSIVE,main_menu:SC_EXPLOSIVE,,,,canonical,official,always_available;stable_id_locked,official-locked,official_wiki_full+runtime_properties,The-Powder-Toy/The-Powder-Toy,bff38ce6959e1c1a7a4d17d0d5d44d127a0dfcbd,src/simulation/elements/FIRE.cpp,GPL-3.0-only,,high,
5,DEFAULT_PT_STNE,STNE,Stone,石粉,canonical,DEFAULT_PT_STNE,official_original,official_sandbox_element,SC_POWDERS,true,official_default,main_menu:SC_POWDERS,main_menu:SC_POWDERS,,,,canonical,official,always_available;stable_id_locked,official-locked,official_wiki_full+runtime_properties,The-Powder-Toy/The-Powder-Toy,bff38ce6959e1c1a7a4d17d0d5d44d127a0dfcbd,src/simulation/elements/STNE.cpp,GPL-3.0-only,,high,
6,DEFAULT_PT_LAVA,LAVA,Lava,熔岩,canonical,DEFAULT_PT_LAVA,official_original,official_sandbox_element,SC_LIQUID,true,official_default,main_menu:SC_LIQUID,main_menu:SC_LIQUID,,,,canonical,official,always_available;stable_id_locked,official-locked,official_wiki_full+runtime_properties,The-Powder-Toy/The-Powder-Toy,bff38ce6959e1c1a7a4d17d0d5d44d127a0dfcbd,src/simulation/elements/LAVA.cpp,GPL-3.0-only,,high,
7,DEFAULT_PT_GUNP,GUN,Gunpowder,黑火药,canonical,DEFAULT_PT_GUNP,official_original,official_sandbox_element,SC_EXPLOSIVE,true,official_default,main_menu:SC_EXPLOSIVE,main_menu:SC_EXPLOSIVE,,,,canonical,official,always_available;stable_id_locked,official-locked,official_wiki_full+runtime_properties,The-Powder-Toy/The-Powder-Toy,bff38ce6959e1c1a7a4d17d0d5d44d127a0dfcbd,src/simulation/elements/GUNP.cpp,GPL-3.0-only,,high,
8,DEFAULT_PT_NITR,NITR,Nitroglycerin,硝化甘油,canonical,DEFAULT_PT_NITR,official_original,official_sandbox_element,SC_EXPLOSIVE,true,official_default,main_menu:SC_EXPLOSIVE,main_menu:SC_EXPLOSIVE,,,,canonical,official,always_available;stable_id_locked,official-locked,official_wiki_full+runtime_properties,The-Powder-Toy/The-Powder-Toy,bff38ce6959e1c1a7a4d17d0d5d44d127a0dfcbd,src/simulation/elements/NITR.cpp,GPL-3.0-only,,high,
9,DEFAULT_PT_CLNE,CLNE,Clone,复制体,canonical,DEFAULT_PT_CLNE,official_original,official_sandbox_element,SC_SPECIAL,true,official_default,main_menu:SC_SPECIAL,main_menu:SC_SPECIAL,,,,canonical,official,always_available;stable_id_locked,official-locked,official_wiki_full+runtime_properties,The-Powder-Toy/The-Powder-Toy,bff38ce6959e1c1a7a4d17d0d5d44d127a0dfcbd,src/simulation/elements/CLNE.cpp,GPL-3.0-only,,high,
10,DEFAULT_PT_GAS,GAS,Gas,石油气,canonical,DEFAULT_PT_GAS,official_original,official_sandbox_element,SC_GAS,true,official_default,main_menu:SC_GAS,main_menu:SC_GAS,,,,canonical,official,always_available;stable_id_locked,official-locked,official_wiki_full+runtime_properties,The-Powder-Toy/The-Powder-Toy,bff38ce6959e1c1a7a4d17d0d5d44d127a0dfcbd,src/simulation/elements/GAS.cpp,GPL-3.0-only,,high,
11,DEFAULT_PT_PLEX,C-4,C-4,C-4 塑胶炸药,canonical,DEFAULT_PT_PLEX,official_original,official_sandbox_element,SC_EXPLOSIVE,true,official_default,main_menu:SC_EXPLOSIVE,main_menu:SC_EXPLOSIVE,,,,canonical,official,always_available;stable_id_locked,official-locked,official_wiki_full+runtime_properties,The-Powder-Toy/The-Powder-Toy,bff38ce6959e1c1a7a4d17d0d5d44d127a0dfcbd,src/simulation/elements/PLEX.cpp,GPL-3.0-only,,high,
12,DEFAULT_PT_GOO,GOO,Goo,黏胶,canonical,DEFAULT_PT_GOO,official_original,official_sandbox_element,SC_SOLIDS,true,official_default,main_menu:SC_SOLIDS,main_menu:SC_SOLIDS,,,,canonical,official,always_available;stable_id_locked,official-locked,official_wiki_full+runtime_properties,The-Powder-Toy/The-Powder-Toy,bff38ce6959e1c1a7a4d17d0d5d44d127a0dfcbd,src/simulation/elements/GOO.cpp,GPL-3.0-only,,high,
13,DEFAULT_PT_ICEI,ICE,Ice,冰,canonical,DEFAULT_PT_ICEI,official_original,official_sandbox_element,SC_SOLIDS,true,official_default,main_menu:SC_SOLIDS,main_menu:SC_SOLIDS,,,,canonical,official,always_available;stable_id_locked,official-locked,official_wiki_full+runtime_properties,The-Powder-Toy/The-Powder-Toy,bff38ce6959e1c1a7a4d17d0d5d44d127a0dfcbd,src/simulation/elements/ICEI.cpp,GPL-3.0-only,,high,
14,DEFAULT_PT_METL,METL,Metal,金属,canonical,DEFAULT_PT_METL,official_original,official_sandbox_element,SC_ELEC,true,official_default,main_menu:SC_ELEC,main_menu:SC_ELEC,,,,canonical,official,always_available;stable_id_locked,official-locked,official_wiki_full+runtime_properties,The-Powder-Toy/The-Powder-Toy,bff38ce6959e1c1a7a4d17d0d5d44d127a0dfcbd,src/simulation/elements/METL.cpp,GPL-3.0-only,,high,
15,DEFAULT_PT_SPRK,SPRK,Spark,电火花,canonical,DEFAULT_PT_SPRK,official_original,official_sandbox_element,SC_ELEC,true,official_default,main_menu:SC_ELEC,main_menu:SC_ELEC,,,,canonical,official,always_available;stable_id_locked,official-locked,official_wiki_full+runtime_properties,The-Powder-Toy/The-Powder-Toy,bff38ce6959e1c1a7a4d17d0d5d44d127a0dfcbd,src/simulation/elements/SPRK.cpp,GPL-3.0-only,,high,
16,DEFAULT_PT_SNOW,SNOW,Snow,雪,canonical,DEFAULT_PT_SNOW,official_original,official_sandbox_element,SC_POWDERS,true,official_default,main_menu:SC_POWDERS,main_menu:SC_POWDERS,,,,canonical,official,always_available;stable_id_locked,official-locked,official_wiki_full+runtime_properties,The-Powder-Toy/The-Powder-Toy,bff38ce6959e1c1a7a4d17d0d5d44d127a0dfcbd,src/simulation/elements/SNOW.cpp,GPL-3.0-only,,high,
17,DEFAULT_PT_WOOD,WOOD,Wood,木材,canonical,DEFAULT_PT_WOOD,official_original,official_sandbox_element,SC_SOLIDS,true,official_default,main_menu:SC_SOLIDS,main_menu:SC_SOLIDS,,,,canonical,official,always_available;stable_id_locked,official-locked,official_wiki_full+runtime_properties,The-Powder-Toy/The-Powder-Toy,bff38ce6959e1c1a7a4d17d0d5d44d127a0dfcbd,src/simulation/elements/WOOD.cpp,GPL-3.0-only,,high,
18,DEFAULT_PT_NEUT,NEUT,Neutron,中子,canonical,DEFAULT_PT_NEUT,official_original,official_sandbox_element,SC_NUCLEAR,true,official_default,main_menu:SC_NUCLEAR,main_menu:SC_NUCLEAR,,,,canonical,official,always_available;stable_id_locked,official-locked,official_wiki_full+runtime_properties,The-Powder-Toy/The-Powder-Toy,bff38ce6959e1c1a7a4d17d0d5d44d127a0dfcbd,src/simulation/elements/NEUT.cpp,GPL-3.0-only,,high,
19,DEFAULT_PT_PLUT,PLUT,Plutonium,钚,canonical,DEFAULT_PT_PLUT,official_original,single_element,SC_NUCLEAR,true,official_default,main_menu:SC_NUCLEAR+periodic_table,main_menu:SC_NUCLEAR+periodic_table,94,Pu,element,canonical,official,always_available;stable_id_locked,official-locked,official_wiki_full+runtime_properties,The-Powder-Toy/The-Powder-Toy,bff38ce6959e1c1a7a4d17d0d5d44d127a0dfcbd,src/simulation/elements/PLUT.cpp,GPL-3.0-only,docs/PERIODIC_CONTENT_LINKS.csv,high,
20,DEFAULT_PT_PLNT,PLNT,Plant,植物,canonical,DEFAULT_PT_PLNT,official_original,official_sandbox_element,SC_SOLIDS,true,official_default,main_menu:SC_SOLIDS,main_menu:SC_SOLIDS,,,,canonical,official,always_available;stable_id_locked,official-locked,official_wiki_full+runtime_properties,The-Powder-Toy/The-Powder-Toy,bff38ce6959e1c1a7a4d17d0d5d44d127a0dfcbd,src/simulation/elements/PLNT.cpp,GPL-3.0-only,,high,
21,DEFAULT_PT_ACID,ACID,Acid,酸液,canonical,DEFAULT_PT_ACID,official_original,official_sandbox_element,SC_LIQUID,true,official_default,main_menu:SC_LIQUID,main_menu:SC_LIQUID,,,,canonical,official,always_available;stable_id_locked,official-locked,official_wiki_full+runtime_properties,The-Powder-Toy/The-Powder-Toy,bff38ce6959e1c1a7a4d17d0d5d44d127a0dfcbd,src/simulation/elements/ACID.cpp,GPL-3.0-only,,high,
22,DEFAULT_PT_VOID,VOID,Void,虚空,canonical,DEFAULT_PT_VOID,official_original,official_sandbox_element,SC_SPECIAL,true,official_default,main_menu:SC_SPECIAL,main_menu:SC_SPECIAL,,,,canonical,official,always_available;stable_id_locked,official-locked,official_wiki_full+runtime_properties,The-Powder-Toy/The-Powder-Toy,bff38ce6959e1c1a7a4d17d0d5d44d127a0dfcbd,src/simulation/elements/VOID.cpp,GPL-3.0-only,,high,
23,DEFAULT_PT_WTRV,WTRV,Water Vapor,水蒸气,canonical,DEFAULT_PT_WTRV,official_original,official_sandbox_element,SC_GAS,true,official_default,main_menu:SC_GAS,main_menu:SC_GAS,,,,canonical,official,always_available;stable_id_locked,official-locked,official_wiki_full+runtime_properties,The-Powder-Toy/The-Powder-Toy,bff38ce6959e1c1a7a4d17d0d5d44d127a0dfcbd,src/simulation/elements/WTRV.cpp,GPL-3.0-only,,high,
24,DEFAULT_PT_CNCT,CNCT,Concrete,混凝土,canonical,DEFAULT_PT_CNCT,official_original,official_sandbox_element,SC_POWDERS,true,official_default,main_menu:SC_POWDERS,main_menu:SC_POWDERS,,,,canonical,official,always_available;stable_id_locked,official-locked,official_wiki_full+runtime_properties,The-Powder-Toy/The-Powder-Toy,bff38ce6959e1c1a7a4d17d0d5d44d127a0dfcbd,src/simulation/elements/CNCT.cpp,GPL-3.0-only,,high,
25,DEFAULT_PT_DSTW,DSTW,Distilled Water,蒸馏水,canonical,DEFAULT_PT_DSTW,official_original,official_sandbox_element,SC_LIQUID,true,official_default,main_menu:SC_LIQUID,main_menu:SC_LIQUID,,,,canonical,official,always_available;stable_id_locked,official-locked,official_wiki_full+runtime_properties,The-Powder-Toy/The-Powder-Toy,bff38ce6959e1c1a7a4d17d0d5d44d127a0dfcbd,src/simulation/elements/DSTW.cpp,GPL-3.0-only,,high,
26,DEFAULT_PT_SALT,SALT,Salt,盐,canonical,DEFAULT_PT_SALT,official_original,salt,SC_POWDERS,true,official_default,main_menu:SC_POWDERS+periodic_table,main_menu:SC_POWDERS+periodic_table,11|17,Na|Cl,salt,canonical,official,always_available;stable_id_locked,official-locked,official_wiki_full+runtime_properties,The-Powder-Toy/The-Powder-Toy,bff38ce6959e1c1a7a4d17d0d5d44d127a0dfcbd,src/simulation/elements/SALT.cpp,GPL-3.0-only,docs/PERIODIC_CONTENT_LINKS.csv,high,
27,DEFAULT_PT_SLTW,SLTW,Salt Water,盐水,canonical,DEFAULT_PT_SLTW,official_original,official_sandbox_element,SC_LIQUID,true,official_default,main_menu:SC_LIQUID,main_menu:SC_LIQUID,,,,canonical,official,always_available;stable_id_locked,official-locked,official_wiki_full+runtime_properties,The-Powder-Toy/The-Powder-Toy,bff38ce6959e1c1a7a4d17d0d5d44d127a0dfcbd,src/simulation/elements/SLTW.cpp,GPL-3.0-only,,high,
28,DEFAULT_PT_DMND,DMND,Diamond,钻石,canonical,DEFAULT_PT_DMND,official_original,single_element,SC_SPECIAL,true,official_default,main_menu:SC_SPECIAL+periodic_table,main_menu:SC_SPECIAL+periodic_table,6,C,element,canonical,official,always_available;stable_id_locked,official-locked,official_wiki_full+runtime_properties,The-Powder-Toy/The-Powder-Toy,bff38ce6959e1c1a7a4d17d0d5d44d127a0dfcbd,src/simulation/elements/DMND.cpp,GPL-3.0-only,docs/PERIODIC_CONTENT_LINKS.csv,high,Upstream diamond behavior is retained as the pure-carbon allotrope mapping.
29,DEFAULT_PT_BMTL,BMTL,Breakable Metal,可破坏金属,canonical,DEFAULT_PT_BMTL,official_original,official_sandbox_element,SC_SOLIDS,true,official_default,main_menu:SC_SOLIDS,main_menu:SC_SOLIDS,,,,canonical,official,always_available;stable_id_locked,official-locked,official_wiki_full+runtime_properties,The-Powder-Toy/The-Powder-Toy,bff38ce6959e1c1a7a4d17d0d5d44d127a0dfcbd,src/simulation/elements/BMTL.cpp,GPL-3.0-only,,high,
30,DEFAULT_PT_BRMT,BRMT,Broken Metal,金属粉,canonical,DEFAULT_PT_BRMT,official_original,official_sandbox_element,SC_POWDERS,true,official_default,main_menu:SC_POWDERS,main_menu:SC_POWDERS,,,,canonical,official,always_available;stable_id_locked,official-locked,official_wiki_full+runtime_properties,The-Powder-Toy/The-Powder-Toy,bff38ce6959e1c1a7a4d17d0d5d44d127a0dfcbd,src/simulation/elements/BRMT.cpp,GPL-3.0-only,,high,Canonical implementation for the merged OMNI_PT_MSCR compatibility alias.
31,DEFAULT_PT_PHOT,PHOT,Photon,光子,canonical,DEFAULT_PT_PHOT,official_original,official_sandbox_element,SC_NUCLEAR,true,official_default,main_menu:SC_NUCLEAR,main_menu:SC_NUCLEAR,,,,canonical,official,always_available;stable_id_locked,official-locked,official_wiki_full+runtime_properties,The-Powder-Toy/The-Powder-Toy,bff38ce6959e1c1a7a4d17d0d5d44d127a0dfcbd,src/simulation/elements/PHOT.cpp,GPL-3.0-only,,high,
32,DEFAULT_PT_URAN,URAN,Uranium,铀,canonical,DEFAULT_PT_URAN,official_original,single_element,SC_NUCLEAR,true,official_default,main_menu:SC_NUCLEAR+periodic_table,main_menu:SC_NUCLEAR+periodic_table,92,U,element,canonical,official,always_available;stable_id_locked,official-locked,official_wiki_full+runtime_properties,The-Powder-Toy/The-Powder-Toy,bff38ce6959e1c1a7a4d17d0d5d44d127a0dfcbd,src/simulation/elements/URAN.cpp,GPL-3.0-only,docs/PERIODIC_CONTENT_LINKS.csv,high,
33,DEFAULT_PT_WAX,WAX,Wax,蜡,canonical,DEFAULT_PT_WAX,official_original,official_sandbox_element,SC_SOLIDS,true,official_default,main_menu:SC_SOLIDS,main_menu:SC_SOLIDS,,,,canonical,official,always_available;stable_id_locked,official-locked,official_wiki_full+runtime_properties,The-Powder-Toy/The-Powder-Toy,bff38ce6959e1c1a7a4d17d0d5d44d127a0dfcbd,src/simulation/elements/WAX.cpp,GPL-3.0-only,,high,
34,DEFAULT_PT_MWAX,MWAX,Molten Wax,熔融蜡,canonical,DEFAULT_PT_MWAX,official_original,official_sandbox_element,SC_LIQUID,true,official_default,main_menu:SC_LIQUID,main_menu:SC_LIQUID,,,,canonical,official,always_available;stable_id_locked,official-locked,official_wiki_full+runtime_properties,The-Powder-Toy/The-Powder-Toy,bff38ce6959e1c1a7a4d17d0d5d44d127a0dfcbd,src/simulation/elements/MWAX.cpp,GPL-3.0-only,,high,
35,DEFAULT_PT_PSCN,PSCN,P-Type Silicon,P 型硅,canonical,DEFAULT_PT_PSCN,official_original,official_sandbox_element,SC_ELEC,true,official_default,main_menu:SC_ELEC,main_menu:SC_ELEC,,,,canonical,official,always_available;stable_id_locked,official-locked,official_wiki_full+runtime_properties,The-Powder-Toy/The-Powder-Toy,bff38ce6959e1c1a7a4d17d0d5d44d127a0dfcbd,src/simulation/elements/PSCN.cpp,GPL-3.0-only,,high,
36,DEFAULT_PT_NSCN,NSCN,N-Type Silicon,N 型硅,canonical,DEFAULT_PT_NSCN,official_original,official_sandbox_element,SC_ELEC,true,official_default,main_menu:SC_ELEC,main_menu:SC_ELEC,,,,canonical,official,always_available;stable_id_locked,official-locked,official_wiki_full+runtime_properties,The-Powder-Toy/The-Powder-Toy,bff38ce6959e1c1a7a4d17d0d5d44d127a0dfcbd,src/simulation/elements/NSCN.cpp,GPL-3.0-only,,high,
37,DEFAULT_PT_LNTG,LN2,Liquid Nitrogen,液氮,canonical,DEFAULT_PT_LNTG,official_original,official_sandbox_element,SC_LIQUID,true,official_default,main_menu:SC_LIQUID,main_menu:SC_LIQUID,,,,canonical,official,always_available;stable_id_locked,official-locked,official_wiki_full+runtime_properties,The-Powder-Toy/The-Powder-Toy,bff38ce6959e1c1a7a4d17d0d5d44d127a0dfcbd,src/simulation/elements/LNTG.cpp,GPL-3.0-only,,high,
38,DEFAULT_PT_INSL,INSL,Insulator,绝缘体,canonical,DEFAULT_PT_INSL,official_original,official_sandbox_element,SC_ELEC,true,official_default,main_menu:SC_ELEC,main_menu:SC_ELEC,,,,canonical,official,always_available;stable_id_locked,official-locked,official_wiki_full+runtime_properties,The-Powder-Toy/The-Powder-Toy,bff38ce6959e1c1a7a4d17d0d5d44d127a0dfcbd,src/simulation/elements/INSL.cpp,GPL-3.0-only,,high,
39,DEFAULT_PT_BHOL,VACU,Vacuum,真空孔,canonical,DEFAULT_PT_BHOL,official_original,official_sandbox_element,SC_SPECIAL,true,official_default,main_menu:SC_SPECIAL,main_menu:SC_SPECIAL,,,,canonical,official,always_available;stable_id_locked,official-locked,official_wiki_full+runtime_properties,The-Powder-Toy/The-Powder-Toy,bff38ce6959e1c1a7a4d17d0d5d44d127a0dfcbd,src/simulation/elements/BHOL.cpp,GPL-3.0-only,,high,
40,DEFAULT_PT_WHOL,VENT,Vent,排气孔,canonical,DEFAULT_PT_WHOL,official_original,official_sandbox_element,SC_SPECIAL,true,official_default,main_menu:SC_SPECIAL,main_menu:SC_SPECIAL,,,,canonical,official,always_available;stable_id_locked,official-locked,official_wiki_full+runtime_properties,The-Powder-Toy/The-Powder-Toy,bff38ce6959e1c1a7a4d17d0d5d44d127a0dfcbd,src/simulation/elements/WHOL.cpp,GPL-3.0-only,,high,
41,DEFAULT_PT_RBDM,RBDM,Rubidium,铷,canonical,DEFAULT_PT_RBDM,official_original,single_element,SC_EXPLOSIVE,true,official_default,main_menu:SC_EXPLOSIVE+periodic_table,main_menu:SC_EXPLOSIVE+periodic_table,37,Rb,element,canonical,official,always_available;stable_id_locked,official-locked,official_wiki_full+runtime_properties,The-Powder-Toy/The-Powder-Toy,bff38ce6959e1c1a7a4d17d0d5d44d127a0dfcbd,src/simulation/elements/RBDM.cpp,GPL-3.0-only,docs/PERIODIC_CONTENT_LINKS.csv,high,
42,DEFAULT_PT_LRBD,LRBD,Liquid Rubidium,液态铷,canonical,DEFAULT_PT_LRBD,official_original,official_sandbox_element,SC_EXPLOSIVE,true,official_default,main_menu:SC_EXPLOSIVE,main_menu:SC_EXPLOSIVE,,,,canonical,official,always_available;stable_id_locked,official-locked,official_wiki_full+runtime_properties,The-Powder-Toy/The-Powder-Toy,bff38ce6959e1c1a7a4d17d0d5d44d127a0dfcbd,src/simulation/elements/LRBD.cpp,GPL-3.0-only,,high,
43,DEFAULT_PT_NTCT,NTCT,NTC Thermistor,负温度系数热敏电阻,canonical,DEFAULT_PT_NTCT,official_original,official_sandbox_element,SC_ELEC,true,official_default,main_menu:SC_ELEC,main_menu:SC_ELEC,,,,canonical,official,always_available;stable_id_locked,official-locked,official_wiki_full+runtime_properties,The-Powder-Toy/The-Powder-Toy,bff38ce6959e1c1a7a4d17d0d5d44d127a0dfcbd,src/simulation/elements/NTCT.cpp,GPL-3.0-only,,high,
44,DEFAULT_PT_SAND,SAND,Sand,沙,canonical,DEFAULT_PT_SAND,official_original,official_sandbox_element,SC_POWDERS,true,official_default,main_menu:SC_POWDERS,main_menu:SC_POWDERS,,,,canonical,official,always_available;stable_id_locked,official-locked,official_wiki_full+runtime_properties,The-Powder-Toy/The-Powder-Toy,bff38ce6959e1c1a7a4d17d0d5d44d127a0dfcbd,src/simulation/elements/SAND.cpp,GPL-3.0-only,,high,
45,DEFAULT_PT_GLAS,GLAS,Glass,玻璃,canonical,DEFAULT_PT_GLAS,official_original,official_sandbox_element,SC_SOLIDS,true,official_default,main_menu:SC_SOLIDS,main_menu:SC_SOLIDS,,,,canonical,official,always_available;stable_id_locked,official-locked,official_wiki_full+runtime_properties,The-Powder-Toy/The-Powder-Toy,bff38ce6959e1c1a7a4d17d0d5d44d127a0dfcbd,src/simulation/elements/GLAS.cpp,GPL-3.0-only,,high,
46,DEFAULT_PT_PTCT,PTCT,PTC Thermistor,正温度系数热敏电阻,canonical,DEFAULT_PT_PTCT,official_original,official_sandbox_element,SC_ELEC,true,official_default,main_menu:SC_ELEC,main_menu:SC_ELEC,,,,canonical,official,always_available;stable_id_locked,official-locked,official_wiki_full+runtime_properties,The-Powder-Toy/The-Powder-Toy,bff38ce6959e1c1a7a4d17d0d5d44d127a0dfcbd,src/simulation/elements/PTCT.cpp,GPL-3.0-only,,high,
47,DEFAULT_PT_BGLA,BGLA,Broken Glass,碎玻璃,canonical,DEFAULT_PT_BGLA,official_original,official_sandbox_element,SC_POWDERS,true,official_default,main_menu:SC_POWDERS,main_menu:SC_POWDERS,,,,canonical,official,always_available;stable_id_locked,official-locked,official_wiki_full+runtime_properties,The-Powder-Toy/The-Powder-Toy,bff38ce6959e1c1a7a4d17d0d5d44d127a0dfcbd,src/simulation/elements/BGLA.cpp,GPL-3.0-only,,high,
48,DEFAULT_PT_THDR,THDR,Thunder,球状闪电,canonical,DEFAULT_PT_THDR,official_original,official_sandbox_element,SC_EXPLOSIVE,true,official_default,main_menu:SC_EXPLOSIVE,main_menu:SC_EXPLOSIVE,,,,canonical,official,always_available;stable_id_locked,official-locked,official_wiki_full+runtime_properties,The-Powder-Toy/The-Powder-Toy,bff38ce6959e1c1a7a4d17d0d5d44d127a0dfcbd,src/simulation/elements/THDR.cpp,GPL-3.0-only,,high,
49,DEFAULT_PT_PLSM,PLSM,Plasma,等离子体,canonical,DEFAULT_PT_PLSM,official_original,official_sandbox_element,SC_GAS,true,official_default,main_menu:SC_GAS,main_menu:SC_GAS,,,,canonical,official,always_available;stable_id_locked,official-locked,official_wiki_full+runtime_properties,The-Powder-Toy/The-Powder-Toy,bff38ce6959e1c1a7a4d17d0d5d44d127a0dfcbd,src/simulation/elements/PLSM.cpp,GPL-3.0-only,,high,
50,DEFAULT_PT_ETRD,ETRD,Electrode,电极,canonical,DEFAULT_PT_ETRD,official_original,official_sandbox_element,SC_ELEC,true,official_default,main_menu:SC_ELEC,main_menu:SC_ELEC,,,,canonical,official,always_available;stable_id_locked,official-locked,official_wiki_full+runtime_properties,The-Powder-Toy/The-Powder-Toy,bff38ce6959e1c1a7a4d17d0d5d44d127a0dfcbd,src/simulation/elements/ETRD.cpp,GPL-3.0-only,,high,
51,DEFAULT_PT_NICE,NICE,Nitrogen Ice,固态氮,canonical,DEFAULT_PT_NICE,official_original,official_sandbox_element,SC_SOLIDS,true,official_default,main_menu:SC_SOLIDS,main_menu:SC_SOLIDS,,,,canonical,official,always_available;stable_id_locked,official-locked,official_wiki_full+runtime_properties,The-Powder-Toy/The-Powder-Toy,bff38ce6959e1c1a7a4d17d0d5d44d127a0dfcbd,src/simulation/elements/NICE.cpp,GPL-3.0-only,,high,
52,DEFAULT_PT_NBLE,NBLE,Noble Gas,稀有气体,canonical,DEFAULT_PT_NBLE,official_original,official_sandbox_element,SC_GAS,true,official_default,main_menu:SC_GAS,main_menu:SC_GAS,,,,canonical,official,always_available;stable_id_locked,official-locked,official_wiki_full+runtime_properties,The-Powder-Toy/The-Powder-Toy,bff38ce6959e1c1a7a4d17d0d5d44d127a0dfcbd,src/simulation/elements/NBLE.cpp,GPL-3.0-only,,high,
53,DEFAULT_PT_BTRY,BTRY,Battery,电池,canonical,DEFAULT_PT_BTRY,official_original,official_sandbox_element,SC_ELEC,true,official_default,main_menu:SC_ELEC,main_menu:SC_ELEC,,,,canonical,official,always_available;stable_id_locked,official-locked,official_wiki_full+runtime_properties,The-Powder-Toy/The-Powder-Toy,bff38ce6959e1c1a7a4d17d0d5d44d127a0dfcbd,src/simulation/elements/BTRY.cpp,GPL-3.0-only,,high,
54,DEFAULT_PT_LCRY,LCRY,Liquid Crystal,液晶,canonical,DEFAULT_PT_LCRY,official_original,official_sandbox_element,SC_POWERED,true,official_default,main_menu:SC_POWERED,main_menu:SC_POWERED,,,,canonical,official,always_available;stable_id_locked,official-locked,official_wiki_full+runtime_properties,The-Powder-Toy/The-Powder-Toy,bff38ce6959e1c1a7a4d17d0d5d44d127a0dfcbd,src/simulation/elements/LCRY.cpp,GPL-3.0-only,,high,
55,DEFAULT_PT_STKM,STKM,Stickman,火柴人,canonical,DEFAULT_PT_STKM,official_original,official_sandbox_element,SC_SPECIAL,true,official_default,main_menu:SC_SPECIAL,main_menu:SC_SPECIAL,,,,canonical,official,always_available;stable_id_locked,official-locked,official_wiki_full+runtime_properties,The-Powder-Toy/The-Powder-Toy,bff38ce6959e1c1a7a4d17d0d5d44d127a0dfcbd,src/simulation/elements/STKM.cpp,GPL-3.0-only,,high,
56,DEFAULT_PT_SWCH,SWCH,Switch,开关,canonical,DEFAULT_PT_SWCH,official_original,official_sandbox_element,SC_ELEC,true,official_default,main_menu:SC_ELEC,main_menu:SC_ELEC,,,,canonical,official,always_available;stable_id_locked,official-locked,official_wiki_full+runtime_properties,The-Powder-Toy/The-Powder-Toy,bff38ce6959e1c1a7a4d17d0d5d44d127a0dfcbd,src/simulation/elements/SWCH.cpp,GPL-3.0-only,,high,
57,DEFAULT_PT_SMKE,SMKE,Smoke,烟雾,canonical,DEFAULT_PT_SMKE,official_original,official_sandbox_element,SC_GAS,true,official_default,main_menu:SC_GAS,main_menu:SC_GAS,,,,canonical,official,always_available;stable_id_locked,official-locked,official_wiki_full+runtime_properties,The-Powder-Toy/The-Powder-Toy,bff38ce6959e1c1a7a4d17d0d5d44d127a0dfcbd,src/simulation/elements/SMKE.cpp,GPL-3.0-only,,high,
58,DEFAULT_PT_DESL,DESL,Diesel,柴油,canonical,DEFAULT_PT_DESL,official_original,official_sandbox_element,SC_LIQUID,true,official_default,main_menu:SC_LIQUID,main_menu:SC_LIQUID,,,,canonical,official,always_available;stable_id_locked,official-locked,official_wiki_full+runtime_properties,The-Powder-Toy/The-Powder-Toy,bff38ce6959e1c1a7a4d17d0d5d44d127a0dfcbd,src/simulation/elements/DESL.cpp,GPL-3.0-only,,high,
59,DEFAULT_PT_COAL,COAL,Coal,煤,canonical,DEFAULT_PT_COAL,official_original,official_sandbox_element,SC_SOLIDS,true,official_default,main_menu:SC_SOLIDS,main_menu:SC_SOLIDS,,,,canonical,official,always_available;stable_id_locked,official-locked,official_wiki_full+runtime_properties,The-Powder-Toy/The-Powder-Toy,bff38ce6959e1c1a7a4d17d0d5d44d127a0dfcbd,src/simulation/elements/COAL.cpp,GPL-3.0-only,,high,
60,DEFAULT_PT_LO2,LOXY,Liquid Oxygen,液氧,canonical,DEFAULT_PT_LO2,official_original,official_sandbox_element,SC_LIQUID,true,official_default,main_menu:SC_LIQUID,main_menu:SC_LIQUID,,,,canonical,official,always_available;stable_id_locked,official-locked,official_wiki_full+runtime_properties,The-Powder-Toy/The-Powder-Toy,bff38ce6959e1c1a7a4d17d0d5d44d127a0dfcbd,src/simulation/elements/LO2.cpp,GPL-3.0-only,,high,
61,DEFAULT_PT_O2,OXYG,Oxygen,氧气,canonical,DEFAULT_PT_O2,official_original,single_element,SC_GAS,true,official_default,main_menu:SC_GAS+periodic_table,main_menu:SC_GAS+periodic_table,8,O,element,canonical,official,always_available;stable_id_locked,official-locked,official_wiki_full+runtime_properties,The-Powder-Toy/The-Powder-Toy,bff38ce6959e1c1a7a4d17d0d5d44d127a0dfcbd,src/simulation/elements/O2.cpp,GPL-3.0-only,docs/PERIODIC_CONTENT_LINKS.csv,high,
62,DEFAULT_PT_INWR,INWR,Insulated Wire,绝缘导线,canonical,DEFAULT_PT_INWR,official_original,official_sandbox_element,SC_ELEC,true,official_default,main_menu:SC_ELEC,main_menu:SC_ELEC,,,,canonical,official,always_available;stable_id_locked,official-locked,official_wiki_full+runtime_properties,The-Powder-Toy/The-Powder-Toy,bff38ce6959e1c1a7a4d17d0d5d44d127a0dfcbd,src/simulation/elements/INWR.cpp,GPL-3.0-only,,high,
63,DEFAULT_PT_YEST,YEST,Yeast,酵母,canonical,DEFAULT_PT_YEST,official_original,official_sandbox_element,SC_POWDERS,true,official_default,main_menu:SC_POWDERS,main_menu:SC_POWDERS,,,,canonical,official,always_available;stable_id_locked,official-locked,official_wiki_full+runtime_properties,The-Powder-Toy/The-Powder-Toy,bff38ce6959e1c1a7a4d17d0d5d44d127a0dfcbd,src/simulation/elements/YEST.cpp,GPL-3.0-only,,high,
64,DEFAULT_PT_DYST,DYST,Dead Yeast,死酵母,canonical,DEFAULT_PT_DYST,official_original,official_sandbox_element,SC_POWDERS,false,official_default,hidden_or_runtime_only,hidden_or_runtime_only,,,,canonical,official,always_available;stable_id_locked,official-locked,official_wiki_full+runtime_properties,The-Powder-Toy/The-Powder-Toy,bff38ce6959e1c1a7a4d17d0d5d44d127a0dfcbd,src/simulation/elements/DYST.cpp,GPL-3.0-only,,high,
65,DEFAULT_PT_THRM,THRM,Thermite,铝热剂,canonical,DEFAULT_PT_THRM,official_original,official_sandbox_element,SC_EXPLOSIVE,true,official_default,main_menu:SC_EXPLOSIVE,main_menu:SC_EXPLOSIVE,,,,canonical,official,always_available;stable_id_locked,official-locked,official_wiki_full+runtime_properties,The-Powder-Toy/The-Powder-Toy,bff38ce6959e1c1a7a4d17d0d5d44d127a0dfcbd,src/simulation/elements/THRM.cpp,GPL-3.0-only,,high,
66,DEFAULT_PT_GLOW,GLOW,Glow,荧光液,canonical,DEFAULT_PT_GLOW,official_original,official_sandbox_element,SC_LIQUID,true,official_default,main_menu:SC_LIQUID,main_menu:SC_LIQUID,,,,canonical,official,always_available;stable_id_locked,official-locked,official_wiki_full+runtime_properties,The-Powder-Toy/The-Powder-Toy,bff38ce6959e1c1a7a4d17d0d5d44d127a0dfcbd,src/simulation/elements/GLOW.cpp,GPL-3.0-only,,high,
67,DEFAULT_PT_BRCK,BRCK,Brick,砖,canonical,DEFAULT_PT_BRCK,official_original,official_sandbox_element,SC_SOLIDS,true,official_default,main_menu:SC_SOLIDS,main_menu:SC_SOLIDS,,,,canonical,official,always_available;stable_id_locked,official-locked,official_wiki_full+runtime_properties,The-Powder-Toy/The-Powder-Toy,bff38ce6959e1c1a7a4d17d0d5d44d127a0dfcbd,src/simulation/elements/BRCK.cpp,GPL-3.0-only,,high,
68,DEFAULT_PT_HFLM,CFLM,Cold Flame,冷焰,canonical,DEFAULT_PT_HFLM,official_original,official_sandbox_element,SC_EXPLOSIVE,true,official_default,main_menu:SC_EXPLOSIVE,main_menu:SC_EXPLOSIVE,,,,canonical,official,always_available;stable_id_locked,official-locked,official_wiki_full+runtime_properties,The-Powder-Toy/The-Powder-Toy,bff38ce6959e1c1a7a4d17d0d5d44d127a0dfcbd,src/simulation/elements/CFLM.cpp,GPL-3.0-only,,high,
69,DEFAULT_PT_FIRW,FIRW,Firework,烟花,canonical,DEFAULT_PT_FIRW,official_original,official_sandbox_element,SC_EXPLOSIVE,true,official_default,main_menu:SC_EXPLOSIVE,main_menu:SC_EXPLOSIVE,,,,canonical,official,always_available;stable_id_locked,official-locked,official_wiki_full+runtime_properties,The-Powder-Toy/The-Powder-Toy,bff38ce6959e1c1a7a4d17d0d5d44d127a0dfcbd,src/simulation/elements/FIRW.cpp,GPL-3.0-only,,high,
70,DEFAULT_PT_FUSE,FUSE,Fuse,导火索,canonical,DEFAULT_PT_FUSE,official_original,official_sandbox_element,SC_EXPLOSIVE,true,official_default,main_menu:SC_EXPLOSIVE,main_menu:SC_EXPLOSIVE,,,,canonical,official,always_available;stable_id_locked,official-locked,official_wiki_full+runtime_properties,The-Powder-Toy/The-Powder-Toy,bff38ce6959e1c1a7a4d17d0d5d44d127a0dfcbd,src/simulation/elements/FUSE.cpp,GPL-3.0-only,,high,
71,DEFAULT_PT_FSEP,FSEP,Fuse Powder,导火索粉,canonical,DEFAULT_PT_FSEP,official_original,official_sandbox_element,SC_EXPLOSIVE,true,official_default,main_menu:SC_EXPLOSIVE,main_menu:SC_EXPLOSIVE,,,,canonical,official,always_available;stable_id_locked,official-locked,official_wiki_full+runtime_properties,The-Powder-Toy/The-Powder-Toy,bff38ce6959e1c1a7a4d17d0d5d44d127a0dfcbd,src/simulation/elements/FSEP.cpp,GPL-3.0-only,,high,
72,DEFAULT_PT_AMTR,AMTR,Antimatter,反物质,canonical,DEFAULT_PT_AMTR,official_original,official_sandbox_element,SC_NUCLEAR,true,official_default,main_menu:SC_NUCLEAR,main_menu:SC_NUCLEAR,,,,canonical,official,always_available;stable_id_locked,official-locked,official_wiki_full+runtime_properties,The-Powder-Toy/The-Powder-Toy,bff38ce6959e1c1a7a4d17d0d5d44d127a0dfcbd,src/simulation/elements/AMTR.cpp,GPL-3.0-only,,high,
73,DEFAULT_PT_BCOL,BCOL,Broken Coal,煤粉,canonical,DEFAULT_PT_BCOL,official_original,official_sandbox_element,SC_POWDERS,true,official_default,main_menu:SC_POWDERS,main_menu:SC_POWDERS,,,,canonical,official,always_available;stable_id_locked,official-locked,official_wiki_full+runtime_properties,The-Powder-Toy/The-Powder-Toy,bff38ce6959e1c1a7a4d17d0d5d44d127a0dfcbd,src/simulation/elements/BCOL.cpp,GPL-3.0-only,,high,
74,DEFAULT_PT_PCLN,PCLN,Powered Clone,可控复制体,canonical,DEFAULT_PT_PCLN,official_original,official_sandbox_element,SC_POWERED,true,official_default,main_menu:SC_POWERED,main_menu:SC_POWERED,,,,canonical,official,always_available;stable_id_locked,official-locked,official_wiki_full+runtime_properties,The-Powder-Toy/The-Powder-Toy,bff38ce6959e1c1a7a4d17d0d5d44d127a0dfcbd,src/simulation/elements/PCLN.cpp,GPL-3.0-only,,high,
75,DEFAULT_PT_HSWC,HSWC,Heat Switch,热开关,canonical,DEFAULT_PT_HSWC,official_original,official_sandbox_element,SC_POWERED,true,official_default,main_menu:SC_POWERED,main_menu:SC_POWERED,,,,canonical,official,always_available;stable_id_locked,official-locked,official_wiki_full+runtime_properties,The-Powder-Toy/The-Powder-Toy,bff38ce6959e1c1a7a4d17d0d5d44d127a0dfcbd,src/simulation/elements/HSWC.cpp,GPL-3.0-only,,high,
76,DEFAULT_PT_IRON,IRON,Iron,铁,canonical,DEFAULT_PT_IRON,official_original,single_element,SC_SOLIDS,true,official_default,main_menu:SC_SOLIDS+periodic_table,main_menu:SC_SOLIDS+periodic_table,26,Fe,element,canonical,official,always_available;stable_id_locked,official-locked,official_wiki_full+runtime_properties,The-Powder-Toy/The-Powder-Toy,bff38ce6959e1c1a7a4d17d0d5d44d127a0dfcbd,src/simulation/elements/IRON.cpp,GPL-3.0-only,docs/PERIODIC_CONTENT_LINKS.csv,high,
77,DEFAULT_PT_MORT,MORT,Steam Train,蒸汽火车,canonical,DEFAULT_PT_MORT,official_original,official_sandbox_element,SC_SPECIAL,false,official_default,hidden_or_runtime_only,hidden_or_runtime_only,,,,canonical,official,always_available;stable_id_locked,official-locked,official_wiki_full+runtime_properties,The-Powder-Toy/The-Powder-Toy,bff38ce6959e1c1a7a4d17d0d5d44d127a0dfcbd,src/simulation/elements/MORT.cpp,GPL-3.0-only,,high,
78,DEFAULT_PT_LIFE,LIFE,Game of Life,生命游戏,canonical,DEFAULT_PT_LIFE,official_original,official_sandbox_element,SC_LIFE,false,official_default,hidden_or_runtime_only,hidden_or_runtime_only,,,,canonical,official,always_available;stable_id_locked,official-locked,official_wiki_full+runtime_properties,The-Powder-Toy/The-Powder-Toy,bff38ce6959e1c1a7a4d17d0d5d44d127a0dfcbd,src/simulation/elements/LIFE.cpp,GPL-3.0-only,,high,
79,DEFAULT_PT_DLAY,DLAY,Delay,延时器,canonical,DEFAULT_PT_DLAY,official_original,official_sandbox_element,SC_POWERED,true,official_default,main_menu:SC_POWERED,main_menu:SC_POWERED,,,,canonical,official,always_available;stable_id_locked,official-locked,official_wiki_full+runtime_properties,The-Powder-Toy/The-Powder-Toy,bff38ce6959e1c1a7a4d17d0d5d44d127a0dfcbd,src/simulation/elements/DLAY.cpp,GPL-3.0-only,,high,
80,DEFAULT_PT_CO2,CO2,Carbon Dioxide,二氧化碳,canonical,DEFAULT_PT_CO2,official_original,oxide,SC_GAS,true,official_default,main_menu:SC_GAS+periodic_table,main_menu:SC_GAS+periodic_table,6|8,C|O,oxide,canonical,official,always_available;stable_id_locked,official-locked,official_wiki_full+runtime_properties,The-Powder-Toy/The-Powder-Toy,bff38ce6959e1c1a7a4d17d0d5d44d127a0dfcbd,src/simulation/elements/CO2.cpp,GPL-3.0-only,docs/PERIODIC_CONTENT_LINKS.csv,high,
81,DEFAULT_PT_DRIC,DRIC,Dry Ice,干冰,canonical,DEFAULT_PT_DRIC,official_original,official_sandbox_element,SC_SOLIDS,true,official_default,main_menu:SC_SOLIDS,main_menu:SC_SOLIDS,,,,canonical,official,always_available;stable_id_locked,official-locked,official_wiki_full+runtime_properties,The-Powder-Toy/The-Powder-Toy,bff38ce6959e1c1a7a4d17d0d5d44d127a0dfcbd,src/simulation/elements/DRIC.cpp,GPL-3.0-only,,high,
82,DEFAULT_PT_CBNW,BUBW,Carbonated Water,碳酸水,canonical,DEFAULT_PT_CBNW,official_original,official_sandbox_element,SC_LIQUID,true,official_default,main_menu:SC_LIQUID,main_menu:SC_LIQUID,,,,canonical,official,always_available;stable_id_locked,official-locked,official_wiki_full+runtime_properties,The-Powder-Toy/The-Powder-Toy,bff38ce6959e1c1a7a4d17d0d5d44d127a0dfcbd,src/simulation/elements/CBNW.cpp,GPL-3.0-only,,high,
83,DEFAULT_PT_STOR,STOR,Storage,存储器,canonical,DEFAULT_PT_STOR,official_original,official_sandbox_element,SC_POWERED,true,official_default,main_menu:SC_POWERED,main_menu:SC_POWERED,,,,canonical,official,always_available;stable_id_locked,official-locked,official_wiki_full+runtime_properties,The-Powder-Toy/The-Powder-Toy,bff38ce6959e1c1a7a4d17d0d5d44d127a0dfcbd,src/simulation/elements/STOR.cpp,GPL-3.0-only,,high,
84,DEFAULT_PT_PVOD,PVOD,Powered Void,可控虚空,canonical,DEFAULT_PT_PVOD,official_original,official_sandbox_element,SC_POWERED,true,official_default,main_menu:SC_POWERED,main_menu:SC_POWERED,,,,canonical,official,always_available;stable_id_locked,official-locked,official_wiki_full+runtime_properties,The-Powder-Toy/The-Powder-Toy,bff38ce6959e1c1a7a4d17d0d5d44d127a0dfcbd,src/simulation/elements/PVOD.cpp,GPL-3.0-only,,high,
85,DEFAULT_PT_CONV,CONV,Converter,转换器,canonical,DEFAULT_PT_CONV,official_original,official_sandbox_element,SC_SPECIAL,true,official_default,main_menu:SC_SPECIAL,main_menu:SC_SPECIAL,,,,canonical,official,always_available;stable_id_locked,official-locked,official_wiki_full+runtime_properties,The-Powder-Toy/The-Powder-Toy,bff38ce6959e1c1a7a4d17d0d5d44d127a0dfcbd,src/simulation/elements/CONV.cpp,GPL-3.0-only,,high,
86,DEFAULT_PT_CAUS,CAUS,Caustic Gas,腐蚀性气体,canonical,DEFAULT_PT_CAUS,official_original,official_sandbox_element,SC_GAS,true,official_default,main_menu:SC_GAS,main_menu:SC_GAS,,,,canonical,official,always_available;stable_id_locked,official-locked,official_wiki_full+runtime_properties,The-Powder-Toy/The-Powder-Toy,bff38ce6959e1c1a7a4d17d0d5d44d127a0dfcbd,src/simulation/elements/CAUS.cpp,GPL-3.0-only,,high,
87,DEFAULT_PT_LIGH,LIGH,Lightning,闪电,canonical,DEFAULT_PT_LIGH,official_original,official_sandbox_element,SC_EXPLOSIVE,true,official_default,main_menu:SC_EXPLOSIVE,main_menu:SC_EXPLOSIVE,,,,canonical,official,always_available;stable_id_locked,official-locked,official_wiki_full+runtime_properties,The-Powder-Toy/The-Powder-Toy,bff38ce6959e1c1a7a4d17d0d5d44d127a0dfcbd,src/simulation/elements/LIGH.cpp,GPL-3.0-only,,high,
88,DEFAULT_PT_TESC,TESC,Tesla Coil,特斯拉线圈,canonical,DEFAULT_PT_TESC,official_original,official_sandbox_element,SC_ELEC,true,official_default,main_menu:SC_ELEC,main_menu:SC_ELEC,,,,canonical,official,always_available;stable_id_locked,official-locked,official_wiki_full+runtime_properties,The-Powder-Toy/The-Powder-Toy,bff38ce6959e1c1a7a4d17d0d5d44d127a0dfcbd,src/simulation/elements/TESC.cpp,GPL-3.0-only,,high,
89,DEFAULT_PT_DEST,DEST,Destroyer,毁灭弹,canonical,DEFAULT_PT_DEST,official_original,official_sandbox_element,SC_EXPLOSIVE,true,official_default,main_menu:SC_EXPLOSIVE,main_menu:SC_EXPLOSIVE,,,,canonical,official,always_available;stable_id_locked,official-locked,official_wiki_full+runtime_properties,The-Powder-Toy/The-Powder-Toy,bff38ce6959e1c1a7a4d17d0d5d44d127a0dfcbd,src/simulation/elements/DEST.cpp,GPL-3.0-only,,high,
90,DEFAULT_PT_SPNG,SPNG,Sponge,海绵,canonical,DEFAULT_PT_SPNG,official_original,official_sandbox_element,SC_SOLIDS,true,official_default,main_menu:SC_SOLIDS,main_menu:SC_SOLIDS,,,,canonical,official,always_available;stable_id_locked,official-locked,official_wiki_full+runtime_properties,The-Powder-Toy/The-Powder-Toy,bff38ce6959e1c1a7a4d17d0d5d44d127a0dfcbd,src/simulation/elements/SPNG.cpp,GPL-3.0-only,,high,
91,DEFAULT_PT_RIME,RIME,Rime,霜,canonical,DEFAULT_PT_RIME,official_original,official_sandbox_element,SC_SOLIDS,true,official_default,main_menu:SC_SOLIDS,main_menu:SC_SOLIDS,,,,canonical,official,always_available;stable_id_locked,official-locked,official_wiki_full+runtime_properties,The-Powder-Toy/The-Powder-Toy,bff38ce6959e1c1a7a4d17d0d5d44d127a0dfcbd,src/simulation/elements/RIME.cpp,GPL-3.0-only,,high,
92,DEFAULT_PT_FOG,FOG,Fog,雾,canonical,DEFAULT_PT_FOG,official_original,official_sandbox_element,SC_GAS,true,official_default,main_menu:SC_GAS,main_menu:SC_GAS,,,,canonical,official,always_available;stable_id_locked,official-locked,official_wiki_full+runtime_properties,The-Powder-Toy/The-Powder-Toy,bff38ce6959e1c1a7a4d17d0d5d44d127a0dfcbd,src/simulation/elements/FOG.cpp,GPL-3.0-only,,high,
93,DEFAULT_PT_BCLN,BCLN,Breakable Clone,可破坏复制体,canonical,DEFAULT_PT_BCLN,official_original,official_sandbox_element,SC_SPECIAL,true,official_default,main_menu:SC_SPECIAL,main_menu:SC_SPECIAL,,,,canonical,official,always_available;stable_id_locked,official-locked,official_wiki_full+runtime_properties,The-Powder-Toy/The-Powder-Toy,bff38ce6959e1c1a7a4d17d0d5d44d127a0dfcbd,src/simulation/elements/BCLN.cpp,GPL-3.0-only,,high,
94,DEFAULT_PT_LOVE,LOVE,Love,爱心,canonical,DEFAULT_PT_LOVE,official_original,official_sandbox_element,SC_SPECIAL,false,official_default,hidden_or_runtime_only,hidden_or_runtime_only,,,,canonical,official,always_available;stable_id_locked,official-locked,official_wiki_full+runtime_properties,The-Powder-Toy/The-Powder-Toy,bff38ce6959e1c1a7a4d17d0d5d44d127a0dfcbd,src/simulation/elements/LOVE.cpp,GPL-3.0-only,,high,
95,DEFAULT_PT_DEUT,DEUT,Deuterium Oxide,重水,canonical,DEFAULT_PT_DEUT,official_original,official_sandbox_element,SC_NUCLEAR,true,official_default,main_menu:SC_NUCLEAR,main_menu:SC_NUCLEAR,,,,canonical,official,always_available;stable_id_locked,official-locked,official_wiki_full+runtime_properties,The-Powder-Toy/The-Powder-Toy,bff38ce6959e1c1a7a4d17d0d5d44d127a0dfcbd,src/simulation/elements/DEUT.cpp,GPL-3.0-only,,high,
96,DEFAULT_PT_WARP,WARP,Warp Particle,迁跃粒子,canonical,DEFAULT_PT_WARP,official_original,official_sandbox_element,SC_NUCLEAR,true,official_default,main_menu:SC_NUCLEAR,main_menu:SC_NUCLEAR,,,,canonical,official,always_available;stable_id_locked,official-locked,official_wiki_full+runtime_properties,The-Powder-Toy/The-Powder-Toy,bff38ce6959e1c1a7a4d17d0d5d44d127a0dfcbd,src/simulation/elements/WARP.cpp,GPL-3.0-only,,high,
97,DEFAULT_PT_PUMP,PUMP,Pressure Pump,压力泵,canonical,DEFAULT_PT_PUMP,official_original,official_sandbox_element,SC_POWERED,true,official_default,main_menu:SC_POWERED,main_menu:SC_POWERED,,,,canonical,official,always_available;stable_id_locked,official-locked,official_wiki_full+runtime_properties,The-Powder-Toy/The-Powder-Toy,bff38ce6959e1c1a7a4d17d0d5d44d127a0dfcbd,src/simulation/elements/PUMP.cpp,GPL-3.0-only,,high,
98,DEFAULT_PT_FWRK,FWRK,Legacy Firework,传统烟花,canonical,DEFAULT_PT_FWRK,official_original,official_sandbox_element,SC_EXPLOSIVE,true,official_default,main_menu:SC_EXPLOSIVE,main_menu:SC_EXPLOSIVE,,,,canonical,official,always_available;stable_id_locked,official-locked,official_wiki_full+runtime_properties,The-Powder-Toy/The-Powder-Toy,bff38ce6959e1c1a7a4d17d0d5d44d127a0dfcbd,src/simulation/elements/FWRK.cpp,GPL-3.0-only,,high,
99,DEFAULT_PT_PIPE,PIPE,Pipe,动力管,canonical,DEFAULT_PT_PIPE,official_original,official_sandbox_element,SC_FORCE,true,official_default,main_menu:SC_FORCE,main_menu:SC_FORCE,,,,canonical,official,always_available;stable_id_locked,official-locked,official_wiki_full+runtime_properties,The-Powder-Toy/The-Powder-Toy,bff38ce6959e1c1a7a4d17d0d5d44d127a0dfcbd,src/simulation/elements/PIPE.cpp,GPL-3.0-only,,high,
100,DEFAULT_PT_FRZZ,FRZZ,Freeze Powder,冷冻粉,canonical,DEFAULT_PT_FRZZ,official_original,official_sandbox_element,SC_POWDERS,true,official_default,main_menu:SC_POWDERS,main_menu:SC_POWDERS,,,,canonical,official,always_available;stable_id_locked,official-locked,official_wiki_full+runtime_properties,The-Powder-Toy/The-Powder-Toy,bff38ce6959e1c1a7a4d17d0d5d44d127a0dfcbd,src/simulation/elements/FRZZ.cpp,GPL-3.0-only,,high,
101,DEFAULT_PT_FRZW,FRZW,Freeze Water,冷冻水,canonical,DEFAULT_PT_FRZW,official_original,official_sandbox_element,SC_LIQUID,false,official_default,hidden_or_runtime_only,hidden_or_runtime_only,,,,canonical,official,always_available;stable_id_locked,official-locked,official_wiki_full+runtime_properties,The-Powder-Toy/The-Powder-Toy,bff38ce6959e1c1a7a4d17d0d5d44d127a0dfcbd,src/simulation/elements/FRZW.cpp,GPL-3.0-only,,high,
102,DEFAULT_PT_GRAV,GRAV,Gravity Dust,引力尘,canonical,DEFAULT_PT_GRAV,official_original,official_sandbox_element,SC_POWDERS,true,official_default,main_menu:SC_POWDERS,main_menu:SC_POWDERS,,,,canonical,official,always_available;stable_id_locked,official-locked,official_wiki_full+runtime_properties,The-Powder-Toy/The-Powder-Toy,bff38ce6959e1c1a7a4d17d0d5d44d127a0dfcbd,src/simulation/elements/GRAV.cpp,GPL-3.0-only,,high,
103,DEFAULT_PT_BIZR,BIZR,Bizarre Liquid,奇异液体,canonical,DEFAULT_PT_BIZR,official_original,official_sandbox_element,SC_LIQUID,true,official_default,main_menu:SC_LIQUID,main_menu:SC_LIQUID,,,,canonical,official,always_available;stable_id_locked,official-locked,official_wiki_full+runtime_properties,The-Powder-Toy/The-Powder-Toy,bff38ce6959e1c1a7a4d17d0d5d44d127a0dfcbd,src/simulation/elements/BIZR.cpp,GPL-3.0-only,,high,
104,DEFAULT_PT_BIZRG,BIZG,Bizarre Gas,奇异气体,canonical,DEFAULT_PT_BIZRG,official_original,official_sandbox_element,SC_GAS,false,official_default,hidden_or_runtime_only,hidden_or_runtime_only,,,,canonical,official,always_available;stable_id_locked,official-locked,official_wiki_full+runtime_properties,The-Powder-Toy/The-Powder-Toy,bff38ce6959e1c1a7a4d17d0d5d44d127a0dfcbd,src/simulation/elements/BIZRG.cpp,GPL-3.0-only,,high,
105,DEFAULT_PT_BIZRS,BIZS,Bizarre Solid,奇异固体,canonical,DEFAULT_PT_BIZRS,official_original,official_sandbox_element,SC_SOLIDS,false,official_default,hidden_or_runtime_only,hidden_or_runtime_only,,,,canonical,official,always_available;stable_id_locked,official-locked,official_wiki_full+runtime_properties,The-Powder-Toy/The-Powder-Toy,bff38ce6959e1c1a7a4d17d0d5d44d127a0dfcbd,src/simulation/elements/BIZRS.cpp,GPL-3.0-only,,high,
106,DEFAULT_PT_INST,INST,Instant Conductor,瞬时导体,canonical,DEFAULT_PT_INST,official_original,official_sandbox_element,SC_ELEC,true,official_default,main_menu:SC_ELEC,main_menu:SC_ELEC,,,,canonical,official,always_available;stable_id_locked,official-locked,official_wiki_full+runtime_properties,The-Powder-Toy/The-Powder-Toy,bff38ce6959e1c1a7a4d17d0d5d44d127a0dfcbd,src/simulation/elements/INST.cpp,GPL-3.0-only,,high,
107,DEFAULT_PT_ISOZ,ISOZ,Isotope-Z,Z 同位素,canonical,DEFAULT_PT_ISOZ,official_original,official_sandbox_element,SC_NUCLEAR,true,official_default,main_menu:SC_NUCLEAR,main_menu:SC_NUCLEAR,,,,canonical,official,always_available;stable_id_locked,official-locked,official_wiki_full+runtime_properties,The-Powder-Toy/The-Powder-Toy,bff38ce6959e1c1a7a4d17d0d5d44d127a0dfcbd,src/simulation/elements/ISOZ.cpp,GPL-3.0-only,,high,
108,DEFAULT_PT_ISZS,ISZS,Solid Isotope-Z,固态 Z 同位素,canonical,DEFAULT_PT_ISZS,official_original,official_sandbox_element,SC_NUCLEAR,true,official_default,main_menu:SC_NUCLEAR,main_menu:SC_NUCLEAR,,,,canonical,official,always_available;stable_id_locked,official-locked,official_wiki_full+runtime_properties,The-Powder-Toy/The-Powder-Toy,bff38ce6959e1c1a7a4d17d0d5d44d127a0dfcbd,src/simulation/elements/ISZS.cpp,GPL-3.0-only,,high,
109,DEFAULT_PT_PRTI,PRTI,Portal In,传送门入口,canonical,DEFAULT_PT_PRTI,official_original,official_sandbox_element,SC_SPECIAL,true,official_default,main_menu:SC_SPECIAL,main_menu:SC_SPECIAL,,,,canonical,official,always_available;stable_id_locked,official-locked,official_wiki_full+runtime_properties,The-Powder-Toy/The-Powder-Toy,bff38ce6959e1c1a7a4d17d0d5d44d127a0dfcbd,src/simulation/elements/PRTI.cpp,GPL-3.0-only,,high,
110,DEFAULT_PT_PRTO,PRTO,Portal Out,传送门出口,canonical,DEFAULT_PT_PRTO,official_original,official_sandbox_element,SC_SPECIAL,true,official_default,main_menu:SC_SPECIAL,main_menu:SC_SPECIAL,,,,canonical,official,always_available;stable_id_locked,official-locked,official_wiki_full+runtime_properties,The-Powder-Toy/The-Powder-Toy,bff38ce6959e1c1a7a4d17d0d5d44d127a0dfcbd,src/simulation/elements/PRTO.cpp,GPL-3.0-only,,high,
111,DEFAULT_PT_PSTE,PSTE,Paste,浆糊,canonical,DEFAULT_PT_PSTE,official_original,official_sandbox_element,SC_LIQUID,true,official_default,main_menu:SC_LIQUID,main_menu:SC_LIQUID,,,,canonical,official,always_available;stable_id_locked,official-locked,official_wiki_full+runtime_properties,The-Powder-Toy/The-Powder-Toy,bff38ce6959e1c1a7a4d17d0d5d44d127a0dfcbd,src/simulation/elements/PSTE.cpp,GPL-3.0-only,,high,
112,DEFAULT_PT_PSTS,PSTS,Solid Paste,固态浆糊,canonical,DEFAULT_PT_PSTS,official_original,official_sandbox_element,SC_SOLIDS,false,official_default,hidden_or_runtime_only,hidden_or_runtime_only,,,,canonical,official,always_available;stable_id_locked,official-locked,official_wiki_full+runtime_properties,The-Powder-Toy/The-Powder-Toy,bff38ce6959e1c1a7a4d17d0d5d44d127a0dfcbd,src/simulation/elements/PSTS.cpp,GPL-3.0-only,,high,
113,DEFAULT_PT_ANAR,ANAR,Anti-Air Dust,反引力尘,canonical,DEFAULT_PT_ANAR,official_original,official_sandbox_element,SC_POWDERS,true,official_default,main_menu:SC_POWDERS,main_menu:SC_POWDERS,,,,canonical,official,always_available;stable_id_locked,official-locked,official_wiki_full+runtime_properties,The-Powder-Toy/The-Powder-Toy,bff38ce6959e1c1a7a4d17d0d5d44d127a0dfcbd,src/simulation/elements/ANAR.cpp,GPL-3.0-only,,high,
114,DEFAULT_PT_VINE,VINE,Vine,藤蔓,canonical,DEFAULT_PT_VINE,official_original,official_sandbox_element,SC_SOLIDS,true,official_default,main_menu:SC_SOLIDS,main_menu:SC_SOLIDS,,,,canonical,official,always_available;stable_id_locked,official-locked,official_wiki_full+runtime_properties,The-Powder-Toy/The-Powder-Toy,bff38ce6959e1c1a7a4d17d0d5d44d127a0dfcbd,src/simulation/elements/VINE.cpp,GPL-3.0-only,,high,
115,DEFAULT_PT_INVIS,INVS,Invisible,隐形物质,canonical,DEFAULT_PT_INVIS,official_original,official_sandbox_element,SC_SENSOR,true,official_default,main_menu:SC_SENSOR,main_menu:SC_SENSOR,,,,canonical,official,always_available;stable_id_locked,official-locked,official_wiki_full+runtime_properties,The-Powder-Toy/The-Powder-Toy,bff38ce6959e1c1a7a4d17d0d5d44d127a0dfcbd,src/simulation/elements/INVIS.cpp,GPL-3.0-only,,high,
116,DEFAULT_PT_116,EQVE,Equal Velocity,等速粒子,canonical,DEFAULT_PT_116,official_original,official_sandbox_element,SC_SPECIAL,false,official_default,hidden_or_runtime_only,hidden_or_runtime_only,,,,canonical,official,always_available;stable_id_locked,official-locked,official_wiki_full+runtime_properties,The-Powder-Toy/The-Powder-Toy,bff38ce6959e1c1a7a4d17d0d5d44d127a0dfcbd,src/simulation/elements/E116.cpp,GPL-3.0-only,,high,
117,DEFAULT_PT_SPAWN2,SPWN2,Stickman 2 Spawn,火柴人 2 出生点,canonical,DEFAULT_PT_SPAWN2,official_original,official_sandbox_element,SC_SOLIDS,false,official_default,hidden_or_runtime_only,hidden_or_runtime_only,,,,canonical,official,always_available;stable_id_locked,official-locked,official_wiki_full+runtime_properties,The-Powder-Toy/The-Powder-Toy,bff38ce6959e1c1a7a4d17d0d5d44d127a0dfcbd,src/simulation/elements/SPAWN2.cpp,GPL-3.0-only,,high,
118,DEFAULT_PT_SPAWN,SPWN,Stickman Spawn,火柴人出生点,canonical,DEFAULT_PT_SPAWN,official_original,official_sandbox_element,SC_SOLIDS,false,official_default,hidden_or_runtime_only,hidden_or_runtime_only,,,,canonical,official,always_available;stable_id_locked,official-locked,official_wiki_full+runtime_properties,The-Powder-Toy/The-Powder-Toy,bff38ce6959e1c1a7a4d17d0d5d44d127a0dfcbd,src/simulation/elements/SPAWN.cpp,GPL-3.0-only,,high,
119,DEFAULT_PT_SHLD1,SHLD,Shield Level 1,一级护盾,canonical,DEFAULT_PT_SHLD1,official_original,official_sandbox_element,SC_SOLIDS,true,official_default,main_menu:SC_SOLIDS,main_menu:SC_SOLIDS,,,,canonical,official,always_available;stable_id_locked,official-locked,official_wiki_full+runtime_properties,The-Powder-Toy/The-Powder-Toy,bff38ce6959e1c1a7a4d17d0d5d44d127a0dfcbd,src/simulation/elements/SHLD1.cpp,GPL-3.0-only,,high,
120,DEFAULT_PT_SHLD2,SHD2,Shield Level 2,二级护盾,canonical,DEFAULT_PT_SHLD2,official_original,official_sandbox_element,SC_SOLIDS,false,official_default,hidden_or_runtime_only,hidden_or_runtime_only,,,,canonical,official,always_available;stable_id_locked,official-locked,official_wiki_full+runtime_properties,The-Powder-Toy/The-Powder-Toy,bff38ce6959e1c1a7a4d17d0d5d44d127a0dfcbd,src/simulation/elements/SHLD2.cpp,GPL-3.0-only,,high,
121,DEFAULT_PT_SHLD3,SHD3,Shield Level 3,三级护盾,canonical,DEFAULT_PT_SHLD3,official_original,official_sandbox_element,SC_SOLIDS,false,official_default,hidden_or_runtime_only,hidden_or_runtime_only,,,,canonical,official,always_available;stable_id_locked,official-locked,official_wiki_full+runtime_properties,The-Powder-Toy/The-Powder-Toy,bff38ce6959e1c1a7a4d17d0d5d44d127a0dfcbd,src/simulation/elements/SHLD3.cpp,GPL-3.0-only,,high,
122,DEFAULT_PT_SHLD4,SHD4,Shield Level 4,四级护盾,canonical,DEFAULT_PT_SHLD4,official_original,official_sandbox_element,SC_SOLIDS,false,official_default,hidden_or_runtime_only,hidden_or_runtime_only,,,,canonical,official,always_available;stable_id_locked,official-locked,official_wiki_full+runtime_properties,The-Powder-Toy/The-Powder-Toy,bff38ce6959e1c1a7a4d17d0d5d44d127a0dfcbd,src/simulation/elements/SHLD4.cpp,GPL-3.0-only,,high,
123,DEFAULT_PT_LOLZ,LOLZ,LOLZ,大笑图案,canonical,DEFAULT_PT_LOLZ,official_original,official_sandbox_element,SC_SPECIAL,false,official_default,hidden_or_runtime_only,hidden_or_runtime_only,,,,canonical,official,always_available;stable_id_locked,official-locked,official_wiki_full+runtime_properties,The-Powder-Toy/The-Powder-Toy,bff38ce6959e1c1a7a4d17d0d5d44d127a0dfcbd,src/simulation/elements/LOLZ.cpp,GPL-3.0-only,,high,
124,DEFAULT_PT_WIFI,WIFI,Wi-Fi,无线传输器,canonical,DEFAULT_PT_WIFI,official_original,official_sandbox_element,SC_ELEC,true,official_default,main_menu:SC_ELEC,main_menu:SC_ELEC,,,,canonical,official,always_available;stable_id_locked,official-locked,official_wiki_full+runtime_properties,The-Powder-Toy/The-Powder-Toy,bff38ce6959e1c1a7a4d17d0d5d44d127a0dfcbd,src/simulation/elements/WIFI.cpp,GPL-3.0-only,,high,
125,DEFAULT_PT_FILT,FILT,Filter,滤镜,canonical,DEFAULT_PT_FILT,official_original,official_sandbox_element,SC_SOLIDS,true,official_default,main_menu:SC_SOLIDS,main_menu:SC_SOLIDS,,,,canonical,official,always_available;stable_id_locked,official-locked,official_wiki_full+runtime_properties,The-Powder-Toy/The-Powder-Toy,bff38ce6959e1c1a7a4d17d0d5d44d127a0dfcbd,src/simulation/elements/FILT.cpp,GPL-3.0-only,,high,
126,DEFAULT_PT_ARAY,ARAY,A-Ray Emitter,A 射线发射器,canonical,DEFAULT_PT_ARAY,official_original,official_sandbox_element,SC_ELEC,true,official_default,main_menu:SC_ELEC,main_menu:SC_ELEC,,,,canonical,official,always_available;stable_id_locked,official-locked,official_wiki_full+runtime_properties,The-Powder-Toy/The-Powder-Toy,bff38ce6959e1c1a7a4d17d0d5d44d127a0dfcbd,src/simulation/elements/ARAY.cpp,GPL-3.0-only,,high,
127,DEFAULT_PT_BRAY,BRAY,Beam Ray,射线点,canonical,DEFAULT_PT_BRAY,official_original,official_sandbox_element,SC_ELEC,false,official_default,hidden_or_runtime_only,hidden_or_runtime_only,,,,canonical,official,always_available;stable_id_locked,official-locked,official_wiki_full+runtime_properties,The-Powder-Toy/The-Powder-Toy,bff38ce6959e1c1a7a4d17d0d5d44d127a0dfcbd,src/simulation/elements/BRAY.cpp,GPL-3.0-only,,high,
128,DEFAULT_PT_STKM2,STK2,Stickman 2,火柴人 2,canonical,DEFAULT_PT_STKM2,official_original,official_sandbox_element,SC_SPECIAL,true,official_default,main_menu:SC_SPECIAL,main_menu:SC_SPECIAL,,,,canonical,official,always_available;stable_id_locked,official-locked,official_wiki_full+runtime_properties,The-Powder-Toy/The-Powder-Toy,bff38ce6959e1c1a7a4d17d0d5d44d127a0dfcbd,src/simulation/elements/STKM2.cpp,GPL-3.0-only,,high,
129,DEFAULT_PT_BOMB,BOMB,Bomb,炸弹,canonical,DEFAULT_PT_BOMB,official_original,official_sandbox_element,SC_EXPLOSIVE,true,official_default,main_menu:SC_EXPLOSIVE,main_menu:SC_EXPLOSIVE,,,,canonical,official,always_available;stable_id_locked,official-locked,official_wiki_full+runtime_properties,The-Powder-Toy/The-Powder-Toy,bff38ce6959e1c1a7a4d17d0d5d44d127a0dfcbd,src/simulation/elements/BOMB.cpp,GPL-3.0-only,,high,
130,DEFAULT_PT_C5,C-5,C-5,C-5 冷冻炸药,canonical,DEFAULT_PT_C5,official_original,official_sandbox_element,SC_EXPLOSIVE,true,official_default,main_menu:SC_EXPLOSIVE,main_menu:SC_EXPLOSIVE,,,,canonical,official,always_available;stable_id_locked,official-locked,official_wiki_full+runtime_properties,The-Powder-Toy/The-Powder-Toy,bff38ce6959e1c1a7a4d17d0d5d44d127a0dfcbd,src/simulation/elements/C5.cpp,GPL-3.0-only,,high,
131,DEFAULT_PT_SING,SING,Singularity,奇点,canonical,DEFAULT_PT_SING,official_original,official_sandbox_element,SC_NUCLEAR,true,official_default,main_menu:SC_NUCLEAR,main_menu:SC_NUCLEAR,,,,canonical,official,always_available;stable_id_locked,official-locked,official_wiki_full+runtime_properties,The-Powder-Toy/The-Powder-Toy,bff38ce6959e1c1a7a4d17d0d5d44d127a0dfcbd,src/simulation/elements/SING.cpp,GPL-3.0-only,,high,
132,DEFAULT_PT_QRTZ,QRTZ,Quartz,石英,canonical,DEFAULT_PT_QRTZ,official_original,official_sandbox_element,SC_SOLIDS,true,official_default,main_menu:SC_SOLIDS,main_menu:SC_SOLIDS,,,,canonical,official,always_available;stable_id_locked,official-locked,official_wiki_full+runtime_properties,The-Powder-Toy/The-Powder-Toy,bff38ce6959e1c1a7a4d17d0d5d44d127a0dfcbd,src/simulation/elements/QRTZ.cpp,GPL-3.0-only,,high,
133,DEFAULT_PT_PQRT,PQRT,Powdered Quartz,石英粉,canonical,DEFAULT_PT_PQRT,official_original,official_sandbox_element,SC_POWDERS,true,official_default,main_menu:SC_POWDERS,main_menu:SC_POWDERS,,,,canonical,official,always_available;stable_id_locked,official-locked,official_wiki_full+runtime_properties,The-Powder-Toy/The-Powder-Toy,bff38ce6959e1c1a7a4d17d0d5d44d127a0dfcbd,src/simulation/elements/PQRT.cpp,GPL-3.0-only,,high,
134,DEFAULT_PT_EMP,EMP,Electromagnetic Pulse,电磁脉冲,canonical,DEFAULT_PT_EMP,official_original,official_sandbox_element,SC_ELEC,true,official_default,main_menu:SC_ELEC,main_menu:SC_ELEC,,,,canonical,official,always_available;stable_id_locked,official-locked,official_wiki_full+runtime_properties,The-Powder-Toy/The-Powder-Toy,bff38ce6959e1c1a7a4d17d0d5d44d127a0dfcbd,src/simulation/elements/EMP.cpp,GPL-3.0-only,,high,
135,DEFAULT_PT_BREC,BREL,Broken Electronics,破损电子元件,canonical,DEFAULT_PT_BREC,official_original,official_sandbox_element,SC_POWDERS,true,official_default,main_menu:SC_POWDERS,main_menu:SC_POWDERS,,,,canonical,official,always_available;stable_id_locked,official-locked,official_wiki_full+runtime_properties,The-Powder-Toy/The-Powder-Toy,bff38ce6959e1c1a7a4d17d0d5d44d127a0dfcbd,src/simulation/elements/BREC.cpp,GPL-3.0-only,,high,
136,DEFAULT_PT_ELEC,ELEC,Electron,电子,canonical,DEFAULT_PT_ELEC,official_original,official_sandbox_element,SC_NUCLEAR,true,official_default,main_menu:SC_NUCLEAR,main_menu:SC_NUCLEAR,,,,canonical,official,always_available;stable_id_locked,official-locked,official_wiki_full+runtime_properties,The-Powder-Toy/The-Powder-Toy,bff38ce6959e1c1a7a4d17d0d5d44d127a0dfcbd,src/simulation/elements/ELEC.cpp,GPL-3.0-only,,high,
137,DEFAULT_PT_ACEL,ACEL,Accelerator,加速器,canonical,DEFAULT_PT_ACEL,official_original,official_sandbox_element,SC_FORCE,true,official_default,main_menu:SC_FORCE,main_menu:SC_FORCE,,,,canonical,official,always_available;stable_id_locked,official-locked,official_wiki_full+runtime_properties,The-Powder-Toy/The-Powder-Toy,bff38ce6959e1c1a7a4d17d0d5d44d127a0dfcbd,src/simulation/elements/ACEL.cpp,GPL-3.0-only,,high,
138,DEFAULT_PT_DCEL,DCEL,Decelerator,减速器,canonical,DEFAULT_PT_DCEL,official_original,official_sandbox_element,SC_FORCE,true,official_default,main_menu:SC_FORCE,main_menu:SC_FORCE,,,,canonical,official,always_available;stable_id_locked,official-locked,official_wiki_full+runtime_properties,The-Powder-Toy/The-Powder-Toy,bff38ce6959e1c1a7a4d17d0d5d44d127a0dfcbd,src/simulation/elements/DCEL.cpp,GPL-3.0-only,,high,
139,DEFAULT_PT_BANG,TNT,TNT,TNT 炸药,canonical,DEFAULT_PT_BANG,official_original,official_sandbox_element,SC_EXPLOSIVE,true,official_default,main_menu:SC_EXPLOSIVE,main_menu:SC_EXPLOSIVE,,,,canonical,official,always_available;stable_id_locked,official-locked,official_wiki_full+runtime_properties,The-Powder-Toy/The-Powder-Toy,bff38ce6959e1c1a7a4d17d0d5d44d127a0dfcbd,src/simulation/elements/BANG.cpp,GPL-3.0-only,,high,
140,DEFAULT_PT_IGNT,IGNC,Ignition Cord,点火索,canonical,DEFAULT_PT_IGNT,official_original,official_sandbox_element,SC_EXPLOSIVE,true,official_default,main_menu:SC_EXPLOSIVE,main_menu:SC_EXPLOSIVE,,,,canonical,official,always_available;stable_id_locked,official-locked,official_wiki_full+runtime_properties,The-Powder-Toy/The-Powder-Toy,bff38ce6959e1c1a7a4d17d0d5d44d127a0dfcbd,src/simulation/elements/IGNT.cpp,GPL-3.0-only,,high,
141,DEFAULT_PT_BOYL,BOYL,Boyle Gas,波义耳气体,canonical,DEFAULT_PT_BOYL,official_original,official_sandbox_element,SC_GAS,true,official_default,main_menu:SC_GAS,main_menu:SC_GAS,,,,canonical,official,always_available;stable_id_locked,official-locked,official_wiki_full+runtime_properties,The-Powder-Toy/The-Powder-Toy,bff38ce6959e1c1a7a4d17d0d5d44d127a0dfcbd,src/simulation/elements/BOYL.cpp,GPL-3.0-only,,high,
142,DEFAULT_PT_GEL,GEL,Gel,凝胶,canonical,DEFAULT_PT_GEL,official_original,official_sandbox_element,SC_LIQUID,true,official_default,main_menu:SC_LIQUID,main_menu:SC_LIQUID,,,,canonical,official,always_available;stable_id_locked,official-locked,official_wiki_full+runtime_properties,The-Powder-Toy/The-Powder-Toy,bff38ce6959e1c1a7a4d17d0d5d44d127a0dfcbd,src/simulation/elements/GEL.cpp,GPL-3.0-only,,high,
143,DEFAULT_PT_TRON,TRON,Tron,智能粒子,canonical,DEFAULT_PT_TRON,official_original,official_sandbox_element,SC_SPECIAL,true,official_default,main_menu:SC_SPECIAL,main_menu:SC_SPECIAL,,,,canonical,official,always_available;stable_id_locked,official-locked,official_wiki_full+runtime_properties,The-Powder-Toy/The-Powder-Toy,bff38ce6959e1c1a7a4d17d0d5d44d127a0dfcbd,src/simulation/elements/TRON.cpp,GPL-3.0-only,,high,
144,DEFAULT_PT_TTAN,TTAN,Titanium,钛,canonical,DEFAULT_PT_TTAN,official_original,single_element,SC_SOLIDS,true,official_default,main_menu:SC_SOLIDS+periodic_table,main_menu:SC_SOLIDS+periodic_table,22,Ti,element,canonical,official,always_available;stable_id_locked,official-locked,official_wiki_full+runtime_properties,The-Powder-Toy/The-Powder-Toy,bff38ce6959e1c1a7a4d17d0d5d44d127a0dfcbd,src/simulation/elements/TTAN.cpp,GPL-3.0-only,docs/PERIODIC_CONTENT_LINKS.csv,high,
145,DEFAULT_PT_EXOT,EXOT,Exotic Matter,奇异物质,canonical,DEFAULT_PT_EXOT,official_original,official_sandbox_element,SC_NUCLEAR,true,official_default,main_menu:SC_NUCLEAR,main_menu:SC_NUCLEAR,,,,canonical,official,always_available;stable_id_locked,official-locked,official_wiki_full+runtime_properties,The-Powder-Toy/The-Powder-Toy,bff38ce6959e1c1a7a4d17d0d5d44d127a0dfcbd,src/simulation/elements/EXOT.cpp,GPL-3.0-only,,high,
147,DEFAULT_PT_EMBR,EMBR,Ember,火花,canonical,DEFAULT_PT_EMBR,official_original,official_sandbox_element,SC_EXPLOSIVE,false,official_default,hidden_or_runtime_only,hidden_or_runtime_only,,,,canonical,official,always_available;stable_id_locked,official-locked,official_wiki_full+runtime_properties,The-Powder-Toy/The-Powder-Toy,bff38ce6959e1c1a7a4d17d0d5d44d127a0dfcbd,src/simulation/elements/EMBR.cpp,GPL-3.0-only,,high,
148,DEFAULT_PT_H2,HYGN,Hydrogen,氢气,canonical,DEFAULT_PT_H2,official_original,single_element,SC_GAS,true,official_default,main_menu:SC_GAS+periodic_table,main_menu:SC_GAS+periodic_table,1,H,element,canonical,official,always_available;stable_id_locked,official-locked,official_wiki_full+runtime_properties,The-Powder-Toy/The-Powder-Toy,bff38ce6959e1c1a7a4d17d0d5d44d127a0dfcbd,src/simulation/elements/H2.cpp,GPL-3.0-only,docs/PERIODIC_CONTENT_LINKS.csv,high,
149,DEFAULT_PT_SOAP,SOAP,Soap,肥皂,canonical,DEFAULT_PT_SOAP,official_original,official_sandbox_element,SC_LIQUID,true,official_default,main_menu:SC_LIQUID,main_menu:SC_LIQUID,,,,canonical,official,always_available;stable_id_locked,official-locked,official_wiki_full+runtime_properties,The-Powder-Toy/The-Powder-Toy,bff38ce6959e1c1a7a4d17d0d5d44d127a0dfcbd,src/simulation/elements/SOAP.cpp,GPL-3.0-only,,high,
150,DEFAULT_PT_NBHL,BHOL,Black Hole,黑洞,canonical,DEFAULT_PT_NBHL,official_original,official_sandbox_element,SC_SPECIAL,true,official_default,main_menu:SC_SPECIAL,main_menu:SC_SPECIAL,,,,canonical,official,always_available;stable_id_locked,official-locked,official_wiki_full+runtime_properties,The-Powder-Toy/The-Powder-Toy,bff38ce6959e1c1a7a4d17d0d5d44d127a0dfcbd,src/simulation/elements/NBHL.cpp,GPL-3.0-only,,high,
151,DEFAULT_PT_NWHL,WHOL,White Hole,白洞,canonical,DEFAULT_PT_NWHL,official_original,official_sandbox_element,SC_SPECIAL,true,official_default,main_menu:SC_SPECIAL,main_menu:SC_SPECIAL,,,,canonical,official,always_available;stable_id_locked,official-locked,official_wiki_full+runtime_properties,The-Powder-Toy/The-Powder-Toy,bff38ce6959e1c1a7a4d17d0d5d44d127a0dfcbd,src/simulation/elements/NWHL.cpp,GPL-3.0-only,,high,
152,DEFAULT_PT_MERC,MERC,Mercury,汞,canonical,DEFAULT_PT_MERC,official_original,single_element,SC_LIQUID,true,official_default,main_menu:SC_LIQUID+periodic_table,main_menu:SC_LIQUID+periodic_table,80,Hg,element,canonical,official,always_available;stable_id_locked,official-locked,official_wiki_full+runtime_properties,The-Powder-Toy/The-Powder-Toy,bff38ce6959e1c1a7a4d17d0d5d44d127a0dfcbd,src/simulation/elements/MERC.cpp,GPL-3.0-only,docs/PERIODIC_CONTENT_LINKS.csv,high,
153,DEFAULT_PT_PBCN,PBCN,Powered Breakable Clone,可控可破坏复制体,canonical,DEFAULT_PT_PBCN,official_original,official_sandbox_element,SC_POWERED,true,official_default,main_menu:SC_POWERED,main_menu:SC_POWERED,,,,canonical,official,always_available;stable_id_locked,official-locked,official_wiki_full+runtime_properties,The-Powder-Toy/The-Powder-Toy,bff38ce6959e1c1a7a4d17d0d5d44d127a0dfcbd,src/simulation/elements/PBCN.cpp,GPL-3.0-only,,high,
154,DEFAULT_PT_GPMP,GPMP,Gravity Pump,引力泵,canonical,DEFAULT_PT_GPMP,official_original,official_sandbox_element,SC_POWERED,true,official_default,main_menu:SC_POWERED,main_menu:SC_POWERED,,,,canonical,official,always_available;stable_id_locked,official-locked,official_wiki_full+runtime_properties,The-Powder-Toy/The-Powder-Toy,bff38ce6959e1c1a7a4d17d0d5d44d127a0dfcbd,src/simulation/elements/GPMP.cpp,GPL-3.0-only,,high,
155,DEFAULT_PT_CLST,CLST,Clay Dust,黏土粉,canonical,DEFAULT_PT_CLST,official_original,official_sandbox_element,SC_POWDERS,true,official_default,main_menu:SC_POWDERS,main_menu:SC_POWDERS,,,,canonical,official,always_available;stable_id_locked,official-locked,official_wiki_full+runtime_properties,The-Powder-Toy/The-Powder-Toy,bff38ce6959e1c1a7a4d17d0d5d44d127a0dfcbd,src/simulation/elements/CLST.cpp,GPL-3.0-only,,high,
156,DEFAULT_PT_WIRE,WWLD,WireWorld Wire,WireWorld 导线,canonical,DEFAULT_PT_WIRE,official_original,official_sandbox_element,SC_ELEC,true,official_default,main_menu:SC_ELEC,main_menu:SC_ELEC,,,,canonical,official,always_available;stable_id_locked,official-locked,official_wiki_full+runtime_properties,The-Powder-Toy/The-Powder-Toy,bff38ce6959e1c1a7a4d17d0d5d44d127a0dfcbd,src/simulation/elements/WIRE.cpp,GPL-3.0-only,,high,
157,DEFAULT_PT_GBMB,GBMB,Gravity Bomb,引力炸弹,canonical,DEFAULT_PT_GBMB,official_original,official_sandbox_element,SC_FORCE,true,official_default,main_menu:SC_FORCE,main_menu:SC_FORCE,,,,canonical,official,always_available;stable_id_locked,official-locked,official_wiki_full+runtime_properties,The-Powder-Toy/The-Powder-Toy,bff38ce6959e1c1a7a4d17d0d5d44d127a0dfcbd,src/simulation/elements/GBMB.cpp,GPL-3.0-only,,high,
158,DEFAULT_PT_FIGH,FIGH,Fighter,格斗者,canonical,DEFAULT_PT_FIGH,official_original,official_sandbox_element,SC_SPECIAL,true,official_default,main_menu:SC_SPECIAL,main_menu:SC_SPECIAL,,,,canonical,official,always_available;stable_id_locked,official-locked,official_wiki_full+runtime_properties,The-Powder-Toy/The-Powder-Toy,bff38ce6959e1c1a7a4d17d0d5d44d127a0dfcbd,src/simulation/elements/FIGH.cpp,GPL-3.0-only,,high,
159,DEFAULT_PT_FRAY,FRAY,Force Ray Emitter,力射线发射器,canonical,DEFAULT_PT_FRAY,official_original,official_sandbox_element,SC_FORCE,true,official_default,main_menu:SC_FORCE,main_menu:SC_FORCE,,,,canonical,official,always_available;stable_id_locked,official-locked,official_wiki_full+runtime_properties,The-Powder-Toy/The-Powder-Toy,bff38ce6959e1c1a7a4d17d0d5d44d127a0dfcbd,src/simulation/elements/FRAY.cpp,GPL-3.0-only,,high,
160,DEFAULT_PT_RPEL,RPEL,Repeller,力场极,canonical,DEFAULT_PT_RPEL,official_original,official_sandbox_element,SC_FORCE,true,official_default,main_menu:SC_FORCE,main_menu:SC_FORCE,,,,canonical,official,always_available;stable_id_locked,official-locked,official_wiki_full+runtime_properties,The-Powder-Toy/The-Powder-Toy,bff38ce6959e1c1a7a4d17d0d5d44d127a0dfcbd,src/simulation/elements/RPEL.cpp,GPL-3.0-only,,high,
161,DEFAULT_PT_PPIP,PPIP,Powered Pipe,可控动力管,canonical,DEFAULT_PT_PPIP,official_original,official_sandbox_element,SC_POWERED,true,official_default,main_menu:SC_POWERED,main_menu:SC_POWERED,,,,canonical,official,always_available;stable_id_locked,official-locked,official_wiki_full+runtime_properties,The-Powder-Toy/The-Powder-Toy,bff38ce6959e1c1a7a4d17d0d5d44d127a0dfcbd,src/simulation/elements/PPIP.cpp,GPL-3.0-only,,high,
162,DEFAULT_PT_DTEC,DTEC,Detector,探测器,canonical,DEFAULT_PT_DTEC,official_original,official_sandbox_element,SC_SENSOR,true,official_default,main_menu:SC_SENSOR,main_menu:SC_SENSOR,,,,canonical,official,always_available;stable_id_locked,official-locked,official_wiki_full+runtime_properties,The-Powder-Toy/The-Powder-Toy,bff38ce6959e1c1a7a4d17d0d5d44d127a0dfcbd,src/simulation/elements/DTEC.cpp,GPL-3.0-only,,high,
163,DEFAULT_PT_DMG,DMG,Damage Particle,冲击粒子,canonical,DEFAULT_PT_DMG,official_original,official_sandbox_element,SC_FORCE,true,official_default,main_menu:SC_FORCE,main_menu:SC_FORCE,,,,canonical,official,always_available;stable_id_locked,official-locked,official_wiki_full+runtime_properties,The-Powder-Toy/The-Powder-Toy,bff38ce6959e1c1a7a4d17d0d5d44d127a0dfcbd,src/simulation/elements/DMG.cpp,GPL-3.0-only,,high,
164,DEFAULT_PT_TSNS,TSNS,Temperature Sensor,温度传感器,canonical,DEFAULT_PT_TSNS,official_original,official_sandbox_element,SC_SENSOR,true,official_default,main_menu:SC_SENSOR,main_menu:SC_SENSOR,,,,canonical,official,always_available;stable_id_locked,official-locked,official_wiki_full+runtime_properties,The-Powder-Toy/The-Powder-Toy,bff38ce6959e1c1a7a4d17d0d5d44d127a0dfcbd,src/simulation/elements/TSNS.cpp,GPL-3.0-only,,high,
165,DEFAULT_PT_VIBR,VIBR,Vibranium,振金,canonical,DEFAULT_PT_VIBR,official_original,official_sandbox_element,SC_NUCLEAR,true,official_default,main_menu:SC_NUCLEAR,main_menu:SC_NUCLEAR,,,,canonical,official,always_available;stable_id_locked,official-locked,official_wiki_full+runtime_properties,The-Powder-Toy/The-Powder-Toy,bff38ce6959e1c1a7a4d17d0d5d44d127a0dfcbd,src/simulation/elements/VIBR.cpp,GPL-3.0-only,,high,
166,DEFAULT_PT_BVBR,BVBR,Broken Vibranium,振金粉,canonical,DEFAULT_PT_BVBR,official_original,official_sandbox_element,SC_NUCLEAR,true,official_default,main_menu:SC_NUCLEAR,main_menu:SC_NUCLEAR,,,,canonical,official,always_available;stable_id_locked,official-locked,official_wiki_full+runtime_properties,The-Powder-Toy/The-Powder-Toy,bff38ce6959e1c1a7a4d17d0d5d44d127a0dfcbd,src/simulation/elements/BVBR.cpp,GPL-3.0-only,,high,
167,DEFAULT_PT_CRAY,CRAY,Creator Ray,粒子射线发射器,canonical,DEFAULT_PT_CRAY,official_original,official_sandbox_element,SC_ELEC,true,official_default,main_menu:SC_ELEC,main_menu:SC_ELEC,,,,canonical,official,always_available;stable_id_locked,official-locked,official_wiki_full+runtime_properties,The-Powder-Toy/The-Powder-Toy,bff38ce6959e1c1a7a4d17d0d5d44d127a0dfcbd,src/simulation/elements/CRAY.cpp,GPL-3.0-only,,high,
168,DEFAULT_PT_PSTN,PSTN,Piston,活塞,canonical,DEFAULT_PT_PSTN,official_original,official_sandbox_element,SC_FORCE,true,official_default,main_menu:SC_FORCE,main_menu:SC_FORCE,,,,canonical,official,always_available;stable_id_locked,official-locked,official_wiki_full+runtime_properties,The-Powder-Toy/The-Powder-Toy,bff38ce6959e1c1a7a4d17d0d5d44d127a0dfcbd,src/simulation/elements/PSTN.cpp,GPL-3.0-only,,high,
169,DEFAULT_PT_FRME,FRME,Frame,支架,canonical,DEFAULT_PT_FRME,official_original,official_sandbox_element,SC_FORCE,true,official_default,main_menu:SC_FORCE,main_menu:SC_FORCE,,,,canonical,official,always_available;stable_id_locked,official-locked,official_wiki_full+runtime_properties,The-Powder-Toy/The-Powder-Toy,bff38ce6959e1c1a7a4d17d0d5d44d127a0dfcbd,src/simulation/elements/FRME.cpp,GPL-3.0-only,,high,
170,DEFAULT_PT_GOLD,GOLD,Gold,金,canonical,DEFAULT_PT_GOLD,official_original,single_element,SC_SOLIDS,true,official_default,main_menu:SC_SOLIDS+periodic_table,main_menu:SC_SOLIDS+periodic_table,79,Au,element,canonical,official,always_available;stable_id_locked,official-locked,official_wiki_full+runtime_properties,The-Powder-Toy/The-Powder-Toy,bff38ce6959e1c1a7a4d17d0d5d44d127a0dfcbd,src/simulation/elements/GOLD.cpp,GPL-3.0-only,docs/PERIODIC_CONTENT_LINKS.csv,high,
171,DEFAULT_PT_TUNG,TUNG,Tungsten,钨,canonical,DEFAULT_PT_TUNG,official_original,single_element,SC_ELEC,true,official_default,main_menu:SC_ELEC+periodic_table,main_menu:SC_ELEC+periodic_table,74,W,element,canonical,official,always_available;stable_id_locked,official-locked,official_wiki_full+runtime_properties,The-Powder-Toy/The-Powder-Toy,bff38ce6959e1c1a7a4d17d0d5d44d127a0dfcbd,src/simulation/elements/TUNG.cpp,GPL-3.0-only,docs/PERIODIC_CONTENT_LINKS.csv,high,
172,DEFAULT_PT_PSNS,PSNS,Pressure Sensor,压力传感器,canonical,DEFAULT_PT_PSNS,official_original,official_sandbox_element,SC_SENSOR,true,official_default,main_menu:SC_SENSOR,main_menu:SC_SENSOR,,,,canonical,official,always_available;stable_id_locked,official-locked,official_wiki_full+runtime_properties,The-Powder-Toy/The-Powder-Toy,bff38ce6959e1c1a7a4d17d0d5d44d127a0dfcbd,src/simulation/elements/PSNS.cpp,GPL-3.0-only,,high,
173,DEFAULT_PT_PROT,PROT,Proton,质子,canonical,DEFAULT_PT_PROT,official_original,official_sandbox_element,SC_NUCLEAR,true,official_default,main_menu:SC_NUCLEAR,main_menu:SC_NUCLEAR,,,,canonical,official,always_available;stable_id_locked,official-locked,official_wiki_full+runtime_properties,The-Powder-Toy/The-Powder-Toy,bff38ce6959e1c1a7a4d17d0d5d44d127a0dfcbd,src/simulation/elements/PROT.cpp,GPL-3.0-only,,high,
174,DEFAULT_PT_VIRS,VIRS,Virus,病毒,canonical,DEFAULT_PT_VIRS,official_original,official_sandbox_element,SC_LIQUID,true,official_default,main_menu:SC_LIQUID,main_menu:SC_LIQUID,,,,canonical,official,always_available;stable_id_locked,official-locked,official_wiki_full+runtime_properties,The-Powder-Toy/The-Powder-Toy,bff38ce6959e1c1a7a4d17d0d5d44d127a0dfcbd,src/simulation/elements/VIRS.cpp,GPL-3.0-only,,high,
175,DEFAULT_PT_VRSS,VRSS,Solid Virus,固态病毒,canonical,DEFAULT_PT_VRSS,official_original,official_sandbox_element,SC_SOLIDS,false,official_default,hidden_or_runtime_only,hidden_or_runtime_only,,,,canonical,official,always_available;stable_id_locked,official-locked,official_wiki_full+runtime_properties,The-Powder-Toy/The-Powder-Toy,bff38ce6959e1c1a7a4d17d0d5d44d127a0dfcbd,src/simulation/elements/VRSS.cpp,GPL-3.0-only,,high,
176,DEFAULT_PT_VRSG,VRSG,Gas Virus,气态病毒,canonical,DEFAULT_PT_VRSG,official_original,official_sandbox_element,SC_GAS,false,official_default,hidden_or_runtime_only,hidden_or_runtime_only,,,,canonical,official,always_available;stable_id_locked,official-locked,official_wiki_full+runtime_properties,The-Powder-Toy/The-Powder-Toy,bff38ce6959e1c1a7a4d17d0d5d44d127a0dfcbd,src/simulation/elements/VRSG.cpp,GPL-3.0-only,,high,
177,DEFAULT_PT_GRVT,GRVT,Graviton,引力子,canonical,DEFAULT_PT_GRVT,official_original,official_sandbox_element,SC_NUCLEAR,true,official_default,main_menu:SC_NUCLEAR,main_menu:SC_NUCLEAR,,,,canonical,official,always_available;stable_id_locked,official-locked,official_wiki_full+runtime_properties,The-Powder-Toy/The-Powder-Toy,bff38ce6959e1c1a7a4d17d0d5d44d127a0dfcbd,src/simulation/elements/GRVT.cpp,GPL-3.0-only,,high,
178,DEFAULT_PT_DRAY,DRAY,Duplicator Ray,复制射线,canonical,DEFAULT_PT_DRAY,official_original,official_sandbox_element,SC_ELEC,true,official_default,main_menu:SC_ELEC,main_menu:SC_ELEC,,,,canonical,official,always_available;stable_id_locked,official-locked,official_wiki_full+runtime_properties,The-Powder-Toy/The-Powder-Toy,bff38ce6959e1c1a7a4d17d0d5d44d127a0dfcbd,src/simulation/elements/DRAY.cpp,GPL-3.0-only,,high,
179,DEFAULT_PT_CRMC,CRMC,Ceramic,陶瓷,canonical,DEFAULT_PT_CRMC,official_original,official_sandbox_element,SC_SOLIDS,true,official_default,main_menu:SC_SOLIDS,main_menu:SC_SOLIDS,,,,canonical,official,always_available;stable_id_locked,official-locked,official_wiki_full+runtime_properties,The-Powder-Toy/The-Powder-Toy,bff38ce6959e1c1a7a4d17d0d5d44d127a0dfcbd,src/simulation/elements/CRMC.cpp,GPL-3.0-only,,high,
180,DEFAULT_PT_HEAC,HEAC,Rapid Heat Conductor,高速导热体,canonical,DEFAULT_PT_HEAC,official_original,official_sandbox_element,SC_SOLIDS,true,official_default,main_menu:SC_SOLIDS,main_menu:SC_SOLIDS,,,,canonical,official,always_available;stable_id_locked,official-locked,official_wiki_full+runtime_properties,The-Powder-Toy/The-Powder-Toy,bff38ce6959e1c1a7a4d17d0d5d44d127a0dfcbd,src/simulation/elements/HEAC.cpp,GPL-3.0-only,,high,
181,DEFAULT_PT_SAWD,SAWD,Sawdust,锯末,canonical,DEFAULT_PT_SAWD,official_original,official_sandbox_element,SC_POWDERS,true,official_default,main_menu:SC_POWDERS,main_menu:SC_POWDERS,,,,canonical,official,always_available;stable_id_locked,official-locked,official_wiki_full+runtime_properties,The-Powder-Toy/The-Powder-Toy,bff38ce6959e1c1a7a4d17d0d5d44d127a0dfcbd,src/simulation/elements/SAWD.cpp,GPL-3.0-only,,high,
182,DEFAULT_PT_POLO,POLO,Polonium,钋,canonical,DEFAULT_PT_POLO,official_original,single_element,SC_NUCLEAR,true,official_default,main_menu:SC_NUCLEAR+periodic_table,main_menu:SC_NUCLEAR+periodic_table,84,Po,element,canonical,official,always_available;stable_id_locked,official-locked,official_wiki_full+runtime_properties,The-Powder-Toy/The-Powder-Toy,bff38ce6959e1c1a7a4d17d0d5d44d127a0dfcbd,src/simulation/elements/POLO.cpp,GPL-3.0-only,docs/PERIODIC_CONTENT_LINKS.csv,high,
183,DEFAULT_PT_RFRG,RFRG,Refrigerant Gas,气态制冷剂,canonical,DEFAULT_PT_RFRG,official_original,official_sandbox_element,SC_GAS,true,official_default,main_menu:SC_GAS,main_menu:SC_GAS,,,,canonical,official,always_available;stable_id_locked,official-locked,official_wiki_full+runtime_properties,The-Powder-Toy/The-Powder-Toy,bff38ce6959e1c1a7a4d17d0d5d44d127a0dfcbd,src/simulation/elements/RFRG.cpp,GPL-3.0-only,,high,
184,DEFAULT_PT_RFGL,RFGL,Liquid Refrigerant,液态制冷剂,canonical,DEFAULT_PT_RFGL,official_original,official_sandbox_element,SC_LIQUID,false,official_default,hidden_or_runtime_only,hidden_or_runtime_only,,,,canonical,official,always_available;stable_id_locked,official-locked,official_wiki_full+runtime_properties,The-Powder-Toy/The-Powder-Toy,bff38ce6959e1c1a7a4d17d0d5d44d127a0dfcbd,src/simulation/elements/RFGL.cpp,GPL-3.0-only,,high,
185,DEFAULT_PT_LSNS,LSNS,Life Sensor,生命值传感器,canonical,DEFAULT_PT_LSNS,official_original,official_sandbox_element,SC_SENSOR,true,official_default,main_menu:SC_SENSOR,main_menu:SC_SENSOR,,,,canonical,official,always_available;stable_id_locked,official-locked,official_wiki_full+runtime_properties,The-Powder-Toy/The-Powder-Toy,bff38ce6959e1c1a7a4d17d0d5d44d127a0dfcbd,src/simulation/elements/LSNS.cpp,GPL-3.0-only,,high,
186,DEFAULT_PT_LDTC,LDTC,Linear Detector,线性探测器,canonical,DEFAULT_PT_LDTC,official_original,official_sandbox_element,SC_SENSOR,true,official_default,main_menu:SC_SENSOR,main_menu:SC_SENSOR,,,,canonical,official,always_available;stable_id_locked,official-locked,official_wiki_full+runtime_properties,The-Powder-Toy/The-Powder-Toy,bff38ce6959e1c1a7a4d17d0d5d44d127a0dfcbd,src/simulation/elements/LDTC.cpp,GPL-3.0-only,,high,
187,DEFAULT_PT_SLCN,SLCN,Silicon Powder,硅粉,canonical,DEFAULT_PT_SLCN,official_original,single_element,SC_POWDERS,true,official_default,main_menu:SC_POWDERS+periodic_table,main_menu:SC_POWDERS+periodic_table,14,Si,element,canonical,official,always_available;stable_id_locked,official-locked,official_wiki_full+runtime_properties,The-Powder-Toy/The-Powder-Toy,bff38ce6959e1c1a7a4d17d0d5d44d127a0dfcbd,src/simulation/elements/SLCN.cpp,GPL-3.0-only,docs/PERIODIC_CONTENT_LINKS.csv,high,Upstream electrical and sparkle behavior is retained with an original bounded hot-oxygen route.
188,DEFAULT_PT_PTNM,PTNM,Platinum,铂,canonical,DEFAULT_PT_PTNM,official_original,single_element,SC_SOLIDS,true,official_default,main_menu:SC_SOLIDS+periodic_table,main_menu:SC_SOLIDS+periodic_table,78,Pt,element,canonical,official,always_available;stable_id_locked,official-locked,official_wiki_full+runtime_properties,The-Powder-Toy/The-Powder-Toy,bff38ce6959e1c1a7a4d17d0d5d44d127a0dfcbd,src/simulation/elements/PTNM.cpp,GPL-3.0-only,docs/PERIODIC_CONTENT_LINKS.csv,high,
189,DEFAULT_PT_VSNS,VSNS,Velocity Sensor,速度传感器,canonical,DEFAULT_PT_VSNS,official_original,official_sandbox_element,SC_SENSOR,true,official_default,main_menu:SC_SENSOR,main_menu:SC_SENSOR,,,,canonical,official,always_available;stable_id_locked,official-locked,official_wiki_full+runtime_properties,The-Powder-Toy/The-Powder-Toy,bff38ce6959e1c1a7a4d17d0d5d44d127a0dfcbd,src/simulation/elements/VSNS.cpp,GPL-3.0-only,,high,
190,DEFAULT_PT_ROCK,ROCK,Rock,岩石,canonical,DEFAULT_PT_ROCK,official_original,official_sandbox_element,SC_SOLIDS,true,official_default,main_menu:SC_SOLIDS,main_menu:SC_SOLIDS,,,,canonical,official,always_available;stable_id_locked,official-locked,official_wiki_full+runtime_properties,The-Powder-Toy/The-Powder-Toy,bff38ce6959e1c1a7a4d17d0d5d44d127a0dfcbd,src/simulation/elements/ROCK.cpp,GPL-3.0-only,,high,
191,DEFAULT_PT_LITH,LITH,Lithium,锂,canonical,DEFAULT_PT_LITH,official_original,single_element,SC_EXPLOSIVE,true,official_default,main_menu:SC_EXPLOSIVE+periodic_table,main_menu:SC_EXPLOSIVE+periodic_table,3,Li,element,canonical,official,always_available;stable_id_locked,official-locked,official_wiki_full+runtime_properties,The-Powder-Toy/The-Powder-Toy,bff38ce6959e1c1a7a4d17d0d5d44d127a0dfcbd,src/simulation/elements/LITH.cpp,GPL-3.0-only,docs/PERIODIC_CONTENT_LINKS.csv,high,
192,DEFAULT_PT_RSST,RSST,Resist,光刻胶,canonical,DEFAULT_PT_RSST,official_original,official_sandbox_element,SC_LIQUID,true,official_default,main_menu:SC_LIQUID,main_menu:SC_LIQUID,,,,canonical,official,always_available;stable_id_locked,official-locked,official_wiki_full+runtime_properties,The-Powder-Toy/The-Powder-Toy,bff38ce6959e1c1a7a4d17d0d5d44d127a0dfcbd,src/simulation/elements/RSST.cpp,GPL-3.0-only,,high,
193,DEFAULT_PT_RSSS,RSSS,Solid Resist,固化光刻胶,canonical,DEFAULT_PT_RSSS,official_original,official_sandbox_element,SC_SOLIDS,true,official_default,main_menu:SC_SOLIDS,main_menu:SC_SOLIDS,,,,canonical,official,always_available;stable_id_locked,official-locked,official_wiki_full+runtime_properties,The-Powder-Toy/The-Powder-Toy,bff38ce6959e1c1a7a4d17d0d5d44d127a0dfcbd,src/simulation/elements/RSSS.cpp,GPL-3.0-only,,high,
194,DEFAULT_PT_BASE,BASE,Base,碱液,canonical,DEFAULT_PT_BASE,official_original,official_sandbox_element,SC_LIQUID,true,official_default,main_menu:SC_LIQUID,main_menu:SC_LIQUID,,,,canonical,official,always_available;stable_id_locked,official-locked,official_wiki_full+runtime_properties,The-Powder-Toy/The-Powder-Toy,bff38ce6959e1c1a7a4d17d0d5d44d127a0dfcbd,src/simulation/elements/BASE.cpp,GPL-3.0-only,,high,
195,DEFAULT_PT_SEED,SEED,Seed,种子,canonical,DEFAULT_PT_SEED,official_original,official_sandbox_element,SC_POWDERS,true,official_default,main_menu:SC_POWDERS,main_menu:SC_POWDERS,,,,canonical,official,always_available;stable_id_locked,official-locked,official_wiki_full+runtime_properties,The-Powder-Toy/The-Powder-Toy,bff38ce6959e1c1a7a4d17d0d5d44d127a0dfcbd,src/simulation/elements/SEED.cpp,GPL-3.0-only,,high,
256,OMNI_PT_ALUM,ALUM,Aluminium,铝,canonical,OMNI_PT_ALUM,omnipack_material,single_element,SC_SOLIDS,true,periodic_only,periodic_table,periodic_table,13,Al,element,canonical,metallurgy,disabled_blocks_selection_and_updates;loaded_particles_preserved,partial,registry_summary+structured_catalog+runtime_properties,SeppoTPT/Seppo-s-Metallurgy-Mod-SRC,c3a8dd171a1c0fefc9a386e7e069f81d91f1514f,src/simulation/elements/ALUM.cpp,GPL-3.0-only,docs/PERIODIC_CONTENT_LINKS.csv,high,Concept registry only; independent implementation now combines metallurgy with original shared boron-group chemistry.
257,OMNI_PT_COPR,COPR,Copper,铜,canonical,OMNI_PT_COPR,omnipack_material,single_element,SC_SOLIDS,true,periodic_only,periodic_table,periodic_table,29,Cu,element,canonical,metallurgy,disabled_blocks_selection_and_updates;loaded_particles_preserved,partial,registry_summary+structured_catalog+runtime_properties,cracker1000/The-Powder-Toy,eb474d385ffb5ebd545cf9f5f3cf513ffba9fe35,src/simulation/elements/COPR.cpp,GPL-3.0-only,docs/PERIODIC_CONTENT_LINKS.csv,high,Adapted to the current API and rebalanced from Cracker COPR.cpp.
258,OMNI_PT_LEAD,LEAD,Lead,铅,canonical,OMNI_PT_LEAD,omnipack_material,single_element,SC_SOLIDS,true,periodic_only,periodic_table,periodic_table,82,Pb,element,canonical,metallurgy,disabled_blocks_selection_and_updates;loaded_particles_preserved,partial,registry_summary+structured_catalog+runtime_properties,SeppoTPT/Seppo-s-Metallurgy-Mod-SRC,c3a8dd171a1c0fefc9a386e7e069f81d91f1514f,src/simulation/elements/LEAD.cpp,GPL-3.0-only,docs/PERIODIC_CONTENT_LINKS.csv,high,Concept registry only; independent implementation now combines metallurgy with bounded carbon-group chemistry.
259,OMNI_PT_TIN,TINN,Tin,锡,canonical,OMNI_PT_TIN,omnipack_material,single_element,SC_SOLIDS,true,periodic_only,periodic_table,periodic_table,50,Sn,element,canonical,metallurgy,disabled_blocks_selection_and_updates;loaded_particles_preserved,partial,registry_summary+structured_catalog+runtime_properties,SeppoTPT/Seppo-s-Metallurgy-Mod-SRC,c3a8dd171a1c0fefc9a386e7e069f81d91f1514f,src/simulation/elements/TIN.cpp,GPL-3.0-only,docs/PERIODIC_CONTENT_LINKS.csv,high,Concept registry only; independent implementation now combines metallurgy with bounded carbon-group chemistry and tin pest.
260,OMNI_PT_NICL,NICL,Nickel,镍,canonical,OMNI_PT_NICL,omnipack_material,single_element,SC_SOLIDS,true,periodic_only,periodic_table,periodic_table,28,Ni,element,canonical,metallurgy,disabled_blocks_selection_and_updates;loaded_particles_preserved,partial,registry_summary+structured_catalog+runtime_properties,SeppoTPT/Seppo-s-Metallurgy-Mod-SRC,c3a8dd171a1c0fefc9a386e7e069f81d91f1514f,src/simulation/elements/NICL.cpp,GPL-3.0-only,docs/PERIODIC_CONTENT_LINKS.csv,high,Renamed from undefined source token NICK; independent implementation.
261,OMNI_PT_MAGN,MAGN,Magnesium,镁,canonical,OMNI_PT_MAGN,omnipack_material,single_element,SC_SOLIDS,true,periodic_only,periodic_table,periodic_table,12,Mg,element,canonical,metallurgy,disabled_blocks_selection_and_updates;loaded_particles_preserved,partial,registry_summary+structured_catalog+runtime_properties,SeppoTPT/Seppo-s-Metallurgy-Mod-SRC,c3a8dd171a1c0fefc9a386e7e069f81d91f1514f,src/simulation/elements/MAGN.cpp,GPL-3.0-only,docs/PERIODIC_CONTENT_LINKS.csv,high,Concept registry only; independent implementation because the source constructor is missing.
262,OMNI_PT_CHRM,CHRM,Chromium,铬,canonical,OMNI_PT_CHRM,omnipack_material,single_element,SC_SOLIDS,true,periodic_only,periodic_table,periodic_table,24,Cr,element,canonical,metallurgy,disabled_blocks_selection_and_updates;loaded_particles_preserved,partial,registry_summary+structured_catalog+runtime_properties,SeppoTPT/Seppo-s-Metallurgy-Mod-SRC,c3a8dd171a1c0fefc9a386e7e069f81d91f1514f,src/simulation/elements/CHRM.cpp,GPL-3.0-only,docs/PERIODIC_CONTENT_LINKS.csv,high,Renamed from undefined source token CROM; independent implementation.
263,OMNI_PT_COBT,COBT,Cobalt,钴,canonical,OMNI_PT_COBT,omnipack_material,single_element,SC_SOLIDS,true,periodic_only,periodic_table,periodic_table,27,Co,element,canonical,metallurgy,disabled_blocks_selection_and_updates;loaded_particles_preserved,partial,registry_summary+structured_catalog+runtime_properties,SeppoTPT/Seppo-s-Metallurgy-Mod-SRC,c3a8dd171a1c0fefc9a386e7e069f81d91f1514f,src/simulation/elements/COBT.cpp,GPL-3.0-only,docs/PERIODIC_CONTENT_LINKS.csv,high,Renamed from undefined source token COBA; independent implementation.
264,OMNI_PT_MOLY,MOLY,Molybdenum,钼,canonical,OMNI_PT_MOLY,omnipack_material,single_element,SC_SOLIDS,true,periodic_only,periodic_table,periodic_table,42,Mo,element,canonical,metallurgy,disabled_blocks_selection_and_updates;loaded_particles_preserved,partial,registry_summary+structured_catalog+runtime_properties,SeppoTPT/Seppo-s-Metallurgy-Mod-SRC,c3a8dd171a1c0fefc9a386e7e069f81d91f1514f,src/simulation/elements/MOLY.cpp,GPL-3.0-only,docs/PERIODIC_CONTENT_LINKS.csv,high,Renamed from undefined source token MLYB; independent implementation.
265,OMNI_PT_ZINC,ZINC,Zinc,锌,canonical,OMNI_PT_ZINC,omnipack_material,single_element,SC_SOLIDS,true,periodic_only,periodic_table,periodic_table,30,Zn,element,canonical,metallurgy,disabled_blocks_selection_and_updates;loaded_particles_preserved,compatible,registry_summary+structured_catalog+runtime_properties,TPT-ZH-OmniPack/original,aeba92d553932a4c3f214457b4f6fe38ea039add,src/simulation/elements/ZINC.cpp,GPL-3.0-only,docs/PERIODIC_CONTENT_LINKS.csv,high,Original implementation; no audited source mod provided a zinc element.
266,OMNI_PT_CHRC,CHRC,Charcoal,木炭,canonical,OMNI_PT_CHRC,omnipack_material,engineering,SC_POWDERS,true,alloy_menu,material_library:alloy_engineering,material_library:alloy_engineering+periodic_table,6,C,engineering,canonical,metallurgy,disabled_blocks_selection_and_updates;loaded_particles_preserved,partial,registry_summary+structured_catalog+runtime_properties,SeppoTPT/Seppo-s-Metallurgy-Mod-SRC,c3a8dd171a1c0fefc9a386e7e069f81d91f1514f,src/simulation/elements/CHRC.cpp,GPL-3.0-only,docs/ELEMENT_CONTENT.csv,medium,WOOD reaction concept only; independent bounded implementation.
267,OMNI_PT_COKE,COKE,Coke,焦炭,canonical,OMNI_PT_COKE,omnipack_material,engineering,SC_POWDERS,true,alloy_menu,material_library:alloy_engineering,material_library:alloy_engineering+periodic_table,6,C,engineering,canonical,metallurgy,disabled_blocks_selection_and_updates;loaded_particles_preserved,compatible,registry_summary+structured_catalog+runtime_properties,TPT-ZH-OmniPack/original,aeba92d553932a4c3f214457b4f6fe38ea039add,src/simulation/elements/COKE.cpp,GPL-3.0-only,docs/ELEMENT_CONTENT.csv,medium,Original unambiguous design; ambiguous Seppo COCH and COCA were excluded.
268,OMNI_PT_STEL,STEL,Steel,钢,canonical,OMNI_PT_STEL,omnipack_material,alloy,SC_SOLIDS,true,alloy_menu,material_library:alloy_engineering,material_library:alloy_engineering+periodic_table,6|26,C|Fe,alloy,canonical,metallurgy,disabled_blocks_selection_and_updates;loaded_particles_preserved,partial,registry_summary+structured_catalog+runtime_properties,SeppoTPT/Seppo-s-Metallurgy-Mod-SRC,c3a8dd171a1c0fefc9a386e7e069f81d91f1514f,src/simulation/elements/STEL.cpp,GPL-3.0-only,src/simulation/OmniMetallurgy.cpp,high,Reaction concept retained; implementation and balanced recipe are independent.
269,OMNI_PT_BRNZ,BRNZ,Bronze,青铜,canonical,OMNI_PT_BRNZ,omnipack_material,alloy,SC_SOLIDS,true,alloy_menu,material_library:alloy_engineering,material_library:alloy_engineering+periodic_table,29|50,Cu|Sn,alloy,canonical,metallurgy,disabled_blocks_selection_and_updates;loaded_particles_preserved,partial,registry_summary+structured_catalog+runtime_properties,SeppoTPT/Seppo-s-Metallurgy-Mod-SRC,c3a8dd171a1c0fefc9a386e7e069f81d91f1514f,src/simulation/elements/BRNZ.cpp,GPL-3.0-only,src/simulation/OmniMetallurgy.cpp,high,Source contained a registry token only; recipe is independently implemented.
270,OMNI_PT_BRAS,BRAS,Brass,黄铜,canonical,OMNI_PT_BRAS,omnipack_material,alloy,SC_SOLIDS,true,alloy_menu,material_library:alloy_engineering,material_library:alloy_engineering+periodic_table,29|30,Cu|Zn,alloy,canonical,metallurgy,disabled_blocks_selection_and_updates;loaded_particles_preserved,compatible,registry_summary+structured_catalog+runtime_properties,TPT-ZH-OmniPack/original,aeba92d553932a4c3f214457b4f6fe38ea039add,src/simulation/elements/BRAS.cpp,GPL-3.0-only,src/simulation/OmniMetallurgy.cpp,high,Original implementation and recipe.
271,OMNI_PT_SSIL,SSIL,Stainless Steel,不锈钢,canonical,OMNI_PT_SSIL,omnipack_material,alloy,SC_SOLIDS,true,alloy_menu,material_library:alloy_engineering,material_library:alloy_engineering+periodic_table,24|26|28,Cr|Fe|Ni,alloy,canonical,metallurgy,disabled_blocks_selection_and_updates;loaded_particles_preserved,compatible,registry_summary+structured_catalog+runtime_properties,TPT-ZH-OmniPack/original,aeba92d553932a4c3f214457b4f6fe38ea039add,src/simulation/elements/SSIL.cpp,GPL-3.0-only,src/simulation/OmniMetallurgy.cpp,high,Original implementation; Seppo TTSL is titanium steel and was not reused.
272,OMNI_PT_NCRM,NCRM,Nichrome,镍铬合金,canonical,OMNI_PT_NCRM,omnipack_material,alloy,SC_SOLIDS,true,alloy_menu,material_library:alloy_engineering,material_library:alloy_engineering+periodic_table,24|28,Cr|Ni,alloy,canonical,metallurgy,disabled_blocks_selection_and_updates;loaded_particles_preserved,compatible,registry_summary+structured_catalog+runtime_properties,TPT-ZH-OmniPack/original,aeba92d553932a4c3f214457b4f6fe38ea039add,src/simulation/elements/NCRM.cpp,GPL-3.0-only,src/simulation/OmniMetallurgy.cpp,high,Original implementation and electrical heating behavior.
273,OMNI_PT_ALMG,ALMG,Aluminium-Magnesium Alloy,铝镁合金,canonical,OMNI_PT_ALMG,omnipack_material,alloy,SC_SOLIDS,true,alloy_menu,material_library:alloy_engineering,material_library:alloy_engineering+periodic_table,12|13,Mg|Al,alloy,canonical,metallurgy,disabled_blocks_selection_and_updates;loaded_particles_preserved,compatible,registry_summary+structured_catalog+runtime_properties,TPT-ZH-OmniPack/original,aeba92d553932a4c3f214457b4f6fe38ea039add,src/simulation/elements/ALMG.cpp,GPL-3.0-only,src/simulation/OmniMetallurgy.cpp,high,Original implementation; undefined Seppo MAGX was not copied.
274,OMNI_PT_TSTL,TSTL,Tool Steel,工具钢,canonical,OMNI_PT_TSTL,omnipack_material,alloy,SC_SOLIDS,true,alloy_menu,material_library:alloy_engineering,material_library:alloy_engineering+periodic_table,6|26|27|42,C|Fe|Co|Mo,alloy,canonical,metallurgy,disabled_blocks_selection_and_updates;loaded_particles_preserved,compatible,registry_summary+structured_catalog+runtime_properties,TPT-ZH-OmniPack/original,aeba92d553932a4c3f214457b4f6fe38ea039add,src/simulation/elements/TSTL.cpp,GPL-3.0-only,src/simulation/OmniMetallurgy.cpp,high,Original cobalt-molybdenum tool-steel design.
275,OMNI_PT_SLAG,SLAG,Slag,炉渣,canonical,OMNI_PT_SLAG,omnipack_material,engineering,SC_POWDERS,true,alloy_menu,material_library:alloy_engineering,material_library:alloy_engineering+periodic_table,8|14|20|26,O|Si|Ca|Fe,engineering,canonical,metallurgy,disabled_blocks_selection_and_updates;loaded_particles_preserved,compatible,registry_summary+structured_catalog+runtime_properties,TPT-ZH-OmniPack/original,aeba92d553932a4c3f214457b4f6fe38ea039add,src/simulation/elements/SLAG.cpp,GPL-3.0-only,src/simulation/OmniMetallurgy.cpp,medium,Original process by-product with an explicit production route.
276,OMNI_PT_FLUX,FLUX,Flux,助熔剂,canonical,OMNI_PT_FLUX,omnipack_material,engineering,SC_POWDERS,true,alloy_menu,material_library:alloy_engineering,material_library:alloy_engineering+periodic_table,8|9|14|20,O|F|Si|Ca,engineering,canonical,metallurgy,disabled_blocks_selection_and_updates;loaded_particles_preserved,compatible,registry_summary+structured_catalog+runtime_properties,TPT-ZH-OmniPack/original,aeba92d553932a4c3f214457b4f6fe38ea039add,src/simulation/elements/FLUX.cpp,GPL-3.0-only,docs/ELEMENT_CONTENT.csv,medium,Original process material.
277,OMNI_PT_CRUC,CRUC,Industrial Crucible,工业坩埚,canonical,OMNI_PT_CRUC,omnipack_material,ceramic,SC_SOLIDS,true,alloy_menu,material_library:alloy_engineering,material_library:alloy_engineering+periodic_table,8|13|14,O|Al|Si,ceramic,canonical,metallurgy,disabled_blocks_selection_and_updates;loaded_particles_preserved,partial,registry_summary+structured_catalog+runtime_properties,SeppoTPT/Seppo-s-Metallurgy-Mod-SRC,c3a8dd171a1c0fefc9a386e7e069f81d91f1514f,src/simulation/elements/CRUC.cpp,GPL-3.0-only,docs/ELEMENT_CONTENT.csv,medium,Source token CRUC had no constructor; implementation is independent.
278,OMNI_PT_MSCR,MSCR,Metal Scrap,金属碎料,compatibility_alias,DEFAULT_PT_BRMT,compatibility_alias,compatibility_alias,SC_POWDERS,false,hidden,hidden_or_runtime_only,hidden_or_runtime_only,,,,alias_of:DEFAULT_PT_BRMT,metallurgy,not_selectable;legacy_particle_preserved;module_enabled_migration,migratable,compatibility_record+runtime_properties,TPT-ZH-OmniPack/original,aeba92d553932a4c3f214457b4f6fe38ea039add,src/simulation/elements/MSCR.cpp,GPL-3.0-only,,high,Compatibility-only alias; canonical gameplay is DEFAULT_PT_BRMT and stable ID 278 must never be reused.
288,OMNI_PT_NUTR,NUTR,Nutrient Salt,营养盐,canonical,OMNI_PT_NUTR,omnipack_material,ecology_material,SC_POWDERS,true,preserve_existing,main_menu:SC_POWDERS,main_menu:SC_POWDERS,,,,canonical,biology,disabled_blocks_selection_and_updates;loaded_particles_preserved,compatible,registry_summary+structured_catalog+runtime_properties,TPT-ZH-OmniPack/original,122b5b39df8704f1e33334dbea61ba838690d089,src/simulation/elements/NUTR.cpp,GPL-3.0-only,,high,Original local ecology input.
289,OMNI_PT_ALGA,ALGA,Algae,藻类,canonical,OMNI_PT_ALGA,omnipack_material,ecology_material,SC_LIQUID,true,preserve_existing,main_menu:SC_LIQUID,main_menu:SC_LIQUID,,,,canonical,biology,disabled_blocks_selection_and_updates;loaded_particles_preserved,compatible,registry_summary+structured_catalog+runtime_properties,TPT-ZH-OmniPack/original,122b5b39df8704f1e33334dbea61ba838690d089,src/simulation/elements/ALGA.cpp,GPL-3.0-only,,high,Original bounded photosynthesis approximation.
290,OMNI_PT_MYCL,MYCL,Mycelium,菌丝,canonical,OMNI_PT_MYCL,omnipack_material,ecology_material,SC_SOLIDS,true,preserve_existing,main_menu:SC_SOLIDS,main_menu:SC_SOLIDS,,,,canonical,biology,disabled_blocks_selection_and_updates;loaded_particles_preserved,compatible,registry_summary+structured_catalog+runtime_properties,TPT-ZH-OmniPack/original,122b5b39df8704f1e33334dbea61ba838690d089,src/simulation/elements/MYCL.cpp,GPL-3.0-only,,high,Original bounded decomposition loop.
291,OMNI_PT_SPOR,SPOR,Spore,孢子,canonical,OMNI_PT_SPOR,omnipack_material,ecology_material,SC_POWDERS,true,preserve_existing,main_menu:SC_POWDERS,main_menu:SC_POWDERS,,,,canonical,biology,disabled_blocks_selection_and_updates;loaded_particles_preserved,compatible,registry_summary+structured_catalog+runtime_properties,TPT-ZH-OmniPack/original,122b5b39df8704f1e33334dbea61ba838690d089,src/simulation/elements/SPOR.cpp,GPL-3.0-only,,high,Original bounded germination loop.
292,OMNI_PT_PATH,PATH,Pathogen,病原体,canonical,OMNI_PT_PATH,omnipack_material,ecology_material,SC_LIQUID,true,preserve_existing,main_menu:SC_LIQUID,main_menu:SC_LIQUID,,,,canonical,biology,disabled_blocks_selection_and_updates;loaded_particles_preserved,compatible,registry_summary+structured_catalog+runtime_properties,TPT-ZH-OmniPack/original,122b5b39df8704f1e33334dbea61ba838690d089,src/simulation/elements/PATH.cpp,GPL-3.0-only,,high,Original bounded infection mechanic.
293,OMNI_PT_STER,STER,Sterilant,消毒剂,canonical,OMNI_PT_STER,omnipack_material,ecology_material,SC_POWDERS,true,preserve_existing,main_menu:SC_POWDERS,main_menu:SC_POWDERS,,,,canonical,biology,disabled_blocks_selection_and_updates;loaded_particles_preserved,compatible,registry_summary+structured_catalog+runtime_properties,TPT-ZH-OmniPack/original,122b5b39df8704f1e33334dbea61ba838690d089,src/simulation/elements/STER.cpp,GPL-3.0-only,,high,Original local treatment mechanic.
294,OMNI_PT_HUMS,HUMS,Humus,腐殖质,canonical,OMNI_PT_HUMS,omnipack_material,ecology_material,SC_POWDERS,true,preserve_existing,main_menu:SC_POWDERS,main_menu:SC_POWDERS,,,,canonical,biology,disabled_blocks_selection_and_updates;loaded_particles_preserved,compatible,registry_summary+structured_catalog+runtime_properties,TPT-ZH-OmniPack/original,122b5b39df8704f1e33334dbea61ba838690d089,src/simulation/elements/HUMS.cpp,GPL-3.0-only,,high,Original stable biological by-product.
295,OMNI_PT_BIOF,BIOF,Biofilm,生物膜,canonical,OMNI_PT_BIOF,omnipack_material,ecology_material,SC_SOLIDS,true,preserve_existing,main_menu:SC_SOLIDS,main_menu:SC_SOLIDS,,,,canonical,biology,disabled_blocks_selection_and_updates;loaded_particles_preserved,compatible,registry_summary+structured_catalog+runtime_properties,TPT-ZH-OmniPack/original,122b5b39df8704f1e33334dbea61ba838690d089,src/simulation/elements/BIOF.cpp,GPL-3.0-only,,high,Original bounded biological filter.
328,OMNI_PT_NFUL,NFUL,Reactor Fuel,反应堆燃料,canonical,OMNI_PT_NFUL,omnipack_material,nuclear_device,SC_NUCLEAR,true,existing_dedicated_menu,main_menu:SC_NUCLEAR,main_menu:SC_NUCLEAR,,,,canonical,nuclear,disabled_blocks_selection_and_updates;loaded_particles_preserved,compatible,registry_summary+structured_catalog+runtime_properties,TPT-ZH-OmniPack/original,25a43eccf5b9b825ec373740377c6b05a7d58e7f,src/simulation/elements/NFUL.cpp,GPL-3.0-only,,high,Original bounded reactor fuel rule; no upstream nuclear state machine copied.
329,OMNI_PT_MODR,MODR,Moderator,慢化剂,canonical,OMNI_PT_MODR,omnipack_material,nuclear_device,SC_NUCLEAR,true,existing_dedicated_menu,main_menu:SC_NUCLEAR,main_menu:SC_NUCLEAR,,,,canonical,nuclear,disabled_blocks_selection_and_updates;loaded_particles_preserved,compatible,registry_summary+structured_catalog+runtime_properties,TPT-ZH-OmniPack/original,25a43eccf5b9b825ec373740377c6b05a7d58e7f,src/simulation/elements/MODR.cpp,GPL-3.0-only,,high,Original bounded moderation condition.
330,OMNI_PT_CROD,CROD,Control Rod,控制棒,canonical,OMNI_PT_CROD,omnipack_material,nuclear_device,SC_NUCLEAR,true,existing_dedicated_menu,main_menu:SC_NUCLEAR,main_menu:SC_NUCLEAR,,,,canonical,nuclear,disabled_blocks_selection_and_updates;loaded_particles_preserved,compatible,registry_summary+structured_catalog+runtime_properties,TPT-ZH-OmniPack/original,25a43eccf5b9b825ec373740377c6b05a7d58e7f,src/simulation/elements/CROD.cpp,GPL-3.0-only,,high,Original local reactor control condition.
331,OMNI_PT_NCLT,NCLT,Reactor Coolant,反应堆冷却剂,canonical,OMNI_PT_NCLT,omnipack_material,nuclear_device,SC_NUCLEAR,true,existing_dedicated_menu,main_menu:SC_NUCLEAR,main_menu:SC_NUCLEAR,,,,canonical,nuclear,disabled_blocks_selection_and_updates;loaded_particles_preserved,compatible,registry_summary+structured_catalog+runtime_properties,TPT-ZH-OmniPack/original,25a43eccf5b9b825ec373740377c6b05a7d58e7f,src/simulation/elements/NCLT.cpp,GPL-3.0-only,,high,Original bounded coolant-to-steam route.
332,OMNI_PT_NWST,NWST,Nuclear Waste,核废料,canonical,OMNI_PT_NWST,omnipack_material,nuclear_device,SC_NUCLEAR,true,existing_dedicated_menu,main_menu:SC_NUCLEAR,main_menu:SC_NUCLEAR,,,,canonical,nuclear,disabled_blocks_selection_and_updates;loaded_particles_preserved,compatible,registry_summary+structured_catalog+runtime_properties,TPT-ZH-OmniPack/original,25a43eccf5b9b825ec373740377c6b05a7d58e7f,src/simulation/elements/NWST.cpp,GPL-3.0-only,,high,Original bounded reactor by-product.
333,OMNI_PT_NGEN,NGEN,Neutron Generator,中子发生器,canonical,OMNI_PT_NGEN,omnipack_material,nuclear_device,SC_NUCLEAR,true,existing_dedicated_menu,main_menu:SC_NUCLEAR,main_menu:SC_NUCLEAR,,,,canonical,nuclear,disabled_blocks_selection_and_updates;loaded_particles_preserved,compatible,registry_summary+structured_catalog+runtime_properties,TPT-ZH-OmniPack/original,25a43eccf5b9b825ec373740377c6b05a7d58e7f,src/simulation/elements/NGEN.cpp,GPL-3.0-only,,high,Original bounded triggered neutron source.
334,OMNI_PT_RSHD,RSHD,Radiation Shield,辐射屏蔽体,canonical,OMNI_PT_RSHD,omnipack_material,nuclear_device,SC_NUCLEAR,true,existing_dedicated_menu,main_menu:SC_NUCLEAR,main_menu:SC_NUCLEAR,,,,canonical,nuclear,disabled_blocks_selection_and_updates;loaded_particles_preserved,compatible,registry_summary+structured_catalog+runtime_properties,TPT-ZH-OmniPack/original,25a43eccf5b9b825ec373740377c6b05a7d58e7f,src/simulation/elements/RSHD.cpp,GPL-3.0-only,,high,Original bounded local neutron sink.
360,OMNI_PT_CHLR,CHLR,Chlorine,氯气,canonical,OMNI_PT_CHLR,omnipack_material,single_element,SC_GAS,true,periodic_only,periodic_table,periodic_table,17,Cl,element,canonical,chemistry,disabled_blocks_selection_and_updates;loaded_particles_preserved,partial,registry_summary+structured_catalog+runtime_properties,cracker1000/The-Powder-Toy,ebbb9aab6aef27d26517682cebbc0a07147a843a,src/simulation/elements/CHLR.cpp,GPL-3.0-only,docs/PERIODIC_CONTENT_LINKS.csv,high,Cracker chlorine concept independently rewritten with a bounded local reaction.
361,OMNI_PT_AMON,AMON,Ammonia,氨气,canonical,OMNI_PT_AMON,omnipack_material,other,SC_GAS,true,periodic_only,periodic_table,periodic_table,1|7,H|N,other,canonical,chemistry,disabled_blocks_selection_and_updates;loaded_particles_preserved,compatible,registry_summary+structured_catalog+runtime_properties,TPT-ZH-OmniPack/original,da7f96dceb5d45177c0856d5b3f2539db142bdc2,src/simulation/elements/AMON.cpp,GPL-3.0-only,docs/PERIODIC_CONTENT_LINKS.csv,high,Original bounded Haber-style game approximation.
362,OMNI_PT_ETHL,ETHL,Ethanol,乙醇,canonical,OMNI_PT_ETHL,omnipack_material,organic,SC_LIQUID,true,organic_menu,material_library:organic,material_library:organic+periodic_table,1|6|8,H|C|O,organic,canonical,chemistry,disabled_blocks_selection_and_updates;loaded_particles_preserved,partial,registry_summary+structured_catalog+runtime_properties,SeppoTPT/Seppo-s-Metallurgy-Mod-SRC,c3a8dd171a1c0fefc9a386e7e069f81d91f1514f,src/simulation/elements/ETHL.cpp,GPL-3.0-only,docs/ELEMENT_CONTENT.csv,high,Seppo token concept independently implemented as a bounded fermentation path.
363,OMNI_PT_KERO,KERO,Kerosene,煤油,canonical,OMNI_PT_KERO,omnipack_material,organic,SC_LIQUID,true,organic_menu,material_library:organic,material_library:organic+periodic_table,1|6,H|C,organic,canonical,chemistry,disabled_blocks_selection_and_updates;loaded_particles_preserved,partial,registry_summary+structured_catalog+runtime_properties,SeppoTPT/Seppo-s-Metallurgy-Mod-SRC,c3a8dd171a1c0fefc9a386e7e069f81d91f1514f,src/simulation/elements/KERO.cpp,GPL-3.0-only,docs/ELEMENT_CONTENT.csv,medium,Seppo token and Cyens hydrocarbon-chain concepts independently implemented.
364,OMNI_PT_GASO,GASO,Gasoline,汽油,canonical,OMNI_PT_GASO,omnipack_material,organic,SC_LIQUID,true,organic_menu,material_library:organic,material_library:organic+periodic_table,1|6,H|C,organic,canonical,chemistry,disabled_blocks_selection_and_updates;loaded_particles_preserved,partial,registry_summary+structured_catalog+runtime_properties,SeppoTPT/Seppo-s-Metallurgy-Mod-SRC,c3a8dd171a1c0fefc9a386e7e069f81d91f1514f,src/simulation/elements/GASO.cpp,GPL-3.0-only,docs/ELEMENT_CONTENT.csv,medium,Seppo token and Cyens hydrocarbon-chain concepts independently implemented.
365,OMNI_PT_ACTY,ACTY,Acetylene,乙炔,canonical,OMNI_PT_ACTY,omnipack_material,organic,SC_GAS,true,organic_menu,material_library:organic,material_library:organic+periodic_table,1|6,H|C,organic,canonical,chemistry,disabled_blocks_selection_and_updates;loaded_particles_preserved,partial,registry_summary+structured_catalog+runtime_properties,cracker1000/The-Powder-Toy,ebbb9aab6aef27d26517682cebbc0a07147a843a,src/simulation/elements/ACTY.cpp,GPL-3.0-only,docs/ELEMENT_CONTENT.csv,high,Cracker token concept independently implemented with bounded reactions.
366,OMNI_PT_CATA,CATA,Catalyst,催化剂,canonical,OMNI_PT_CATA,omnipack_special,custom_special,SC_SOLIDS,true,preserve_existing,main_menu:SC_SOLIDS,main_menu:SC_SOLIDS,,,,canonical,chemistry,disabled_blocks_selection_and_updates;loaded_particles_preserved,compatible,registry_summary+structured_catalog+runtime_properties,TPT-ZH-OmniPack/original,da7f96dceb5d45177c0856d5b3f2539db142bdc2,src/simulation/elements/CATA.cpp,GPL-3.0-only,,high,Original central chemistry process material.
367,OMNI_PT_POLY,POLY,Polyethylene,聚乙烯,canonical,OMNI_PT_POLY,omnipack_material,polymer,SC_SOLIDS,true,organic_menu,material_library:organic,material_library:organic+periodic_table,1|6,H|C,polymer,canonical,chemistry,disabled_blocks_selection_and_updates;loaded_particles_preserved,compatible,registry_summary+structured_catalog+runtime_properties,TPT-ZH-OmniPack/original,4e001049781afde4bcd9d5db250903d73017b269,src/simulation/elements/POLY.cpp,GPL-3.0-only,docs/ELEMENT_CONTENT.csv,high,Existing generic POLY stable ID refined into the canonical polyethylene implementation.
368,OMNI_PT_PERO,PERO,Hydrogen Peroxide,过氧化氢,canonical,OMNI_PT_PERO,omnipack_material,oxide,SC_LIQUID,true,periodic_only,periodic_table,periodic_table,1|8,H|O,oxide,canonical,chemistry,disabled_blocks_selection_and_updates;loaded_particles_preserved,compatible,registry_summary+structured_catalog+runtime_properties,TPT-ZH-OmniPack/original,da7f96dceb5d45177c0856d5b3f2539db142bdc2,src/simulation/elements/PERO.cpp,GPL-3.0-only,docs/PERIODIC_CONTENT_LINKS.csv,high,Original bounded electrochemical approximation.
369,OMNI_PT_FERT,FERT,Fertilizer,肥料,canonical,OMNI_PT_FERT,omnipack_material,ecology_material,SC_POWDERS,true,preserve_existing,main_menu:SC_POWDERS,main_menu:SC_POWDERS,,,,canonical,chemistry,disabled_blocks_selection_and_updates;loaded_particles_preserved,compatible,registry_summary+structured_catalog+runtime_properties,TPT-ZH-OmniPack/original,da7f96dceb5d45177c0856d5b3f2539db142bdc2,src/simulation/elements/FERT.cpp,GPL-3.0-only,,high,Original bounded plant-support loop.
370,OMNI_PT_HE,HELI,Helium,氦,canonical,OMNI_PT_HE,omnipack_material,single_element,SC_GAS,true,periodic_only,periodic_table,periodic_table,2,He,element,canonical,periodic,always_available;stable_id_locked,compatible,registry_summary+structured_catalog+runtime_properties,TPT-ZH-OmniPack/original,21b160a5bd25df266c6f82528eb12f3103b39b03,src/simulation/elements/HE.cpp,GPL-3.0-only,docs/PERIODIC_CONTENT_LINKS.csv,high,Original family-generated implementation using the shared bounded noble-gas update.
371,OMNI_PT_BE,BERY,Beryllium,铍,canonical,OMNI_PT_BE,omnipack_material,single_element,SC_SOLIDS,true,periodic_only,periodic_table,periodic_table,4,Be,element,canonical,periodic,always_available;stable_id_locked,compatible,registry_summary+structured_catalog+runtime_properties,TPT-ZH-OmniPack/original,546b8791ca6b94ddd4791f42ededd5684168c59a,src/simulation/elements/BE.cpp,GPL-3.0-only,docs/PERIODIC_CONTENT_LINKS.csv,high,Original family-generated implementation with explicit passivation and toxicity differences.
372,OMNI_PT_B,BORO,Boron,硼,canonical,OMNI_PT_B,omnipack_material,single_element,SC_POWDERS,true,periodic_only,periodic_table,periodic_table,5,B,element,canonical,periodic,always_available;stable_id_locked,compatible,registry_summary+structured_catalog+runtime_properties,TPT-ZH-OmniPack/original,5d9b99471590428e6430e9070c25a0907710c222,src/simulation/elements/B.cpp,GPL-3.0-only,docs/PERIODIC_CONTENT_LINKS.csv,high,Original family-generated implementation with bounded local neutron capture and high-temperature oxidation.
373,OMNI_PT_N,NTRG,Nitrogen,氮,canonical,OMNI_PT_N,omnipack_material,single_element,SC_GAS,true,periodic_only,periodic_table,periodic_table,7,N,element,canonical,periodic,always_available;stable_id_locked,compatible,registry_summary+structured_catalog+runtime_properties,TPT-ZH-OmniPack/original,2eeab9f39b503e580b259ac6897dc9e177e5244c,src/simulation/elements/N.cpp,GPL-3.0-only,docs/PERIODIC_CONTENT_LINKS.csv,high,Original family-generated nitrogen gas linked to the retained official LNTG and NICE low-temperature phases.
374,OMNI_PT_F,FLUO,Fluorine,氟,canonical,OMNI_PT_F,omnipack_material,single_element,SC_GAS,true,periodic_only,periodic_table,periodic_table,9,F,element,canonical,periodic,always_available;stable_id_locked,compatible,registry_summary+structured_catalog+runtime_properties,TPT-ZH-OmniPack/original,8066533aea4bc4a5d6ae73c5d776d56fabf84eb6,src/simulation/elements/F.cpp,GPL-3.0-only,docs/PERIODIC_CONTENT_LINKS.csv,high,Original family-generated fluorine implementation with bounded local corrosion and acid formation.
375,OMNI_PT_NE,NEON,Neon,氖,canonical,OMNI_PT_NE,omnipack_material,single_element,SC_GAS,true,periodic_only,periodic_table,periodic_table,10,Ne,element,canonical,periodic,always_available;stable_id_locked,compatible,registry_summary+structured_catalog+runtime_properties,TPT-ZH-OmniPack/original,21b160a5bd25df266c6f82528eb12f3103b39b03,src/simulation/elements/NE.cpp,GPL-3.0-only,docs/PERIODIC_CONTENT_LINKS.csv,high,Original family-generated implementation using the shared bounded noble-gas update.
376,OMNI_PT_NA,SODM,Sodium,钠,canonical,OMNI_PT_NA,omnipack_material,single_element,SC_EXPLOSIVE,true,periodic_only,periodic_table,periodic_table,11,Na,element,canonical,periodic,always_available;stable_id_locked,compatible,registry_summary+structured_catalog+runtime_properties,TPT-ZH-OmniPack/original,bcf5accf04dae7269dacce250e46d16c1632f94f,src/simulation/elements/NA.cpp,GPL-3.0-only,docs/PERIODIC_CONTENT_LINKS.csv,high,Original family-generated implementation using the shared bounded alkali-metal update.
377,OMNI_PT_P,PHOS,Phosphorus,磷,canonical,OMNI_PT_P,omnipack_material,single_element,SC_POWDERS,true,periodic_only,periodic_table,periodic_table,15,P,element,canonical,periodic,always_available;stable_id_locked,compatible,registry_summary+structured_catalog+runtime_properties,TPT-ZH-OmniPack/original,2eeab9f39b503e580b259ac6897dc9e177e5244c,src/simulation/elements/P.cpp,GPL-3.0-only,docs/PERIODIC_CONTENT_LINKS.csv,high,Original family-generated reactive phosphorus proxy with bounded oxidation and vaporisation.
378,OMNI_PT_S,SULF,Sulfur,硫,canonical,OMNI_PT_S,omnipack_material,single_element,SC_POWDERS,true,periodic_only,periodic_table,periodic_table,16,S,element,canonical,periodic,always_available;stable_id_locked,compatible,registry_summary+structured_catalog+runtime_properties,TPT-ZH-OmniPack/original,3c3c623a12c2f17374db26c067d454787ecbd7ae,src/simulation/elements/S.cpp,GPL-3.0-only,docs/PERIODIC_CONTENT_LINKS.csv,high,Original family-generated sulfur implementation with bounded oxidation and vaporisation.
379,OMNI_PT_AR,ARGN,Argon,氩,canonical,OMNI_PT_AR,omnipack_material,single_element,SC_GAS,true,periodic_only,periodic_table,periodic_table,18,Ar,element,canonical,periodic,always_available;stable_id_locked,compatible,registry_summary+structured_catalog+runtime_properties,TPT-ZH-OmniPack/original,21b160a5bd25df266c6f82528eb12f3103b39b03,src/simulation/elements/AR.cpp,GPL-3.0-only,docs/PERIODIC_CONTENT_LINKS.csv,high,Original family-generated implementation using the shared bounded noble-gas update.
380,OMNI_PT_K,POTA,Potassium,钾,canonical,OMNI_PT_K,omnipack_material,single_element,SC_EXPLOSIVE,true,periodic_only,periodic_table,periodic_table,19,K,element,canonical,periodic,always_available;stable_id_locked,compatible,registry_summary+structured_catalog+runtime_properties,TPT-ZH-OmniPack/original,bcf5accf04dae7269dacce250e46d16c1632f94f,src/simulation/elements/K.cpp,GPL-3.0-only,docs/PERIODIC_CONTENT_LINKS.csv,high,Original family-generated implementation using the shared bounded alkali-metal update.
381,OMNI_PT_CA,CALC,Calcium,钙,canonical,OMNI_PT_CA,omnipack_material,single_element,SC_EXPLOSIVE,true,periodic_only,periodic_table,periodic_table,20,Ca,element,canonical,periodic,always_available;stable_id_locked,compatible,registry_summary+structured_catalog+runtime_properties,TPT-ZH-OmniPack/original,546b8791ca6b94ddd4791f42ededd5684168c59a,src/simulation/elements/CA.cpp,GPL-3.0-only,docs/PERIODIC_CONTENT_LINKS.csv,high,Original family-generated implementation with a calcium flame signature.
382,OMNI_PT_SC,SCAN,Scandium,钪,canonical,OMNI_PT_SC,omnipack_material,single_element,SC_SOLIDS,true,periodic_only,periodic_table,periodic_table,21,Sc,element,canonical,periodic,always_available;stable_id_locked,compatible,registry_summary+structured_catalog+runtime_properties,TPT-ZH-OmniPack/original,6c64c0a0b39ed3e9830f1077b04779b21943c380,src/simulation/elements/SC.cpp,GPL-3.0-only,docs/PERIODIC_CONTENT_LINKS.csv,high,Original first-transition-series implementation with bounded acid oxidation vaporisation and discharge behavior.
383,OMNI_PT_V,VANA,Vanadium,钒,canonical,OMNI_PT_V,omnipack_material,single_element,SC_SOLIDS,true,periodic_only,periodic_table,periodic_table,23,V,element,canonical,periodic,always_available;stable_id_locked,compatible,registry_summary+structured_catalog+runtime_properties,TPT-ZH-OmniPack/original,6c64c0a0b39ed3e9830f1077b04779b21943c380,src/simulation/elements/V.cpp,GPL-3.0-only,docs/PERIODIC_CONTENT_LINKS.csv,high,Original first-transition-series implementation with a bounded molten tool-steel route.
384,OMNI_PT_MN,MANG,Manganese,锰,canonical,OMNI_PT_MN,omnipack_material,single_element,SC_SOLIDS,true,periodic_only,periodic_table,periodic_table,25,Mn,element,canonical,periodic,always_available;stable_id_locked,compatible,registry_summary+structured_catalog+runtime_properties,TPT-ZH-OmniPack/original,6c64c0a0b39ed3e9830f1077b04779b21943c380,src/simulation/elements/MN.cpp,GPL-3.0-only,docs/PERIODIC_CONTENT_LINKS.csv,high,Original first-transition-series implementation with a bounded steel deoxidation route.
385,OMNI_PT_GA,GALL,Gallium,镓,canonical,OMNI_PT_GA,omnipack_material,single_element,SC_SOLIDS,true,periodic_only,periodic_table,periodic_table,31,Ga,element,canonical,periodic,always_available;stable_id_locked,compatible,registry_summary+structured_catalog+runtime_properties,TPT-ZH-OmniPack/original,5d9b99471590428e6430e9070c25a0907710c222,src/simulation/elements/GA.cpp,GPL-3.0-only,docs/PERIODIC_CONTENT_LINKS.csv,high,Original family-generated low-melting and bounded aluminium-embrittlement implementation.
386,OMNI_PT_GE,GERM,Germanium,锗,canonical,OMNI_PT_GE,omnipack_material,single_element,SC_ELEC,true,periodic_only,periodic_table,periodic_table,32,Ge,element,canonical,periodic,always_available;stable_id_locked,compatible,registry_summary+structured_catalog+runtime_properties,TPT-ZH-OmniPack/original,de91bbb67b2faef85ed178444a52a7b148328136,src/simulation/elements/GE.cpp,GPL-3.0-only,docs/PERIODIC_CONTENT_LINKS.csv,high,Original family-generated semiconductor implementation with bounded discharge acid oxidation and vaporisation behavior.
387,OMNI_PT_AS,ARSN,Arsenic,砷,canonical,OMNI_PT_AS,omnipack_material,single_element,SC_SOLIDS,true,periodic_only,periodic_table,periodic_table,33,As,element,canonical,periodic,always_available;stable_id_locked,compatible,registry_summary+structured_catalog+runtime_properties,TPT-ZH-OmniPack/original,2eeab9f39b503e580b259ac6897dc9e177e5244c,src/simulation/elements/AS.cpp,GPL-3.0-only,docs/PERIODIC_CONTENT_LINKS.csv,high,Original family-generated arsenic proxy with bounded acid oxidation and sublimation paths.
388,OMNI_PT_SE,SELN,Selenium,硒,canonical,OMNI_PT_SE,omnipack_material,single_element,SC_POWDERS,true,periodic_only,periodic_table,periodic_table,34,Se,element,canonical,periodic,always_available;stable_id_locked,compatible,registry_summary+structured_catalog+runtime_properties,TPT-ZH-OmniPack/original,3c3c623a12c2f17374db26c067d454787ecbd7ae,src/simulation/elements/SE.cpp,GPL-3.0-only,docs/PERIODIC_CONTENT_LINKS.csv,high,Original family-generated selenium implementation with local photon sensing oxidation and vaporisation.
389,OMNI_PT_BR,BROM,Bromine,溴,canonical,OMNI_PT_BR,omnipack_material,single_element,SC_LIQUID,true,periodic_only,periodic_table,periodic_table,35,Br,element,canonical,periodic,always_available;stable_id_locked,compatible,registry_summary+structured_catalog+runtime_properties,TPT-ZH-OmniPack/original,8066533aea4bc4a5d6ae73c5d776d56fabf84eb6,src/simulation/elements/BR.cpp,GPL-3.0-only,docs/PERIODIC_CONTENT_LINKS.csv,high,Original family-generated liquid bromine implementation with bounded halidation disinfection and vaporisation.
390,OMNI_PT_KR,KRYP,Krypton,氪,canonical,OMNI_PT_KR,omnipack_material,single_element,SC_GAS,true,periodic_only,periodic_table,periodic_table,36,Kr,element,canonical,periodic,always_available;stable_id_locked,compatible,registry_summary+structured_catalog+runtime_properties,TPT-ZH-OmniPack/original,21b160a5bd25df266c6f82528eb12f3103b39b03,src/simulation/elements/KR.cpp,GPL-3.0-only,docs/PERIODIC_CONTENT_LINKS.csv,high,Original family-generated implementation using the shared bounded noble-gas update.
391,OMNI_PT_SR,STRN,Strontium,锶,canonical,OMNI_PT_SR,omnipack_material,single_element,SC_EXPLOSIVE,true,periodic_only,periodic_table,periodic_table,38,Sr,element,canonical,periodic,always_available;stable_id_locked,compatible,registry_summary+structured_catalog+runtime_properties,TPT-ZH-OmniPack/original,546b8791ca6b94ddd4791f42ededd5684168c59a,src/simulation/elements/SR.cpp,GPL-3.0-only,docs/PERIODIC_CONTENT_LINKS.csv,high,Original family-generated implementation with a red flame signature.
392,OMNI_PT_Y,YTTR,Yttrium,钇,canonical,OMNI_PT_Y,omnipack_material,single_element,SC_SOLIDS,true,periodic_only,periodic_table,periodic_table,39,Y,element,canonical,periodic,always_available;stable_id_locked,compatible,registry_summary+structured_catalog+runtime_properties,TPT-ZH-OmniPack/original,b26112f95c08d9daa252e54f65c6e26a05cd17e9,src/simulation/elements/Y.cpp,GPL-3.0-only,docs/PERIODIC_CONTENT_LINKS.csv,high,Original second-transition-series implementation with bounded discharge acid oxidation and vaporisation behavior.
393,OMNI_PT_ZR,ZIRC,Zirconium,锆,canonical,OMNI_PT_ZR,omnipack_material,single_element,SC_SOLIDS,true,periodic_only,periodic_table,periodic_table,40,Zr,element,canonical,periodic,always_available;stable_id_locked,compatible,registry_summary+structured_catalog+runtime_properties,TPT-ZH-OmniPack/original,b26112f95c08d9daa252e54f65c6e26a05cd17e9,src/simulation/elements/ZR.cpp,GPL-3.0-only,docs/PERIODIC_CONTENT_LINKS.csv,high,Original second-transition-series implementation with a bounded zirconium steam route.
394,OMNI_PT_NB,NIOB,Niobium,铌,canonical,OMNI_PT_NB,omnipack_material,single_element,SC_SOLIDS,true,periodic_only,periodic_table,periodic_table,41,Nb,element,canonical,periodic,always_available;stable_id_locked,compatible,registry_summary+structured_catalog+runtime_properties,TPT-ZH-OmniPack/original,b26112f95c08d9daa252e54f65c6e26a05cd17e9,src/simulation/elements/NB.cpp,GPL-3.0-only,docs/PERIODIC_CONTENT_LINKS.csv,high,Original second-transition-series implementation with high game-scale reaction thresholds.
395,OMNI_PT_TC,TECH,Technetium,锝,canonical,OMNI_PT_TC,omnipack_material,single_element,SC_SOLIDS,true,periodic_only,periodic_table,periodic_table,43,Tc,element,canonical,periodic,always_available;stable_id_locked,compatible,registry_summary+structured_catalog+runtime_properties,TPT-ZH-OmniPack/original,b26112f95c08d9daa252e54f65c6e26a05cd17e9,src/simulation/elements/TC.cpp,GPL-3.0-only,docs/PERIODIC_CONTENT_LINKS.csv,high,Original second-transition-series radioactive proxy with one bounded decay event.
396,OMNI_PT_RU,RUTH,Ruthenium,钌,canonical,OMNI_PT_RU,omnipack_material,single_element,SC_SOLIDS,true,periodic_only,periodic_table,periodic_table,44,Ru,element,canonical,periodic,always_available;stable_id_locked,compatible,registry_summary+structured_catalog+runtime_properties,TPT-ZH-OmniPack/original,b26112f95c08d9daa252e54f65c6e26a05cd17e9,src/simulation/elements/RU.cpp,GPL-3.0-only,docs/PERIODIC_CONTENT_LINKS.csv,high,Original second-transition-series implementation with a bounded local catalyst route.
397,OMNI_PT_RH,RHOD,Rhodium,铑,canonical,OMNI_PT_RH,omnipack_material,single_element,SC_SOLIDS,true,periodic_only,periodic_table,periodic_table,45,Rh,element,canonical,periodic,always_available;stable_id_locked,compatible,registry_summary+structured_catalog+runtime_properties,TPT-ZH-OmniPack/original,b26112f95c08d9daa252e54f65c6e26a05cd17e9,src/simulation/elements/RH.cpp,GPL-3.0-only,docs/PERIODIC_CONTENT_LINKS.csv,high,Original second-transition-series implementation with a lower-temperature bounded catalyst route.
398,OMNI_PT_PD,PALL,Palladium,钯,canonical,OMNI_PT_PD,omnipack_material,single_element,SC_SOLIDS,true,periodic_only,periodic_table,periodic_table,46,Pd,element,canonical,periodic,always_available;stable_id_locked,compatible,registry_summary+structured_catalog+runtime_properties,TPT-ZH-OmniPack/original,b26112f95c08d9daa252e54f65c6e26a05cd17e9,src/simulation/elements/PD.cpp,GPL-3.0-only,docs/PERIODIC_CONTENT_LINKS.csv,high,Original second-transition-series implementation with bounded local hydrogen storage.
399,OMNI_PT_AG,SILV,Silver,银,canonical,OMNI_PT_AG,omnipack_material,single_element,SC_SOLIDS,true,periodic_only,periodic_table,periodic_table,47,Ag,element,canonical,periodic,always_available;stable_id_locked,compatible,registry_summary+structured_catalog+runtime_properties,TPT-ZH-OmniPack/original,b26112f95c08d9daa252e54f65c6e26a05cd17e9,src/simulation/elements/AG.cpp,GPL-3.0-only,docs/PERIODIC_CONTENT_LINKS.csv,high,Original second-transition-series implementation informed by the catalogued chem_mod_lua silver concept without copying unverified code.
400,OMNI_PT_CD,CADM,Cadmium,镉,canonical,OMNI_PT_CD,omnipack_material,single_element,SC_SOLIDS,true,periodic_only,periodic_table,periodic_table,48,Cd,element,canonical,periodic,always_available;stable_id_locked,compatible,registry_summary+structured_catalog+runtime_properties,TPT-ZH-OmniPack/original,b26112f95c08d9daa252e54f65c6e26a05cd17e9,src/simulation/elements/CD.cpp,GPL-3.0-only,docs/PERIODIC_CONTENT_LINKS.csv,high,Original second-transition-series implementation with neutron absorption and bounded chemistry.
401,OMNI_PT_IN,INDI,Indium,铟,canonical,OMNI_PT_IN,omnipack_material,single_element,SC_SOLIDS,true,periodic_only,periodic_table,periodic_table,49,In,element,canonical,periodic,always_available;stable_id_locked,compatible,registry_summary+structured_catalog+runtime_properties,TPT-ZH-OmniPack/original,5d9b99471590428e6430e9070c25a0907710c222,src/simulation/elements/IN.cpp,GPL-3.0-only,docs/PERIODIC_CONTENT_LINKS.csv,high,Original family-generated physical and bounded acid oxidation and vaporisation implementation.
402,OMNI_PT_SB,ANTM,Antimony,锑,canonical,OMNI_PT_SB,omnipack_material,single_element,SC_SOLIDS,true,periodic_only,periodic_table,periodic_table,51,Sb,element,canonical,periodic,always_available;stable_id_locked,compatible,registry_summary+structured_catalog+runtime_properties,TPT-ZH-OmniPack/original,2eeab9f39b503e580b259ac6897dc9e177e5244c,src/simulation/elements/SB.cpp,GPL-3.0-only,docs/PERIODIC_CONTENT_LINKS.csv,high,Original family-generated antimony proxy with bounded acid oxidation and vaporisation paths.
403,OMNI_PT_TE,TELL,Tellurium,碲,canonical,OMNI_PT_TE,omnipack_material,single_element,SC_SOLIDS,true,periodic_only,periodic_table,periodic_table,52,Te,element,canonical,periodic,always_available;stable_id_locked,compatible,registry_summary+structured_catalog+runtime_properties,TPT-ZH-OmniPack/original,3c3c623a12c2f17374db26c067d454787ecbd7ae,src/simulation/elements/TE.cpp,GPL-3.0-only,docs/PERIODIC_CONTENT_LINKS.csv,high,Original family-generated tellurium implementation with fixed solid movement glassy oxidation and vaporisation.
404,OMNI_PT_I,IODI,Iodine,碘,canonical,OMNI_PT_I,omnipack_material,single_element,SC_SOLIDS,true,periodic_only,periodic_table,periodic_table,53,I,element,canonical,periodic,always_available;stable_id_locked,compatible,registry_summary+structured_catalog+runtime_properties,TPT-ZH-OmniPack/original,8066533aea4bc4a5d6ae73c5d776d56fabf84eb6,src/simulation/elements/I.cpp,GPL-3.0-only,docs/PERIODIC_CONTENT_LINKS.csv,high,Original family-generated iodine implementation with bounded halidation disinfection melting and vaporisation.
405,OMNI_PT_XE,XENO,Xenon,氙,canonical,OMNI_PT_XE,omnipack_material,single_element,SC_GAS,true,periodic_only,periodic_table,periodic_table,54,Xe,element,canonical,periodic,always_available;stable_id_locked,compatible,registry_summary+structured_catalog+runtime_properties,TPT-ZH-OmniPack/original,21b160a5bd25df266c6f82528eb12f3103b39b03,src/simulation/elements/XE.cpp,GPL-3.0-only,docs/PERIODIC_CONTENT_LINKS.csv,high,Original family-generated implementation using the shared bounded noble-gas update.
406,OMNI_PT_CS,CAES,Caesium,铯,canonical,OMNI_PT_CS,omnipack_material,single_element,SC_EXPLOSIVE,true,periodic_only,periodic_table,periodic_table,55,Cs,element,canonical,periodic,always_available;stable_id_locked,compatible,registry_summary+structured_catalog+runtime_properties,TPT-ZH-OmniPack/original,bcf5accf04dae7269dacce250e46d16c1632f94f,src/simulation/elements/CS.cpp,GPL-3.0-only,docs/PERIODIC_CONTENT_LINKS.csv,high,Original family-generated implementation using the shared bounded alkali-metal update.
407,OMNI_PT_BA,BARI,Barium,钡,canonical,OMNI_PT_BA,omnipack_material,single_element,SC_EXPLOSIVE,true,periodic_only,periodic_table,periodic_table,56,Ba,element,canonical,periodic,always_available;stable_id_locked,compatible,registry_summary+structured_catalog+runtime_properties,TPT-ZH-OmniPack/original,546b8791ca6b94ddd4791f42ededd5684168c59a,src/simulation/elements/BA.cpp,GPL-3.0-only,docs/PERIODIC_CONTENT_LINKS.csv,high,Original family-generated implementation with toxicity and a green flame signature.
408,OMNI_PT_LA,LANT,Lanthanum,镧,canonical,OMNI_PT_LA,omnipack_material,single_element,SC_SOLIDS,true,periodic_only,periodic_table,periodic_table,57,La,element,canonical,periodic,always_available;stable_id_locked,compatible,registry_summary+structured_catalog+runtime_properties,TPT-ZH-OmniPack/original,7c49278b856461f61cec1cc4974db90c709968bb,src/simulation/elements/LA.cpp,GPL-3.0-only,docs/PERIODIC_CONTENT_LINKS.csv,high,Original lanthanide family implementation with bounded reversible hydrogen storage.
409,OMNI_PT_CE,CERI,Cerium,铈,canonical,OMNI_PT_CE,omnipack_material,single_element,SC_SOLIDS,true,periodic_only,periodic_table,periodic_table,58,Ce,element,canonical,periodic,always_available;stable_id_locked,compatible,registry_summary+structured_catalog+runtime_properties,TPT-ZH-OmniPack/original,7c49278b856461f61cec1cc4974db90c709968bb,src/simulation/elements/CE.cpp,GPL-3.0-only,docs/PERIODIC_CONTENT_LINKS.csv,high,Original lanthanide family implementation with bounded reversible oxygen buffering.
410,OMNI_PT_PR,PRAE,Praseodymium,镨,canonical,OMNI_PT_PR,omnipack_material,single_element,SC_SOLIDS,true,periodic_only,periodic_table,periodic_table,59,Pr,element,canonical,periodic,always_available;stable_id_locked,compatible,registry_summary+structured_catalog+runtime_properties,TPT-ZH-OmniPack/original,7c49278b856461f61cec1cc4974db90c709968bb,src/simulation/elements/PR.cpp,GPL-3.0-only,docs/PERIODIC_CONTENT_LINKS.csv,high,Original lanthanide family magnetic-response implementation.
411,OMNI_PT_ND,NEOD,Neodymium,钕,canonical,OMNI_PT_ND,omnipack_material,single_element,SC_SOLIDS,true,periodic_only,periodic_table,periodic_table,60,Nd,element,canonical,periodic,always_available;stable_id_locked,compatible,registry_summary+structured_catalog+runtime_properties,TPT-ZH-OmniPack/original,7c49278b856461f61cec1cc4974db90c709968bb,src/simulation/elements/ND.cpp,GPL-3.0-only,docs/PERIODIC_CONTENT_LINKS.csv,high,Original lanthanide family magnetic-response implementation.
412,OMNI_PT_PM,PROM,Promethium,钷,canonical,OMNI_PT_PM,omnipack_material,single_element,SC_NUCLEAR,true,periodic_only,periodic_table,periodic_table,61,Pm,element,canonical,periodic,always_available;stable_id_locked,compatible,registry_summary+structured_catalog+runtime_properties,TPT-ZH-OmniPack/original,7c49278b856461f61cec1cc4974db90c709968bb,src/simulation/elements/PM.cpp,GPL-3.0-only,docs/PERIODIC_CONTENT_LINKS.csv,high,Original lanthanide family radioactive implementation with a bounded compressed decay.
413,OMNI_PT_SM,SAMA,Samarium,钐,canonical,OMNI_PT_SM,omnipack_material,single_element,SC_SOLIDS,true,periodic_only,periodic_table,periodic_table,62,Sm,element,canonical,periodic,always_available;stable_id_locked,compatible,registry_summary+structured_catalog+runtime_properties,TPT-ZH-OmniPack/original,7c49278b856461f61cec1cc4974db90c709968bb,src/simulation/elements/SM.cpp,GPL-3.0-only,docs/PERIODIC_CONTENT_LINKS.csv,high,Original lanthanide family implementation with local neutron capture and magnetic response.
414,OMNI_PT_EU,EURO,Europium,铕,canonical,OMNI_PT_EU,omnipack_material,single_element,SC_SOLIDS,true,periodic_only,periodic_table,periodic_table,63,Eu,element,canonical,periodic,always_available;stable_id_locked,compatible,registry_summary+structured_catalog+runtime_properties,TPT-ZH-OmniPack/original,7c49278b856461f61cec1cc4974db90c709968bb,src/simulation/elements/EU.cpp,GPL-3.0-only,docs/PERIODIC_CONTENT_LINKS.csv,high,Original lanthanide family fluorescence implementation with cooldown.
415,OMNI_PT_GD,GADO,Gadolinium,钆,canonical,OMNI_PT_GD,omnipack_material,single_element,SC_SOLIDS,true,periodic_only,periodic_table,periodic_table,64,Gd,element,canonical,periodic,always_available;stable_id_locked,compatible,registry_summary+structured_catalog+runtime_properties,TPT-ZH-OmniPack/original,7c49278b856461f61cec1cc4974db90c709968bb,src/simulation/elements/GD.cpp,GPL-3.0-only,docs/PERIODIC_CONTENT_LINKS.csv,high,Original lanthanide family implementation with strong local neutron capture.
416,OMNI_PT_TB,TERB,Terbium,铽,canonical,OMNI_PT_TB,omnipack_material,single_element,SC_SOLIDS,true,periodic_only,periodic_table,periodic_table,65,Tb,element,canonical,periodic,always_available;stable_id_locked,compatible,registry_summary+structured_catalog+runtime_properties,TPT-ZH-OmniPack/original,7c49278b856461f61cec1cc4974db90c709968bb,src/simulation/elements/TB.cpp,GPL-3.0-only,docs/PERIODIC_CONTENT_LINKS.csv,high,Original lanthanide family fluorescence implementation with cooldown.
417,OMNI_PT_DY,DYSP,Dysprosium,镝,canonical,OMNI_PT_DY,omnipack_material,single_element,SC_SOLIDS,true,periodic_only,periodic_table,periodic_table,66,Dy,element,canonical,periodic,always_available;stable_id_locked,compatible,registry_summary+structured_catalog+runtime_properties,TPT-ZH-OmniPack/original,7c49278b856461f61cec1cc4974db90c709968bb,src/simulation/elements/DY.cpp,GPL-3.0-only,docs/PERIODIC_CONTENT_LINKS.csv,high,Original lanthanide family magnetic-response implementation.
418,OMNI_PT_HO,HOLM,Holmium,钬,canonical,OMNI_PT_HO,omnipack_material,single_element,SC_SOLIDS,true,periodic_only,periodic_table,periodic_table,67,Ho,element,canonical,periodic,always_available;stable_id_locked,compatible,registry_summary+structured_catalog+runtime_properties,TPT-ZH-OmniPack/original,7c49278b856461f61cec1cc4974db90c709968bb,src/simulation/elements/HO.cpp,GPL-3.0-only,docs/PERIODIC_CONTENT_LINKS.csv,high,Original lanthanide family magnetic-response implementation.
419,OMNI_PT_ER,ERBI,Erbium,铒,canonical,OMNI_PT_ER,omnipack_material,single_element,SC_SOLIDS,true,periodic_only,periodic_table,periodic_table,68,Er,element,canonical,periodic,always_available;stable_id_locked,compatible,registry_summary+structured_catalog+runtime_properties,TPT-ZH-OmniPack/original,7c49278b856461f61cec1cc4974db90c709968bb,src/simulation/elements/ER.cpp,GPL-3.0-only,docs/PERIODIC_CONTENT_LINKS.csv,high,Original lanthanide family photon-amplification proxy with cooldown.
420,OMNI_PT_TM,THUL,Thulium,铥,canonical,OMNI_PT_TM,omnipack_material,single_element,SC_SOLIDS,true,periodic_only,periodic_table,periodic_table,69,Tm,element,canonical,periodic,always_available;stable_id_locked,compatible,registry_summary+structured_catalog+runtime_properties,TPT-ZH-OmniPack/original,7c49278b856461f61cec1cc4974db90c709968bb,src/simulation/elements/TM.cpp,GPL-3.0-only,docs/PERIODIC_CONTENT_LINKS.csv,high,Original lanthanide family photon-amplification proxy with cooldown.
421,OMNI_PT_YB,YTTE,Ytterbium,镱,canonical,OMNI_PT_YB,omnipack_material,single_element,SC_SOLIDS,true,periodic_only,periodic_table,periodic_table,70,Yb,element,canonical,periodic,always_available;stable_id_locked,compatible,registry_summary+structured_catalog+runtime_properties,TPT-ZH-OmniPack/original,7c49278b856461f61cec1cc4974db90c709968bb,src/simulation/elements/YB.cpp,GPL-3.0-only,docs/PERIODIC_CONTENT_LINKS.csv,high,Original lanthanide family implementation with bounded warm-water reaction.
422,OMNI_PT_LU,LUTE,Lutetium,镥,canonical,OMNI_PT_LU,omnipack_material,single_element,SC_SOLIDS,true,periodic_only,periodic_table,periodic_table,71,Lu,element,canonical,periodic,always_available;stable_id_locked,compatible,registry_summary+structured_catalog+runtime_properties,TPT-ZH-OmniPack/original,7c49278b856461f61cec1cc4974db90c709968bb,src/simulation/elements/LU.cpp,GPL-3.0-only,docs/PERIODIC_CONTENT_LINKS.csv,high,Original lanthanide family implementation with bounded local neutron capture.
423,OMNI_PT_HF,HAFN,Hafnium,铪,canonical,OMNI_PT_HF,omnipack_material,single_element,SC_SOLIDS,true,periodic_only,periodic_table,periodic_table,72,Hf,element,canonical,periodic,always_available;stable_id_locked,compatible,registry_summary+structured_catalog+runtime_properties,TPT-ZH-OmniPack/original,248c516aefcbeae187de95aadb384c22280a678c,src/simulation/elements/HF.cpp,GPL-3.0-only,docs/PERIODIC_CONTENT_LINKS.csv,high,Original third-transition-series implementation with bounded local neutron capture.
424,OMNI_PT_TA,TANT,Tantalum,钽,canonical,OMNI_PT_TA,omnipack_material,single_element,SC_SOLIDS,true,periodic_only,periodic_table,periodic_table,73,Ta,element,canonical,periodic,always_available;stable_id_locked,compatible,registry_summary+structured_catalog+runtime_properties,TPT-ZH-OmniPack/original,248c516aefcbeae187de95aadb384c22280a678c,src/simulation/elements/TA.cpp,GPL-3.0-only,docs/PERIODIC_CONTENT_LINKS.csv,high,Original third-transition-series implementation with bounded temporary passivation.
425,OMNI_PT_RE,RHEN,Rhenium,铼,canonical,OMNI_PT_RE,omnipack_material,single_element,SC_SOLIDS,true,periodic_only,periodic_table,periodic_table,75,Re,element,canonical,periodic,always_available;stable_id_locked,compatible,registry_summary+structured_catalog+runtime_properties,TPT-ZH-OmniPack/original,248c516aefcbeae187de95aadb384c22280a678c,src/simulation/elements/RE.cpp,GPL-3.0-only,docs/PERIODIC_CONTENT_LINKS.csv,high,Original third-transition-series implementation with a bounded nickel superalloy proxy route.
426,OMNI_PT_OS,OSMI,Osmium,锇,canonical,OMNI_PT_OS,omnipack_material,single_element,SC_SOLIDS,true,periodic_only,periodic_table,periodic_table,76,Os,element,canonical,periodic,always_available;stable_id_locked,compatible,registry_summary+structured_catalog+runtime_properties,TPT-ZH-OmniPack/original,248c516aefcbeae187de95aadb384c22280a678c,src/simulation/elements/OS.cpp,GPL-3.0-only,docs/PERIODIC_CONTENT_LINKS.csv,high,Original third-transition-series implementation with bounded toxic-oxide proxy products.
427,OMNI_PT_IR,IRID,Iridium,铱,canonical,OMNI_PT_IR,omnipack_material,single_element,SC_SOLIDS,true,periodic_only,periodic_table,periodic_table,77,Ir,element,canonical,periodic,always_available;stable_id_locked,compatible,registry_summary+structured_catalog+runtime_properties,TPT-ZH-OmniPack/original,248c516aefcbeae187de95aadb384c22280a678c,src/simulation/elements/IR.cpp,GPL-3.0-only,docs/PERIODIC_CONTENT_LINKS.csv,high,Original third-transition-series implementation with bounded local peroxide catalysis.
428,OMNI_PT_TL,THAL,Thallium,铊,canonical,OMNI_PT_TL,omnipack_material,single_element,SC_SOLIDS,true,periodic_only,periodic_table,periodic_table,81,Tl,element,canonical,periodic,always_available;stable_id_locked,compatible,registry_summary+structured_catalog+runtime_properties,TPT-ZH-OmniPack/original,5d9b99471590428e6430e9070c25a0907710c222,src/simulation/elements/TL.cpp,GPL-3.0-only,docs/PERIODIC_CONTENT_LINKS.csv,high,Original family-generated toxic heavy-metal implementation with bounded local chemistry.
429,OMNI_PT_BI,BISM,Bismuth,铋,canonical,OMNI_PT_BI,omnipack_material,single_element,SC_SOLIDS,true,periodic_only,periodic_table,periodic_table,83,Bi,element,canonical,periodic,always_available;stable_id_locked,compatible,registry_summary+structured_catalog+runtime_properties,TPT-ZH-OmniPack/original,2eeab9f39b503e580b259ac6897dc9e177e5244c,src/simulation/elements/BI.cpp,GPL-3.0-only,docs/PERIODIC_CONTENT_LINKS.csv,high,Original family-generated bismuth proxy with bounded acid oxidation and vaporisation paths.
430,OMNI_PT_AT,ASTA,Astatine,砹,canonical,OMNI_PT_AT,omnipack_material,single_element,SC_NUCLEAR,true,periodic_only,periodic_table,periodic_table,85,At,element,canonical,periodic,always_available;stable_id_locked,compatible,registry_summary+structured_catalog+runtime_properties,TPT-ZH-OmniPack/original,8066533aea4bc4a5d6ae73c5d776d56fabf84eb6,src/simulation/elements/AT.cpp,GPL-3.0-only,docs/PERIODIC_CONTENT_LINKS.csv,high,Original family-generated radioactive halogen implementation with bounded chemistry melting and compressed decay.
431,OMNI_PT_RN,RADO,Radon,氡,canonical,OMNI_PT_RN,omnipack_material,single_element,SC_NUCLEAR,true,periodic_only,periodic_table,periodic_table,86,Rn,element,canonical,periodic,always_available;stable_id_locked,compatible,registry_summary+structured_catalog+runtime_properties,TPT-ZH-OmniPack/original,21b160a5bd25df266c6f82528eb12f3103b39b03,src/simulation/elements/RN.cpp,GPL-3.0-only,docs/PERIODIC_CONTENT_LINKS.csv,high,Original family-generated implementation using the shared bounded noble-gas update.
432,OMNI_PT_FR,FRAN,Francium,钫,canonical,OMNI_PT_FR,omnipack_material,single_element,SC_NUCLEAR,true,periodic_only,periodic_table,periodic_table,87,Fr,element,canonical,periodic,always_available;stable_id_locked,compatible,registry_summary+structured_catalog+runtime_properties,TPT-ZH-OmniPack/original,bcf5accf04dae7269dacce250e46d16c1632f94f,src/simulation/elements/FR.cpp,GPL-3.0-only,docs/PERIODIC_CONTENT_LINKS.csv,high,Original family-generated radioactive implementation; compressed decay is explicitly game-scaled.
433,OMNI_PT_RA,RADI,Radium,镭,canonical,OMNI_PT_RA,omnipack_material,single_element,SC_NUCLEAR,true,periodic_only,periodic_table,periodic_table,88,Ra,element,canonical,periodic,always_available;stable_id_locked,compatible,registry_summary+structured_catalog+runtime_properties,TPT-ZH-OmniPack/original,546b8791ca6b94ddd4791f42ededd5684168c59a,src/simulation/elements/RA.cpp,GPL-3.0-only,docs/PERIODIC_CONTENT_LINKS.csv,high,Original family-generated radioactive implementation; compressed decay is explicitly game-scaled.
434,OMNI_PT_AC,ACTN,Actinium,锕,canonical,OMNI_PT_AC,omnipack_material,single_element,SC_NUCLEAR,true,periodic_only,periodic_table,periodic_table,89,Ac,element,canonical,periodic,always_available;stable_id_locked,compatible,registry_summary+structured_catalog+runtime_properties,TPT-ZH-OmniPack/original,54411e08b8215638f403c9bc181afb48d9ca5ea5,src/simulation/elements/AC.cpp,GPL-3.0-only,docs/PERIODIC_CONTENT_LINKS.csv,high,Original family-generated implementation using the shared bounded actinide update.
435,OMNI_PT_TH,THOR,Thorium,钍,canonical,OMNI_PT_TH,omnipack_material,single_element,SC_NUCLEAR,true,periodic_only,periodic_table,periodic_table,90,Th,element,canonical,periodic,always_available;stable_id_locked,compatible,registry_summary+structured_catalog+runtime_properties,TPT-ZH-OmniPack/original,54411e08b8215638f403c9bc181afb48d9ca5ea5,src/simulation/elements/TH.cpp,GPL-3.0-only,docs/PERIODIC_CONTENT_LINKS.csv,high,Original family-generated fertile actinide implementation.
436,OMNI_PT_PA,PROA,Protactinium,镤,canonical,OMNI_PT_PA,omnipack_material,single_element,SC_NUCLEAR,true,periodic_only,periodic_table,periodic_table,91,Pa,element,canonical,periodic,always_available;stable_id_locked,compatible,registry_summary+structured_catalog+runtime_properties,TPT-ZH-OmniPack/original,54411e08b8215638f403c9bc181afb48d9ca5ea5,src/simulation/elements/PA.cpp,GPL-3.0-only,docs/PERIODIC_CONTENT_LINKS.csv,high,Original family-generated intermediate actinide implementation.
437,OMNI_PT_NP,NEPT,Neptunium,镎,canonical,OMNI_PT_NP,omnipack_material,single_element,SC_NUCLEAR,true,periodic_only,periodic_table,periodic_table,93,Np,element,canonical,periodic,always_available;stable_id_locked,compatible,registry_summary+structured_catalog+runtime_properties,TPT-ZH-OmniPack/original,54411e08b8215638f403c9bc181afb48d9ca5ea5,src/simulation/elements/NP.cpp,GPL-3.0-only,docs/PERIODIC_CONTENT_LINKS.csv,high,Original family-generated transuranic implementation.
438,OMNI_PT_AM,AMER,Americium,镅,canonical,OMNI_PT_AM,omnipack_material,single_element,SC_NUCLEAR,true,periodic_only,periodic_table,periodic_table,95,Am,element,canonical,periodic,always_available;stable_id_locked,compatible,registry_summary+structured_catalog+runtime_properties,TPT-ZH-OmniPack/original,54411e08b8215638f403c9bc181afb48d9ca5ea5,src/simulation/elements/AM.cpp,GPL-3.0-only,docs/PERIODIC_CONTENT_LINKS.csv,high,Original family-generated americium gameplay implementation.
439,OMNI_PT_CM,CURI,Curium,锔,canonical,OMNI_PT_CM,omnipack_material,single_element,SC_NUCLEAR,true,periodic_only,periodic_table,periodic_table,96,Cm,element,canonical,periodic,always_available;stable_id_locked,compatible,registry_summary+structured_catalog+runtime_properties,TPT-ZH-OmniPack/original,54411e08b8215638f403c9bc181afb48d9ca5ea5,src/simulation/elements/CM.cpp,GPL-3.0-only,docs/PERIODIC_CONTENT_LINKS.csv,high,Original family-generated curium gameplay implementation.
440,OMNI_PT_BK,BERK,Berkelium,锫,canonical,OMNI_PT_BK,omnipack_material,single_element,SC_NUCLEAR,true,periodic_only,periodic_table,periodic_table,97,Bk,element,canonical,periodic,always_available;stable_id_locked,compatible,registry_summary+structured_catalog+runtime_properties,TPT-ZH-OmniPack/original,54411e08b8215638f403c9bc181afb48d9ca5ea5,src/simulation/elements/BK.cpp,GPL-3.0-only,docs/PERIODIC_CONTENT_LINKS.csv,high,Original family-generated synthetic actinide implementation.
441,OMNI_PT_CF,CALF,Californium,锎,canonical,OMNI_PT_CF,omnipack_material,single_element,SC_NUCLEAR,true,periodic_only,periodic_table,periodic_table,98,Cf,element,canonical,periodic,always_available;stable_id_locked,compatible,registry_summary+structured_catalog+runtime_properties,TPT-ZH-OmniPack/original,54411e08b8215638f403c9bc181afb48d9ca5ea5,src/simulation/elements/CF.cpp,GPL-3.0-only,docs/PERIODIC_CONTENT_LINKS.csv,high,Original bounded neutron-source and fission-proxy implementation.
442,OMNI_PT_ES,EINS,Einsteinium,锿,canonical,OMNI_PT_ES,omnipack_material,single_element,SC_NUCLEAR,true,periodic_only,periodic_table,periodic_table,99,Es,element,canonical,periodic,always_available;stable_id_locked,compatible,registry_summary+structured_catalog+runtime_properties,TPT-ZH-OmniPack/original,54411e08b8215638f403c9bc181afb48d9ca5ea5,src/simulation/elements/ES.cpp,GPL-3.0-only,docs/PERIODIC_CONTENT_LINKS.csv,high,Original family-generated einsteinium gameplay implementation.
443,OMNI_PT_FM,FERM,Fermium,镄,canonical,OMNI_PT_FM,omnipack_material,single_element,SC_NUCLEAR,true,periodic_only,periodic_table,periodic_table,100,Fm,element,canonical,periodic,always_available;stable_id_locked,compatible,registry_summary+structured_catalog+runtime_properties,TPT-ZH-OmniPack/original,54411e08b8215638f403c9bc181afb48d9ca5ea5,src/simulation/elements/FM.cpp,GPL-3.0-only,docs/PERIODIC_CONTENT_LINKS.csv,high,Original family-generated fermium gameplay implementation.
444,OMNI_PT_MD,MEND,Mendelevium,钔,canonical,OMNI_PT_MD,omnipack_material,single_element,SC_NUCLEAR,true,periodic_only,periodic_table,periodic_table,101,Md,element,canonical,periodic,always_available;stable_id_locked,compatible,registry_summary+structured_catalog+runtime_properties,TPT-ZH-OmniPack/original,54411e08b8215638f403c9bc181afb48d9ca5ea5,src/simulation/elements/MD.cpp,GPL-3.0-only,docs/PERIODIC_CONTENT_LINKS.csv,high,Original family-generated mendelevium gameplay implementation.
445,OMNI_PT_NO,NOBE,Nobelium,锘,canonical,OMNI_PT_NO,omnipack_material,single_element,SC_NUCLEAR,true,periodic_only,periodic_table,periodic_table,102,No,element,canonical,periodic,always_available;stable_id_locked,compatible,registry_summary+structured_catalog+runtime_properties,TPT-ZH-OmniPack/original,54411e08b8215638f403c9bc181afb48d9ca5ea5,src/simulation/elements/NO.cpp,GPL-3.0-only,docs/PERIODIC_CONTENT_LINKS.csv,high,Original family-generated nobelium gameplay implementation.
446,OMNI_PT_LR,LAWR,Lawrencium,铹,canonical,OMNI_PT_LR,omnipack_material,single_element,SC_NUCLEAR,true,periodic_only,periodic_table,periodic_table,103,Lr,element,canonical,periodic,always_available;stable_id_locked,compatible,registry_summary+structured_catalog+runtime_properties,TPT-ZH-OmniPack/original,54411e08b8215638f403c9bc181afb48d9ca5ea5,src/simulation/elements/LR.cpp,GPL-3.0-only,docs/PERIODIC_CONTENT_LINKS.csv,high,Original family-generated late-actinide implementation linked to the bounded superheavy chain.
447,OMNI_PT_RF,RFTM,Rutherfordium,𬬻,canonical,OMNI_PT_RF,omnipack_material,single_element,SC_NUCLEAR,true,periodic_only,periodic_table,periodic_table,104,Rf,element,canonical,periodic,always_available;stable_id_locked,compatible,registry_summary+structured_catalog+runtime_properties,TPT-ZH-OmniPack/original,518dd9a4d5cbb874281635f7e7552b1ce14050ee,src/simulation/elements/RF.cpp,GPL-3.0-only,docs/PERIODIC_CONTENT_LINKS.csv,high,Original family-generated superheavy transition-metal implementation.
448,OMNI_PT_DB,DUBN,Dubnium,𬭊,canonical,OMNI_PT_DB,omnipack_material,single_element,SC_NUCLEAR,true,periodic_only,periodic_table,periodic_table,105,Db,element,canonical,periodic,always_available;stable_id_locked,compatible,registry_summary+structured_catalog+runtime_properties,TPT-ZH-OmniPack/original,518dd9a4d5cbb874281635f7e7552b1ce14050ee,src/simulation/elements/DB.cpp,GPL-3.0-only,docs/PERIODIC_CONTENT_LINKS.csv,high,Original family-generated superheavy transition-metal implementation.
449,OMNI_PT_SG,SEAB,Seaborgium,𬭳,canonical,OMNI_PT_SG,omnipack_material,single_element,SC_NUCLEAR,true,periodic_only,periodic_table,periodic_table,106,Sg,element,canonical,periodic,always_available;stable_id_locked,compatible,registry_summary+structured_catalog+runtime_properties,TPT-ZH-OmniPack/original,518dd9a4d5cbb874281635f7e7552b1ce14050ee,src/simulation/elements/SG.cpp,GPL-3.0-only,docs/PERIODIC_CONTENT_LINKS.csv,high,Original family-generated superheavy transition-metal implementation.
450,OMNI_PT_BH,BOHR,Bohrium,𬭛,canonical,OMNI_PT_BH,omnipack_material,single_element,SC_NUCLEAR,true,periodic_only,periodic_table,periodic_table,107,Bh,element,canonical,periodic,always_available;stable_id_locked,compatible,registry_summary+structured_catalog+runtime_properties,TPT-ZH-OmniPack/original,518dd9a4d5cbb874281635f7e7552b1ce14050ee,src/simulation/elements/BH.cpp,GPL-3.0-only,docs/PERIODIC_CONTENT_LINKS.csv,high,Original family-generated superheavy transition-metal implementation.
451,OMNI_PT_HS,HASS,Hassium,𬭶,canonical,OMNI_PT_HS,omnipack_material,single_element,SC_NUCLEAR,true,periodic_only,periodic_table,periodic_table,108,Hs,element,canonical,periodic,always_available;stable_id_locked,compatible,registry_summary+structured_catalog+runtime_properties,TPT-ZH-OmniPack/original,518dd9a4d5cbb874281635f7e7552b1ce14050ee,src/simulation/elements/HS.cpp,GPL-3.0-only,docs/PERIODIC_CONTENT_LINKS.csv,high,Original family-generated superheavy transition-metal implementation.
452,OMNI_PT_MT,MEIT,Meitnerium,鿏,canonical,OMNI_PT_MT,omnipack_material,single_element,SC_NUCLEAR,true,periodic_only,periodic_table,periodic_table,109,Mt,element,canonical,periodic,always_available;stable_id_locked,compatible,registry_summary+structured_catalog+runtime_properties,TPT-ZH-OmniPack/original,518dd9a4d5cbb874281635f7e7552b1ce14050ee,src/simulation/elements/MT.cpp,GPL-3.0-only,docs/PERIODIC_CONTENT_LINKS.csv,high,Original family-generated superheavy transition-metal implementation.
453,OMNI_PT_DS,DARM,Darmstadtium,𫟼,canonical,OMNI_PT_DS,omnipack_material,single_element,SC_NUCLEAR,true,periodic_only,periodic_table,periodic_table,110,Ds,element,canonical,periodic,always_available;stable_id_locked,compatible,registry_summary+structured_catalog+runtime_properties,TPT-ZH-OmniPack/original,518dd9a4d5cbb874281635f7e7552b1ce14050ee,src/simulation/elements/DS.cpp,GPL-3.0-only,docs/PERIODIC_CONTENT_LINKS.csv,high,Original family-generated superheavy transition-metal implementation.
454,OMNI_PT_RG,ROEN,Roentgenium,𬬭,canonical,OMNI_PT_RG,omnipack_material,single_element,SC_NUCLEAR,true,periodic_only,periodic_table,periodic_table,111,Rg,element,canonical,periodic,always_available;stable_id_locked,compatible,registry_summary+structured_catalog+runtime_properties,TPT-ZH-OmniPack/original,518dd9a4d5cbb874281635f7e7552b1ce14050ee,src/simulation/elements/RG.cpp,GPL-3.0-only,docs/PERIODIC_CONTENT_LINKS.csv,high,Original family-generated superheavy transition-metal implementation.
455,OMNI_PT_CN,COPE,Copernicium,鿔,canonical,OMNI_PT_CN,omnipack_material,single_element,SC_NUCLEAR,true,periodic_only,periodic_table,periodic_table,112,Cn,element,canonical,periodic,always_available;stable_id_locked,compatible,registry_summary+structured_catalog+runtime_properties,TPT-ZH-OmniPack/original,518dd9a4d5cbb874281635f7e7552b1ce14050ee,src/simulation/elements/CN.cpp,GPL-3.0-only,docs/PERIODIC_CONTENT_LINKS.csv,high,Original family-generated volatile superheavy implementation.
456,OMNI_PT_NH,NIHO,Nihonium,鿭,canonical,OMNI_PT_NH,omnipack_material,single_element,SC_NUCLEAR,true,periodic_only,periodic_table,periodic_table,113,Nh,element,canonical,periodic,always_available;stable_id_locked,compatible,registry_summary+structured_catalog+runtime_properties,TPT-ZH-OmniPack/original,5d9b99471590428e6430e9070c25a0907710c222,src/simulation/elements/NH.cpp,GPL-3.0-only,docs/PERIODIC_CONTENT_LINKS.csv,high,Original family-generated superheavy implementation; decay timing is explicitly game-scaled rather than scientific.
457,OMNI_PT_FL,FLER,Flerovium,𫓧,canonical,OMNI_PT_FL,omnipack_material,single_element,SC_NUCLEAR,true,periodic_only,periodic_table,periodic_table,114,Fl,element,canonical,periodic,always_available;stable_id_locked,compatible,registry_summary+structured_catalog+runtime_properties,TPT-ZH-OmniPack/original,de91bbb67b2faef85ed178444a52a7b148328136,src/simulation/elements/FL.cpp,GPL-3.0-only,docs/PERIODIC_CONTENT_LINKS.csv,high,Original family-generated superheavy implementation; decay timing is explicitly game-scaled rather than scientific.
458,OMNI_PT_MC,MOSC,Moscovium,镆,canonical,OMNI_PT_MC,omnipack_material,single_element,SC_NUCLEAR,true,periodic_only,periodic_table,periodic_table,115,Mc,element,canonical,periodic,always_available;stable_id_locked,compatible,registry_summary+structured_catalog+runtime_properties,TPT-ZH-OmniPack/original,2eeab9f39b503e580b259ac6897dc9e177e5244c,src/simulation/elements/MC.cpp,GPL-3.0-only,docs/PERIODIC_CONTENT_LINKS.csv,high,Original family-generated superheavy implementation with a bounded two-stage compressed decay chain.
459,OMNI_PT_LV,LIVE,Livermorium,𫟷,canonical,OMNI_PT_LV,omnipack_material,single_element,SC_NUCLEAR,true,periodic_only,periodic_table,periodic_table,116,Lv,element,canonical,periodic,always_available;stable_id_locked,compatible,registry_summary+structured_catalog+runtime_properties,TPT-ZH-OmniPack/original,3c3c623a12c2f17374db26c067d454787ecbd7ae,src/simulation/elements/LV.cpp,GPL-3.0-only,docs/PERIODIC_CONTENT_LINKS.csv,high,Original family-generated superheavy implementation with a bounded compressed decay chain through flerovium.
460,OMNI_PT_TS,TENN,Tennessine,鿬,canonical,OMNI_PT_TS,omnipack_material,single_element,SC_NUCLEAR,true,periodic_only,periodic_table,periodic_table,117,Ts,element,canonical,periodic,always_available;stable_id_locked,compatible,registry_summary+structured_catalog+runtime_properties,TPT-ZH-OmniPack/original,8066533aea4bc4a5d6ae73c5d776d56fabf84eb6,src/simulation/elements/TS.cpp,GPL-3.0-only,docs/PERIODIC_CONTENT_LINKS.csv,high,Original family-generated superheavy implementation with a bounded compressed decay chain through moscovium.
461,OMNI_PT_OG,OGAN,Oganesson,鿫,canonical,OMNI_PT_OG,omnipack_material,single_element,SC_NUCLEAR,true,periodic_only,periodic_table,periodic_table,118,Og,element,canonical,periodic,always_available;stable_id_locked,compatible,registry_summary+structured_catalog+runtime_properties,TPT-ZH-OmniPack/original,21b160a5bd25df266c6f82528eb12f3103b39b03,src/simulation/elements/OG.cpp,GPL-3.0-only,docs/PERIODIC_CONTENT_LINKS.csv,high,Original family-generated implementation using the shared bounded noble-gas update.
462,OMNI_PT_HCLA,HCLA,Hydrochloric acid,盐酸,canonical,OMNI_PT_HCLA,omnipack_material,acid,SC_LIQUID,true,periodic_only,periodic_table,periodic_table,1|17,H|Cl,acid,canonical,chemistry,disabled_blocks_selection_and_updates;loaded_particles_preserved,compatible,registry_summary+structured_catalog+runtime_properties,TPT-ZH-OmniPack/original,8abe277e1cac49bac4654da89c5271c19bf1e827,src/simulation/elements/HCLA.cpp,GPL-3.0-only,docs/PERIODIC_CONTENT_LINKS.csv,high,Original data-driven inorganic acid implementation with a shared bounded local reaction budget.
463,OMNI_PT_SULA,SULA,Sulfuric acid,硫酸,canonical,OMNI_PT_SULA,omnipack_material,acid,SC_LIQUID,true,periodic_only,periodic_table,periodic_table,1|8|16,H|O|S,acid,canonical,chemistry,disabled_blocks_selection_and_updates;loaded_particles_preserved,compatible,registry_summary+structured_catalog+runtime_properties,TPT-ZH-OmniPack/original,8abe277e1cac49bac4654da89c5271c19bf1e827,src/simulation/elements/SULA.cpp,GPL-3.0-only,docs/PERIODIC_CONTENT_LINKS.csv,high,Original data-driven sulfuric-acid implementation with bounded copper oxidation.
464,OMNI_PT_NITA,NITA,Nitric acid,硝酸,canonical,OMNI_PT_NITA,omnipack_material,acid,SC_LIQUID,true,periodic_only,periodic_table,periodic_table,1|7|8,H|N|O,acid,canonical,chemistry,disabled_blocks_selection_and_updates;loaded_particles_preserved,compatible,registry_summary+structured_catalog+runtime_properties,TPT-ZH-OmniPack/original,8abe277e1cac49bac4654da89c5271c19bf1e827,src/simulation/elements/NITA.cpp,GPL-3.0-only,docs/PERIODIC_CONTENT_LINKS.csv,high,Original data-driven oxidising-acid implementation with bounded nitrogen oxide products.
465,OMNI_PT_PHOA,PHOA,Phosphoric acid,磷酸,canonical,OMNI_PT_PHOA,omnipack_material,acid,SC_LIQUID,true,periodic_only,periodic_table,periodic_table,1|8|15,H|O|P,acid,canonical,chemistry,disabled_blocks_selection_and_updates;loaded_particles_preserved,compatible,registry_summary+structured_catalog+runtime_properties,TPT-ZH-OmniPack/original,8abe277e1cac49bac4654da89c5271c19bf1e827,src/simulation/elements/PHOA.cpp,GPL-3.0-only,docs/PERIODIC_CONTENT_LINKS.csv,high,Original data-driven weak-acid fertilizer integration.
466,OMNI_PT_HYFA,HYFA,Hydrofluoric acid,氢氟酸,canonical,OMNI_PT_HYFA,omnipack_material,acid,SC_LIQUID,true,periodic_only,periodic_table,periodic_table,1|9,H|F,acid,canonical,chemistry,disabled_blocks_selection_and_updates;loaded_particles_preserved,compatible,registry_summary+structured_catalog+runtime_properties,TPT-ZH-OmniPack/original,8abe277e1cac49bac4654da89c5271c19bf1e827,src/simulation/elements/HYFA.cpp,GPL-3.0-only,docs/PERIODIC_CONTENT_LINKS.csv,high,Original bounded glass-corrosion implementation using generic safe proxies.
467,OMNI_PT_NAOH,NAOH,Sodium hydroxide,氢氧化钠,canonical,OMNI_PT_NAOH,omnipack_material,hydroxide,SC_POWDERS,true,periodic_only,periodic_table,periodic_table,1|8|11,H|O|Na,hydroxide,canonical,chemistry,disabled_blocks_selection_and_updates;loaded_particles_preserved,compatible,registry_summary+structured_catalog+runtime_properties,TPT-ZH-OmniPack/original,8abe277e1cac49bac4654da89c5271c19bf1e827,src/simulation/elements/NAOH.cpp,GPL-3.0-only,docs/PERIODIC_CONTENT_LINKS.csv,high,Original data-driven strong-base implementation with bounded carbonation and amphoteric chemistry.
468,OMNI_PT_KOH,PTOH,Potassium hydroxide,氢氧化钾,canonical,OMNI_PT_KOH,omnipack_material,hydroxide,SC_POWDERS,true,periodic_only,periodic_table,periodic_table,1|8|19,H|O|K,hydroxide,canonical,chemistry,disabled_blocks_selection_and_updates;loaded_particles_preserved,compatible,registry_summary+structured_catalog+runtime_properties,TPT-ZH-OmniPack/original,8abe277e1cac49bac4654da89c5271c19bf1e827,src/simulation/elements/KOH.cpp,GPL-3.0-only,docs/PERIODIC_CONTENT_LINKS.csv,high,Original data-driven strong-base implementation with bounded nitrate and amphoteric routes.
469,OMNI_PT_CAOH,CAOH,Calcium hydroxide,氢氧化钙,canonical,OMNI_PT_CAOH,omnipack_material,hydroxide,SC_POWDERS,true,periodic_only,periodic_table,periodic_table,1|8|20,H|O|Ca,hydroxide,canonical,chemistry,disabled_blocks_selection_and_updates;loaded_particles_preserved,compatible,registry_summary+structured_catalog+runtime_properties,TPT-ZH-OmniPack/original,8abe277e1cac49bac4654da89c5271c19bf1e827,src/simulation/elements/CAOH.cpp,GPL-3.0-only,docs/PERIODIC_CONTENT_LINKS.csv,high,Original bounded lime hydration carbonation and decomposition loop.
470,OMNI_PT_KNIT,KNIT,Potassium nitrate,硝酸钾,canonical,OMNI_PT_KNIT,omnipack_material,salt,SC_POWDERS,true,periodic_only,periodic_table,periodic_table,7|8|19,N|O|K,salt,canonical,chemistry,disabled_blocks_selection_and_updates;loaded_particles_preserved,compatible,registry_summary+structured_catalog+runtime_properties,TPT-ZH-OmniPack/original,8abe277e1cac49bac4654da89c5271c19bf1e827,src/simulation/elements/KNIT.cpp,GPL-3.0-only,docs/PERIODIC_CONTENT_LINKS.csv,high,Original game-scale oxidiser behavior without real manufacturing instructions or exact ratios.
471,OMNI_PT_CUSF,CUSF,Copper sulfate,硫酸铜,canonical,OMNI_PT_CUSF,omnipack_material,salt,SC_POWDERS,true,periodic_only,periodic_table,periodic_table,8|16|29,O|S|Cu,salt,canonical,chemistry,disabled_blocks_selection_and_updates;loaded_particles_preserved,compatible,registry_summary+structured_catalog+runtime_properties,TPT-ZH-OmniPack/original,8abe277e1cac49bac4654da89c5271c19bf1e827,src/simulation/elements/CUSF.cpp,GPL-3.0-only,docs/PERIODIC_CONTENT_LINKS.csv,high,Original bounded sulfate production and iron displacement implementation.
472,OMNI_PT_CACO,CACO,Calcium carbonate,碳酸钙,canonical,OMNI_PT_CACO,omnipack_material,salt,SC_POWDERS,true,periodic_only,periodic_table,periodic_table,6|8|20,C|O|Ca,salt,canonical,chemistry,disabled_blocks_selection_and_updates;loaded_particles_preserved,compatible,registry_summary+structured_catalog+runtime_properties,TPT-ZH-OmniPack/original,8abe277e1cac49bac4654da89c5271c19bf1e827,src/simulation/elements/CACO.cpp,GPL-3.0-only,docs/PERIODIC_CONTENT_LINKS.csv,high,Original bounded carbonate acid and calcination loop.
473,OMNI_PT_NABC,NABC,Sodium bicarbonate,碳酸氢钠,canonical,OMNI_PT_NABC,omnipack_material,salt,SC_POWDERS,true,periodic_only,periodic_table,periodic_table,1|6|8|11,H|C|O|Na,salt,canonical,chemistry,disabled_blocks_selection_and_updates;loaded_particles_preserved,compatible,registry_summary+structured_catalog+runtime_properties,TPT-ZH-OmniPack/original,8abe277e1cac49bac4654da89c5271c19bf1e827,src/simulation/elements/NABC.cpp,GPL-3.0-only,docs/PERIODIC_CONTENT_LINKS.csv,high,Original bounded bicarbonate carbonation neutralisation and thermal decomposition behavior.
474,OMNI_PT_COMO,COMO,Carbon monoxide,一氧化碳,canonical,OMNI_PT_COMO,omnipack_material,oxide,SC_GAS,true,periodic_only,periodic_table,periodic_table,6|8,C|O,oxide,canonical,chemistry,disabled_blocks_selection_and_updates;loaded_particles_preserved,compatible,registry_summary+structured_catalog+runtime_properties,TPT-ZH-OmniPack/original,8abe277e1cac49bac4654da89c5271c19bf1e827,src/simulation/elements/COMO.cpp,GPL-3.0-only,docs/PERIODIC_CONTENT_LINKS.csv,high,Original bounded toxic-gas oxidation implementation.
475,OMNI_PT_SODI,SODI,Sulfur dioxide,二氧化硫,canonical,OMNI_PT_SODI,omnipack_material,oxide,SC_GAS,true,periodic_only,periodic_table,periodic_table,8|16,O|S,oxide,canonical,chemistry,disabled_blocks_selection_and_updates;loaded_particles_preserved,compatible,registry_summary+structured_catalog+runtime_properties,TPT-ZH-OmniPack/original,8abe277e1cac49bac4654da89c5271c19bf1e827,src/simulation/elements/SODI.cpp,GPL-3.0-only,docs/PERIODIC_CONTENT_LINKS.csv,high,Original bounded sulfur oxide production and recovery loop.
476,OMNI_PT_NODI,NODI,Nitrogen dioxide,二氧化氮,canonical,OMNI_PT_NODI,omnipack_material,oxide,SC_GAS,true,periodic_only,periodic_table,periodic_table,7|8,N|O,oxide,canonical,chemistry,disabled_blocks_selection_and_updates;loaded_particles_preserved,compatible,registry_summary+structured_catalog+runtime_properties,TPT-ZH-OmniPack/original,8abe277e1cac49bac4654da89c5271c19bf1e827,src/simulation/elements/NODI.cpp,GPL-3.0-only,docs/PERIODIC_CONTENT_LINKS.csv,high,Original bounded nitrogen oxide production and recovery loop.
477,OMNI_PT_CAOX,CAOX,Calcium oxide,氧化钙,canonical,OMNI_PT_CAOX,omnipack_material,oxide,SC_POWDERS,true,periodic_only,periodic_table,periodic_table,8|20,O|Ca,oxide,canonical,chemistry,disabled_blocks_selection_and_updates;loaded_particles_preserved,compatible,registry_summary+structured_catalog+runtime_properties,TPT-ZH-OmniPack/original,8abe277e1cac49bac4654da89c5271c19bf1e827,src/simulation/elements/CAOX.cpp,GPL-3.0-only,docs/PERIODIC_CONTENT_LINKS.csv,high,Original bounded lime calcination hydration and recycling behavior.
478,OMNI_PT_CARA,CARA,Carbonic acid,碳酸,canonical,OMNI_PT_CARA,omnipack_material,acid,SC_LIQUID,true,periodic_only,periodic_table,periodic_table,1|6|8,H|C|O,acid,canonical,chemistry,disabled_blocks_selection_and_updates;loaded_particles_preserved,compatible,registry_summary+structured_catalog+runtime_properties,TPT-ZH-OmniPack/original,7eed94db5fbe81a95315cfac29cf142af1b18d6a,src/simulation/elements/CARA.cpp,GPL-3.0-only,docs/PERIODIC_CONTENT_LINKS.csv,high,Original bounded reversible carbonic-acid implementation.
479,OMNI_PT_H2SG,HSUL,Hydrogen sulfide,硫化氢,canonical,OMNI_PT_H2SG,omnipack_material,sulfide,SC_GAS,true,periodic_only,periodic_table,periodic_table,1|16,H|S,sulfide,canonical,chemistry,disabled_blocks_selection_and_updates;loaded_particles_preserved,compatible,registry_summary+structured_catalog+runtime_properties,TPT-ZH-OmniPack/original,7eed94db5fbe81a95315cfac29cf142af1b18d6a,src/simulation/elements/H2SG.cpp,GPL-3.0-only,docs/PERIODIC_CONTENT_LINKS.csv,high,Original bounded toxic-gas synthesis and oxidation implementation.
480,OMNI_PT_AMWA,AMWA,Ammonia water,氨水,canonical,OMNI_PT_AMWA,omnipack_material,base,SC_LIQUID,true,periodic_only,periodic_table,periodic_table,1|7|8,H|N|O,base,canonical,chemistry,disabled_blocks_selection_and_updates;loaded_particles_preserved,compatible,registry_summary+structured_catalog+runtime_properties,TPT-ZH-OmniPack/original,7eed94db5fbe81a95315cfac29cf142af1b18d6a,src/simulation/elements/AMWA.cpp,GPL-3.0-only,docs/PERIODIC_CONTENT_LINKS.csv,high,Original bounded ammonia dissolution neutralisation and release implementation.
481,OMNI_PT_BAOH,BAOH,Barium hydroxide,氢氧化钡,canonical,OMNI_PT_BAOH,omnipack_material,hydroxide,SC_POWDERS,true,periodic_only,periodic_table,periodic_table,1|8|56,H|O|Ba,hydroxide,canonical,chemistry,disabled_blocks_selection_and_updates;loaded_particles_preserved,compatible,registry_summary+structured_catalog+runtime_properties,TPT-ZH-OmniPack/original,7eed94db5fbe81a95315cfac29cf142af1b18d6a,src/simulation/elements/BAOH.cpp,GPL-3.0-only,docs/PERIODIC_CONTENT_LINKS.csv,high,Original data-driven heavy alkaline-earth hydroxide implementation.
482,OMNI_PT_KCL,PTCL,Potassium chloride,氯化钾,canonical,OMNI_PT_KCL,omnipack_material,halide,SC_POWDERS,true,periodic_only,periodic_table,periodic_table,17|19,Cl|K,halide,canonical,chemistry,disabled_blocks_selection_and_updates;loaded_particles_preserved,compatible,registry_summary+structured_catalog+runtime_properties,TPT-ZH-OmniPack/original,7eed94db5fbe81a95315cfac29cf142af1b18d6a,src/simulation/elements/KCL.cpp,GPL-3.0-only,docs/PERIODIC_CONTENT_LINKS.csv,high,Original typed chloride neutralisation and dissolution implementation.
483,OMNI_PT_CACL,CACL,Calcium chloride,氯化钙,canonical,OMNI_PT_CACL,omnipack_material,halide,SC_POWDERS,true,periodic_only,periodic_table,periodic_table,17|20,Cl|Ca,halide,canonical,chemistry,disabled_blocks_selection_and_updates;loaded_particles_preserved,compatible,registry_summary+structured_catalog+runtime_properties,TPT-ZH-OmniPack/original,7eed94db5fbe81a95315cfac29cf142af1b18d6a,src/simulation/elements/CACL.cpp,GPL-3.0-only,docs/PERIODIC_CONTENT_LINKS.csv,high,Original typed exothermic chloride dissolution implementation.
484,OMNI_PT_FECL,FECL,Iron chloride,氯化铁,canonical,OMNI_PT_FECL,omnipack_material,halide,SC_POWDERS,true,periodic_only,periodic_table,periodic_table,17|26,Cl|Fe,halide,canonical,chemistry,disabled_blocks_selection_and_updates;loaded_particles_preserved,compatible,registry_summary+structured_catalog+runtime_properties,TPT-ZH-OmniPack/original,7eed94db5fbe81a95315cfac29cf142af1b18d6a,src/simulation/elements/FECL.cpp,GPL-3.0-only,docs/PERIODIC_CONTENT_LINKS.csv,high,Original typed iron chloride formation and hydrolysis implementation.
485,OMNI_PT_NASF,NASF,Sodium sulfate,硫酸钠,canonical,OMNI_PT_NASF,omnipack_material,salt,SC_POWDERS,true,periodic_only,periodic_table,periodic_table,8|11|16,O|Na|S,salt,canonical,chemistry,disabled_blocks_selection_and_updates;loaded_particles_preserved,compatible,registry_summary+structured_catalog+runtime_properties,TPT-ZH-OmniPack/original,7eed94db5fbe81a95315cfac29cf142af1b18d6a,src/simulation/elements/NASF.cpp,GPL-3.0-only,docs/PERIODIC_CONTENT_LINKS.csv,high,Original typed sulfate neutralisation product.
486,OMNI_PT_AMNT,AMNT,Ammonium nitrate,硝酸铵,canonical,OMNI_PT_AMNT,omnipack_material,salt,SC_POWDERS,true,periodic_only,periodic_table,periodic_table,1|7|8,H|N|O,salt,canonical,chemistry,disabled_blocks_selection_and_updates;loaded_particles_preserved,compatible,registry_summary+structured_catalog+runtime_properties,TPT-ZH-OmniPack/original,7eed94db5fbe81a95315cfac29cf142af1b18d6a,src/simulation/elements/AMNT.cpp,GPL-3.0-only,docs/PERIODIC_CONTENT_LINKS.csv,high,Original game-scale bounded ammonium-nitrate decomposition implementation without real preparation ratios.
487,OMNI_PT_NACO,NACO,Sodium carbonate,碳酸钠,canonical,OMNI_PT_NACO,omnipack_material,salt,SC_POWDERS,true,periodic_only,periodic_table,periodic_table,6|8|11,C|O|Na,salt,canonical,chemistry,disabled_blocks_selection_and_updates;loaded_particles_preserved,compatible,registry_summary+structured_catalog+runtime_properties,TPT-ZH-OmniPack/original,7eed94db5fbe81a95315cfac29cf142af1b18d6a,src/simulation/elements/NACO.cpp,GPL-3.0-only,docs/PERIODIC_CONTENT_LINKS.csv,high,Original typed carbonate production and acid gas-release implementation.
488,OMNI_PT_KPER,KPER,Potassium permanganate,高锰酸钾,canonical,OMNI_PT_KPER,omnipack_material,salt,SC_POWDERS,true,periodic_only,periodic_table,periodic_table,8|19|25,O|K|Mn,salt,canonical,chemistry,disabled_blocks_selection_and_updates;loaded_particles_preserved,compatible,registry_summary+structured_catalog+runtime_properties,TPT-ZH-OmniPack/original,7eed94db5fbe81a95315cfac29cf142af1b18d6a,src/simulation/elements/KPER.cpp,GPL-3.0-only,docs/PERIODIC_CONTENT_LINKS.csv,high,Original bounded oxidiser implementation using safe game proxies and no real preparation instructions.
489,OMNI_PT_ALOX,ALOX,Aluminium oxide,氧化铝,canonical,OMNI_PT_ALOX,omnipack_material,oxide,SC_POWDERS,true,periodic_only,periodic_table,periodic_table,8|13,O|Al,oxide,canonical,chemistry,disabled_blocks_selection_and_updates;loaded_particles_preserved,compatible,registry_summary+structured_catalog+runtime_properties,TPT-ZH-OmniPack/original,7eed94db5fbe81a95315cfac29cf142af1b18d6a,src/simulation/elements/ALOX.cpp,GPL-3.0-only,docs/PERIODIC_CONTENT_LINKS.csv,high,Original refractory amphoteric oxide material implementation.
490,OMNI_PT_MGOX,MGOX,Magnesium oxide,氧化镁,canonical,OMNI_PT_MGOX,omnipack_material,oxide,SC_POWDERS,true,periodic_only,periodic_table,periodic_table,8|12,O|Mg,oxide,canonical,chemistry,disabled_blocks_selection_and_updates;loaded_particles_preserved,compatible,registry_summary+structured_catalog+runtime_properties,TPT-ZH-OmniPack/original,7eed94db5fbe81a95315cfac29cf142af1b18d6a,src/simulation/elements/MGOX.cpp,GPL-3.0-only,docs/PERIODIC_CONTENT_LINKS.csv,high,Original refractory basic oxide material implementation.
491,OMNI_PT_FEOX,FEOX,Iron oxide,氧化铁,canonical,OMNI_PT_FEOX,omnipack_material,oxide,SC_POWDERS,true,periodic_only,periodic_table,periodic_table,8|26,O|Fe,oxide,canonical,chemistry,disabled_blocks_selection_and_updates;loaded_particles_preserved,compatible,registry_summary+structured_catalog+runtime_properties,TPT-ZH-OmniPack/original,7eed94db5fbe81a95315cfac29cf142af1b18d6a,src/simulation/elements/FEOX.cpp,GPL-3.0-only,docs/PERIODIC_CONTENT_LINKS.csv,high,Original bounded iron oxide formation reduction and chloride-cycle implementation.
492,OMNI_PT_CUOX,CUOX,Copper oxide,氧化铜,canonical,OMNI_PT_CUOX,omnipack_material,oxide,SC_POWDERS,true,periodic_only,periodic_table,periodic_table,8|29,O|Cu,oxide,canonical,chemistry,disabled_blocks_selection_and_updates;loaded_particles_preserved,compatible,registry_summary+structured_catalog+runtime_properties,TPT-ZH-OmniPack/original,7eed94db5fbe81a95315cfac29cf142af1b18d6a,src/simulation/elements/CUOX.cpp,GPL-3.0-only,docs/PERIODIC_CONTENT_LINKS.csv,high,Original bounded copper oxide formation acid conversion and reduction implementation.
493,OMNI_PT_ZNOX,ZNOX,Zinc oxide,氧化锌,canonical,OMNI_PT_ZNOX,omnipack_material,oxide,SC_POWDERS,true,periodic_only,periodic_table,periodic_table,8|30,O|Zn,oxide,canonical,chemistry,disabled_blocks_selection_and_updates;loaded_particles_preserved,compatible,registry_summary+structured_catalog+runtime_properties,TPT-ZH-OmniPack/original,7eed94db5fbe81a95315cfac29cf142af1b18d6a,src/simulation/elements/ZNOX.cpp,GPL-3.0-only,docs/PERIODIC_CONTENT_LINKS.csv,high,Original bounded zinc oxide formation and high-threshold reduction implementation.
494,OMNI_PT_SUTR,SUTR,Sulfur trioxide,三氧化硫,canonical,OMNI_PT_SUTR,omnipack_material,oxide,SC_GAS,true,periodic_only,periodic_table,periodic_table,8|16,O|S,oxide,canonical,chemistry,disabled_blocks_selection_and_updates;loaded_particles_preserved,compatible,registry_summary+structured_catalog+runtime_properties,TPT-ZH-OmniPack/original,0eb4e11dd41fe4da72b8f8a1db65fa07a77898b1,src/simulation/elements/SUTR.cpp,GPL-3.0-only,docs/PERIODIC_CONTENT_LINKS.csv,high,Original bounded sulfur oxide hydration cycle.
495,OMNI_PT_NIMO,NIMO,Nitric oxide,一氧化氮,canonical,OMNI_PT_NIMO,omnipack_material,oxide,SC_GAS,true,periodic_only,periodic_table,periodic_table,7|8,N|O,oxide,canonical,chemistry,disabled_blocks_selection_and_updates;loaded_particles_preserved,compatible,registry_summary+structured_catalog+runtime_properties,TPT-ZH-OmniPack/original,0eb4e11dd41fe4da72b8f8a1db65fa07a77898b1,src/simulation/elements/NIMO.cpp,GPL-3.0-only,docs/PERIODIC_CONTENT_LINKS.csv,high,Original bounded nitrogen oxide synthesis and oxidation cycle.
496,OMNI_PT_TIOX,TIOX,Titanium dioxide,二氧化钛,canonical,OMNI_PT_TIOX,omnipack_material,oxide,SC_POWDERS,true,periodic_only,periodic_table,periodic_table,8|22,O|Ti,oxide,canonical,chemistry,disabled_blocks_selection_and_updates;loaded_particles_preserved,compatible,registry_summary+structured_catalog+runtime_properties,TPT-ZH-OmniPack/original,0eb4e11dd41fe4da72b8f8a1db65fa07a77898b1,src/simulation/elements/TIOX.cpp,GPL-3.0-only,docs/PERIODIC_CONTENT_LINKS.csv,high,Original refractory titanium oxide implementation.
497,OMNI_PT_UROX,UROX,Uranium oxide,二氧化铀,canonical,OMNI_PT_UROX,omnipack_material,oxide,SC_NUCLEAR,true,periodic_only,periodic_table,periodic_table,8|92,O|U,oxide,canonical,chemistry,disabled_blocks_selection_and_updates;loaded_particles_preserved,compatible,registry_summary+structured_catalog+runtime_properties,TPT-ZH-OmniPack/original,0eb4e11dd41fe4da72b8f8a1db65fa07a77898b1,src/simulation/elements/UROX.cpp,GPL-3.0-only,docs/PERIODIC_CONTENT_LINKS.csv,high,Original bounded uranium oxide chemistry proxy without isotope precision claims.
498,OMNI_PT_CAPH,CAPH,Calcium phosphate,磷酸钙,canonical,OMNI_PT_CAPH,omnipack_material,salt,SC_POWDERS,true,periodic_only,periodic_table,periodic_table,8|15|20,O|P|Ca,salt,canonical,chemistry,disabled_blocks_selection_and_updates;loaded_particles_preserved,compatible,registry_summary+structured_catalog+runtime_properties,TPT-ZH-OmniPack/original,0eb4e11dd41fe4da72b8f8a1db65fa07a77898b1,src/simulation/elements/CAPH.cpp,GPL-3.0-only,docs/PERIODIC_CONTENT_LINKS.csv,high,Original bounded phosphate mineral and fertilizer integration.
499,OMNI_PT_FESF,FESF,Iron sulfide,硫化铁,canonical,OMNI_PT_FESF,omnipack_material,sulfide,SC_POWDERS,true,periodic_only,periodic_table,periodic_table,16|26,S|Fe,sulfide,canonical,chemistry,disabled_blocks_selection_and_updates;loaded_particles_preserved,compatible,registry_summary+structured_catalog+runtime_properties,TPT-ZH-OmniPack/original,0eb4e11dd41fe4da72b8f8a1db65fa07a77898b1,src/simulation/elements/FESF.cpp,GPL-3.0-only,docs/PERIODIC_CONTENT_LINKS.csv,high,Original bounded sulfide synthesis and acid gas-release cycle.
500,OMNI_PT_NASD,NASD,Sodium sulfide,硫化钠,canonical,OMNI_PT_NASD,omnipack_material,sulfide,SC_POWDERS,true,periodic_only,periodic_table,periodic_table,11|16,Na|S,sulfide,canonical,chemistry,disabled_blocks_selection_and_updates;loaded_particles_preserved,compatible,registry_summary+structured_catalog+runtime_properties,TPT-ZH-OmniPack/original,0eb4e11dd41fe4da72b8f8a1db65fa07a77898b1,src/simulation/elements/NASD.cpp,GPL-3.0-only,docs/PERIODIC_CONTENT_LINKS.csv,high,Original bounded alkali sulfide synthesis and acid response.
501,OMNI_PT_HYCN,HYCN,Hydrogen cyanide,氰化氢,canonical,OMNI_PT_HYCN,omnipack_material,other,SC_GAS,true,periodic_only,periodic_table,periodic_table,1|6|7,H|C|N,other,canonical,chemistry,disabled_blocks_selection_and_updates;loaded_particles_preserved,compatible,registry_summary+structured_catalog+runtime_properties,TPT-ZH-OmniPack/original,0eb4e11dd41fe4da72b8f8a1db65fa07a77898b1,src/simulation/elements/HYCN.cpp,GPL-3.0-only,docs/PERIODIC_CONTENT_LINKS.csv,high,Original direct-only toxic gas proxy with bounded cleanup and no manufacturing guidance.
502,OMNI_PT_CACB,CACB,Calcium carbide,碳化钙,canonical,OMNI_PT_CACB,omnipack_material,carbide,SC_POWDERS,true,periodic_only,periodic_table,periodic_table,6|20,C|Ca,carbide,canonical,chemistry,disabled_blocks_selection_and_updates;loaded_particles_preserved,compatible,registry_summary+structured_catalog+runtime_properties,TPT-ZH-OmniPack/original,0eb4e11dd41fe4da72b8f8a1db65fa07a77898b1,src/simulation/elements/CACB.cpp,GPL-3.0-only,docs/PERIODIC_CONTENT_LINKS.csv,high,Original bounded game-scale carbide and acetylene path without real operating instructions.
503,OMNI_PT_SICB,SICB,Silicon carbide,碳化硅,canonical,OMNI_PT_SICB,omnipack_material,carbide,SC_SOLIDS,true,alloy_menu,material_library:alloy_engineering,material_library:alloy_engineering+periodic_table,6|14,C|Si,carbide,canonical,chemistry,disabled_blocks_selection_and_updates;loaded_particles_preserved,compatible,registry_summary+structured_catalog+runtime_properties,TPT-ZH-OmniPack/original,0eb4e11dd41fe4da72b8f8a1db65fa07a77898b1,src/simulation/elements/SICB.cpp,GPL-3.0-only,docs/ELEMENT_CONTENT.csv,high,Original bounded refractory carbide production and oxidation implementation.
504,OMNI_PT_BORN,BORN,Boron nitride,氮化硼,canonical,OMNI_PT_BORN,omnipack_material,nitride,SC_SOLIDS,true,alloy_menu,material_library:alloy_engineering,material_library:alloy_engineering+periodic_table,5|7,B|N,nitride,canonical,chemistry,disabled_blocks_selection_and_updates;loaded_particles_preserved,compatible,registry_summary+structured_catalog+runtime_properties,TPT-ZH-OmniPack/original,0eb4e11dd41fe4da72b8f8a1db65fa07a77898b1,src/simulation/elements/BORN.cpp,GPL-3.0-only,docs/ELEMENT_CONTENT.csv,high,Original bounded nitride ceramic with declarative neutron absorption.
505,OMNI_PT_SINT,SINT,Silicon nitride,氮化硅,canonical,OMNI_PT_SINT,omnipack_material,nitride,SC_SOLIDS,true,alloy_menu,material_library:alloy_engineering,material_library:alloy_engineering+periodic_table,7|14,N|Si,nitride,canonical,chemistry,disabled_blocks_selection_and_updates;loaded_particles_preserved,compatible,registry_summary+structured_catalog+runtime_properties,TPT-ZH-OmniPack/original,0eb4e11dd41fe4da72b8f8a1db65fa07a77898b1,src/simulation/elements/SINT.cpp,GPL-3.0-only,docs/ELEMENT_CONTENT.csv,high,Original bounded nitride ceramic production and differentiated thermal properties.
506,OMNI_PT_NAHY,NAHY,Sodium hydride,氢化钠,canonical,OMNI_PT_NAHY,omnipack_material,hydride,SC_POWDERS,true,periodic_only,periodic_table,periodic_table,1|11,H|Na,hydride,canonical,chemistry,disabled_blocks_selection_and_updates;loaded_particles_preserved,compatible,registry_summary+structured_catalog+runtime_properties,TPT-ZH-OmniPack/original,0eb4e11dd41fe4da72b8f8a1db65fa07a77898b1,src/simulation/elements/NAHY.cpp,GPL-3.0-only,docs/PERIODIC_CONTENT_LINKS.csv,high,Original bounded hydride synthesis and water reaction proxy.
507,OMNI_PT_CAHY,CAHY,Calcium hydride,氢化钙,canonical,OMNI_PT_CAHY,omnipack_material,hydride,SC_POWDERS,true,periodic_only,periodic_table,periodic_table,1|20,H|Ca,hydride,canonical,chemistry,disabled_blocks_selection_and_updates;loaded_particles_preserved,compatible,registry_summary+structured_catalog+runtime_properties,TPT-ZH-OmniPack/original,0eb4e11dd41fe4da72b8f8a1db65fa07a77898b1,src/simulation/elements/CAHY.cpp,GPL-3.0-only,docs/PERIODIC_CONTENT_LINKS.csv,high,Original bounded alkaline-earth hydride synthesis and water reaction proxy.
508,OMNI_PT_ALCL,ALCL,Aluminium chloride,氯化铝,canonical,OMNI_PT_ALCL,omnipack_material,halide,SC_POWDERS,true,periodic_only,periodic_table,periodic_table,13|17,Al|Cl,halide,canonical,chemistry,disabled_blocks_selection_and_updates;loaded_particles_preserved,compatible,registry_summary+structured_catalog+runtime_properties,TPT-ZH-OmniPack/original,0eb4e11dd41fe4da72b8f8a1db65fa07a77898b1,src/simulation/elements/ALCL.cpp,GPL-3.0-only,docs/PERIODIC_CONTENT_LINKS.csv,high,Original typed aluminium chloride formation and hydrolysis cycle.
509,OMNI_PT_MGCL,MGCL,Magnesium chloride,氯化镁,canonical,OMNI_PT_MGCL,omnipack_material,halide,SC_POWDERS,true,periodic_only,periodic_table,periodic_table,12|17,Mg|Cl,halide,canonical,chemistry,disabled_blocks_selection_and_updates;loaded_particles_preserved,compatible,registry_summary+structured_catalog+runtime_properties,TPT-ZH-OmniPack/original,0eb4e11dd41fe4da72b8f8a1db65fa07a77898b1,src/simulation/elements/MGCL.cpp,GPL-3.0-only,docs/PERIODIC_CONTENT_LINKS.csv,high,Original typed magnesium chloride formation and hydrolysis cycle.
510,OMNI_PT_CUCL,CUCL,Copper chloride,氯化铜,canonical,OMNI_PT_CUCL,omnipack_material,halide,SC_POWDERS,true,periodic_only,periodic_table,periodic_table,17|29,Cl|Cu,halide,canonical,chemistry,disabled_blocks_selection_and_updates;loaded_particles_preserved,compatible,registry_summary+structured_catalog+runtime_properties,TPT-ZH-OmniPack/original,0eb4e11dd41fe4da72b8f8a1db65fa07a77898b1,src/simulation/elements/CUCL.cpp,GPL-3.0-only,docs/PERIODIC_CONTENT_LINKS.csv,high,Original typed copper chloride formation and displacement cycle.
511,OMNI_PT_AMCL,AMCL,Ammonium chloride,氯化铵,canonical,OMNI_PT_AMCL,omnipack_material,halide,SC_POWDERS,true,periodic_only,periodic_table,periodic_table,1|7|17,H|N|Cl,halide,canonical,chemistry,disabled_blocks_selection_and_updates;loaded_particles_preserved,compatible,registry_summary+structured_catalog+runtime_properties,TPT-ZH-OmniPack/original,0eb4e11dd41fe4da72b8f8a1db65fa07a77898b1,src/simulation/elements/AMCL.cpp,GPL-3.0-only,docs/PERIODIC_CONTENT_LINKS.csv,high,Original typed ammonium chloride formation and bounded thermal release.
512,OMNI_PT_SOLD,SOLD,Solder,锡铅合金,canonical,OMNI_PT_SOLD,omnipack_material,alloy,SC_SOLIDS,true,alloy_menu,material_library:alloy_engineering,material_library:alloy_engineering+periodic_table,50|82,Sn|Pb,alloy,canonical,metallurgy,disabled_blocks_selection_and_updates;loaded_particles_preserved,compatible,registry_summary+structured_catalog+runtime_properties,TPT-ZH-OmniPack/original,4f473ebefe59e436228ec7799f9363d39fe166b1,src/simulation/elements/SOLD.cpp,GPL-3.0-only,src/simulation/OmniMetallurgy.cpp,high,Original high-ID engineering alloy and bounded metallurgy integration.
513,OMNI_PT_CSTI,CSTI,Cast Iron,铸铁,canonical,OMNI_PT_CSTI,omnipack_material,alloy,SC_SOLIDS,true,alloy_menu,material_library:alloy_engineering,material_library:alloy_engineering+periodic_table,6|26,C|Fe,alloy,canonical,metallurgy,disabled_blocks_selection_and_updates;loaded_particles_preserved,compatible,registry_summary+structured_catalog+runtime_properties,TPT-ZH-OmniPack/original,592643e168ffd111d1e11000eb2e538053c29d3c,src/simulation/elements/CSTI.cpp,GPL-3.0-only,src/simulation/OmniMetallurgy.cpp,high,Original bounded cast-iron recipe and thermal-shock behavior.
514,OMNI_PT_CUNI,CUNI,Cupronickel,白铜,canonical,OMNI_PT_CUNI,omnipack_material,alloy,SC_SOLIDS,true,alloy_menu,material_library:alloy_engineering,material_library:alloy_engineering+periodic_table,28|29,Ni|Cu,alloy,canonical,metallurgy,disabled_blocks_selection_and_updates;loaded_particles_preserved,compatible,registry_summary+structured_catalog+runtime_properties,TPT-ZH-OmniPack/original,592643e168ffd111d1e11000eb2e538053c29d3c,src/simulation/elements/CUNI.cpp,GPL-3.0-only,src/simulation/OmniMetallurgy.cpp,high,Original corrosion-resistant copper-nickel alloy implementation.
515,OMNI_PT_TIAL,TIAL,Titanium Alloy,钛合金,canonical,OMNI_PT_TIAL,omnipack_material,alloy,SC_SOLIDS,true,alloy_menu,material_library:alloy_engineering,material_library:alloy_engineering+periodic_table,13|22|23,Al|Ti|V,alloy,canonical,metallurgy,disabled_blocks_selection_and_updates;loaded_particles_preserved,compatible,registry_summary+structured_catalog+runtime_properties,TPT-ZH-OmniPack/original,592643e168ffd111d1e11000eb2e538053c29d3c,src/simulation/elements/TIAL.cpp,GPL-3.0-only,src/simulation/OmniMetallurgy.cpp,high,Original lightweight structural alloy and passivation proxy.
516,OMNI_PT_NSAL,NSAL,Nickel Superalloy,镍基高温合金,canonical,OMNI_PT_NSAL,omnipack_material,alloy,SC_SOLIDS,true,alloy_menu,material_library:alloy_engineering,material_library:alloy_engineering+periodic_table,24|27|28,Cr|Co|Ni,alloy,canonical,metallurgy,disabled_blocks_selection_and_updates;loaded_particles_preserved,compatible,registry_summary+structured_catalog+runtime_properties,TPT-ZH-OmniPack/original,592643e168ffd111d1e11000eb2e538053c29d3c,src/simulation/elements/NSAL.cpp,GPL-3.0-only,src/simulation/OmniMetallurgy.cpp,high,Original high-temperature nickel engineering alloy.
517,OMNI_PT_WALY,WALY,Tungsten Heavy Alloy,钨重合金,canonical,OMNI_PT_WALY,omnipack_material,alloy,SC_SOLIDS,true,alloy_menu,material_library:alloy_engineering,material_library:alloy_engineering+periodic_table,26|28|74,Fe|Ni|W,alloy,canonical,metallurgy,disabled_blocks_selection_and_updates;loaded_particles_preserved,compatible,registry_summary+structured_catalog+runtime_properties,TPT-ZH-OmniPack/original,592643e168ffd111d1e11000eb2e538053c29d3c,src/simulation/elements/WALY.cpp,GPL-3.0-only,src/simulation/OmniMetallurgy.cpp,high,Original dense refractory alloy with bounded neutron-shielding behavior.
518,OMNI_PT_ZRAL,ZRAL,Zirconium Alloy,锆合金,canonical,OMNI_PT_ZRAL,omnipack_material,alloy,SC_SOLIDS,true,alloy_menu,material_library:alloy_engineering,material_library:alloy_engineering+periodic_table,40|50,Zr|Sn,alloy,canonical,metallurgy,disabled_blocks_selection_and_updates;loaded_particles_preserved,compatible,registry_summary+structured_catalog+runtime_properties,TPT-ZH-OmniPack/original,592643e168ffd111d1e11000eb2e538053c29d3c,src/simulation/elements/ZRAL.cpp,GPL-3.0-only,src/simulation/OmniMetallurgy.cpp,high,Original nuclear-cladding alloy with bounded steam oxidation risk.
519,OMNI_PT_CNST,CNST,Constantan,康铜,canonical,OMNI_PT_CNST,omnipack_material,alloy,SC_SOLIDS,true,alloy_menu,material_library:alloy_engineering,material_library:alloy_engineering+periodic_table,28|29,Ni|Cu,alloy,canonical,metallurgy,disabled_blocks_selection_and_updates;loaded_particles_preserved,compatible,registry_summary+structured_catalog+runtime_properties,TPT-ZH-OmniPack/original,592643e168ffd111d1e11000eb2e538053c29d3c,src/simulation/elements/CNST.cpp,GPL-3.0-only,src/simulation/OmniMetallurgy.cpp,high,Original bounded resistance-wire alloy distinct from hotter nichrome.
520,OMNI_PT_NITI,NITI,Nitinol,镍钛记忆合金,canonical,OMNI_PT_NITI,omnipack_material,alloy,SC_SOLIDS,true,alloy_menu,material_library:alloy_engineering,material_library:alloy_engineering+periodic_table,22|28,Ti|Ni,alloy,canonical,metallurgy,disabled_blocks_selection_and_updates;loaded_particles_preserved,compatible,registry_summary+structured_catalog+runtime_properties,TPT-ZH-OmniPack/original,592643e168ffd111d1e11000eb2e538053c29d3c,src/simulation/elements/NITI.cpp,GPL-3.0-only,src/simulation/OmniMetallurgy.cpp,high,Original bounded two-state shape-memory proxy without global scans.
521,OMNI_PT_GYPS,GYPS,Gypsum,石膏,canonical,OMNI_PT_GYPS,omnipack_material,mineral,SC_POWDERS,true,alloy_menu,material_library:alloy_engineering,material_library:alloy_engineering+periodic_table,1|8|16|20,H|O|S|Ca,mineral,canonical,metallurgy,disabled_blocks_selection_and_updates;loaded_particles_preserved,compatible,registry_summary+structured_catalog+runtime_properties,TPT-ZH-OmniPack/original,a535656d21fb94c46a05f0091c826151a09adbf7,src/simulation/elements/GYPS.cpp,GPL-3.0-only,docs/ELEMENT_CONTENT.csv,high,Original bounded dehydration and rehydration mineral cycle.
522,OMNI_PT_BAUX,BAUX,Bauxite,铝土矿,canonical,OMNI_PT_BAUX,omnipack_material,mineral,SC_POWDERS,true,alloy_menu,material_library:alloy_engineering,material_library:alloy_engineering+periodic_table,1|8|13,H|O|Al,mineral,canonical,metallurgy,disabled_blocks_selection_and_updates;loaded_particles_preserved,compatible,registry_summary+structured_catalog+runtime_properties,TPT-ZH-OmniPack/original,a535656d21fb94c46a05f0091c826151a09adbf7,src/simulation/elements/BAUX.cpp,GPL-3.0-only,docs/ELEMENT_CONTENT.csv,medium,Original local bauxite refining proxy.
523,OMNI_PT_CUOR,CUOR,Copper Ore,铜矿石,canonical,OMNI_PT_CUOR,omnipack_material,mineral,SC_POWDERS,true,alloy_menu,material_library:alloy_engineering,material_library:alloy_engineering+periodic_table,8|29,O|Cu,mineral,canonical,metallurgy,disabled_blocks_selection_and_updates;loaded_particles_preserved,compatible,registry_summary+structured_catalog+runtime_properties,TPT-ZH-OmniPack/original,a535656d21fb94c46a05f0091c826151a09adbf7,src/simulation/elements/CUOR.cpp,GPL-3.0-only,src/simulation/OmniMaterials.cpp,medium,Original bounded copper ore reduction path.
524,OMNI_PT_ZNOR,ZNOR,Zinc Ore,锌矿石,canonical,OMNI_PT_ZNOR,omnipack_material,mineral,SC_POWDERS,true,alloy_menu,material_library:alloy_engineering,material_library:alloy_engineering+periodic_table,8|30,O|Zn,mineral,canonical,metallurgy,disabled_blocks_selection_and_updates;loaded_particles_preserved,compatible,registry_summary+structured_catalog+runtime_properties,TPT-ZH-OmniPack/original,a535656d21fb94c46a05f0091c826151a09adbf7,src/simulation/elements/ZNOR.cpp,GPL-3.0-only,src/simulation/OmniMaterials.cpp,medium,Original bounded zinc ore reduction path.
525,OMNI_PT_PBOR,PBOR,Lead Ore,铅矿石,canonical,OMNI_PT_PBOR,omnipack_material,mineral,SC_POWDERS,true,alloy_menu,material_library:alloy_engineering,material_library:alloy_engineering+periodic_table,16|82,S|Pb,mineral,canonical,metallurgy,disabled_blocks_selection_and_updates;loaded_particles_preserved,compatible,registry_summary+structured_catalog+runtime_properties,TPT-ZH-OmniPack/original,a535656d21fb94c46a05f0091c826151a09adbf7,src/simulation/elements/PBOR.cpp,GPL-3.0-only,src/simulation/OmniMaterials.cpp,medium,Original bounded lead sulfide ore proxy.
526,OMNI_PT_UORE,UORE,Uranium Ore,铀矿石,canonical,OMNI_PT_UORE,omnipack_material,mineral,SC_NUCLEAR,true,alloy_menu,material_library:alloy_engineering,material_library:alloy_engineering+periodic_table,8|92,O|U,mineral,canonical,metallurgy,disabled_blocks_selection_and_updates;loaded_particles_preserved,compatible,registry_summary+structured_catalog+runtime_properties,TPT-ZH-OmniPack/original,a535656d21fb94c46a05f0091c826151a09adbf7,src/simulation/elements/UORE.cpp,GPL-3.0-only,src/simulation/OmniMaterials.cpp,medium,Original bounded uranium ore extraction proxy.
527,OMNI_PT_FELD,FELD,Feldspar,长石,canonical,OMNI_PT_FELD,omnipack_material,mineral,SC_POWDERS,true,alloy_menu,material_library:alloy_engineering,material_library:alloy_engineering+periodic_table,8|11|13|14|19|20,O|Na|Al|Si|K|Ca,mineral,canonical,metallurgy,disabled_blocks_selection_and_updates;loaded_particles_preserved,compatible,registry_summary+structured_catalog+runtime_properties,TPT-ZH-OmniPack/original,a535656d21fb94c46a05f0091c826151a09adbf7,src/simulation/elements/FELD.cpp,GPL-3.0-only,docs/ELEMENT_CONTENT.csv,medium,Original local feldspar glassmaking path.
528,OMNI_PT_CEMT,CEMT,Cement,水泥,canonical,OMNI_PT_CEMT,omnipack_material,engineering,SC_POWDERS,true,alloy_menu,material_library:alloy_engineering,material_library:alloy_engineering+periodic_table,8|14|20,O|Si|Ca,engineering,canonical,metallurgy,disabled_blocks_selection_and_updates;loaded_particles_preserved,compatible,registry_summary+structured_catalog+runtime_properties,TPT-ZH-OmniPack/original,a535656d21fb94c46a05f0091c826151a09adbf7,src/simulation/elements/CEMT.cpp,GPL-3.0-only,docs/ELEMENT_CONTENT.csv,medium,Original bounded hydration timer reusing official concrete.
529,OMNI_PT_ALCR,ALCR,Alumina Ceramic,氧化铝陶瓷,canonical,OMNI_PT_ALCR,omnipack_material,ceramic,SC_SOLIDS,true,alloy_menu,material_library:alloy_engineering,material_library:alloy_engineering+periodic_table,8|13,O|Al,ceramic,canonical,metallurgy,disabled_blocks_selection_and_updates;loaded_particles_preserved,compatible,registry_summary+structured_catalog+runtime_properties,TPT-ZH-OmniPack/original,a535656d21fb94c46a05f0091c826151a09adbf7,src/simulation/elements/ALCR.cpp,GPL-3.0-only,docs/ELEMENT_CONTENT.csv,high,Original high-temperature alumina ceramic material.
530,OMNI_PT_BSGL,BSGL,Borosilicate Glass,硼硅玻璃,canonical,OMNI_PT_BSGL,omnipack_material,glass,SC_SOLIDS,true,alloy_menu,material_library:alloy_engineering,material_library:alloy_engineering+periodic_table,5|8|14,B|O|Si,glass,canonical,metallurgy,disabled_blocks_selection_and_updates;loaded_particles_preserved,compatible,registry_summary+structured_catalog+runtime_properties,TPT-ZH-OmniPack/original,a535656d21fb94c46a05f0091c826151a09adbf7,src/simulation/elements/BSGL.cpp,GPL-3.0-only,docs/ELEMENT_CONTENT.csv,high,Original refracting borosilicate glass proxy integrated with official optics.
531,OMNI_PT_QGLS,QGLS,Quartz Glass,石英玻璃,canonical,OMNI_PT_QGLS,omnipack_material,glass,SC_SOLIDS,true,alloy_menu,material_library:alloy_engineering,material_library:alloy_engineering+periodic_table,8|14,O|Si,glass,canonical,metallurgy,disabled_blocks_selection_and_updates;loaded_particles_preserved,compatible,registry_summary+structured_catalog+runtime_properties,TPT-ZH-OmniPack/original,a535656d21fb94c46a05f0091c826151a09adbf7,src/simulation/elements/QGLS.cpp,GPL-3.0-only,docs/ELEMENT_CONTENT.csv,high,Original fused silica quench and optical material proxy.
532,OMNI_PT_RFBK,RFBK,Refractory Brick,耐火砖,canonical,OMNI_PT_RFBK,omnipack_material,ceramic,SC_SOLIDS,true,alloy_menu,material_library:alloy_engineering,material_library:alloy_engineering+periodic_table,8|13|14,O|Al|Si,ceramic,canonical,metallurgy,disabled_blocks_selection_and_updates;loaded_particles_preserved,compatible,registry_summary+structured_catalog+runtime_properties,TPT-ZH-OmniPack/original,a535656d21fb94c46a05f0091c826151a09adbf7,src/simulation/elements/RFBK.cpp,GPL-3.0-only,docs/ELEMENT_CONTENT.csv,medium,Original bounded refractory brick firing and quench behavior.
576,OMNI_PT_H2IS,DTER,Hydrogen-2,氢-2,canonical,OMNI_PT_H2IS,omnipack_material,isotope,SC_NUCLEAR,true,periodic_only,periodic_table,periodic_table,1,H,isotope,canonical,nuclear,disabled_blocks_selection_and_updates;loaded_particles_preserved,compatible,registry_summary+structured_catalog+runtime_properties,TPT-ZH-OmniPack/original,8fbfb74745ba812acd690202a327f933585b27f0,src/simulation/elements/H2IS.cpp,GPL-3.0-only,docs/PERIODIC_CONTENT_LINKS.csv,high,Original stable deuterium isotope distinct from official heavy-water DEUT.
577,OMNI_PT_H3IS,TRIT,Hydrogen-3,氢-3,canonical,OMNI_PT_H3IS,omnipack_material,isotope,SC_NUCLEAR,true,periodic_only,periodic_table,periodic_table,1,H,isotope,canonical,nuclear,disabled_blocks_selection_and_updates;loaded_particles_preserved,compatible,registry_summary+structured_catalog+runtime_properties,TPT-ZH-OmniPack/original,8fbfb74745ba812acd690202a327f933585b27f0,src/simulation/elements/H3IS.cpp,GPL-3.0-only,docs/PERIODIC_CONTENT_LINKS.csv,high,Original bounded tritium decay proxy.
578,OMNI_PT_C14I,CTRC,Carbon-14,碳-14,canonical,OMNI_PT_C14I,omnipack_material,isotope,SC_NUCLEAR,true,periodic_only,periodic_table,periodic_table,6,C,isotope,canonical,nuclear,disabled_blocks_selection_and_updates;loaded_particles_preserved,compatible,registry_summary+structured_catalog+runtime_properties,TPT-ZH-OmniPack/original,8fbfb74745ba812acd690202a327f933585b27f0,src/simulation/elements/C14I.cpp,GPL-3.0-only,docs/PERIODIC_CONTENT_LINKS.csv,high,Original bounded carbon tracer isotope.
579,OMNI_PT_CO60,COGM,Cobalt-60,钴-60,canonical,OMNI_PT_CO60,omnipack_material,isotope,SC_NUCLEAR,true,periodic_only,periodic_table,periodic_table,27,Co,isotope,canonical,nuclear,disabled_blocks_selection_and_updates;loaded_particles_preserved,compatible,registry_summary+structured_catalog+runtime_properties,TPT-ZH-OmniPack/original,8fbfb74745ba812acd690202a327f933585b27f0,src/simulation/elements/CO60.cpp,GPL-3.0-only,docs/PERIODIC_CONTENT_LINKS.csv,high,Original neutron-activation and gamma-source proxy.
580,OMNI_PT_SR90,SRBT,Strontium-90,锶-90,canonical,OMNI_PT_SR90,omnipack_material,isotope,SC_NUCLEAR,true,periodic_only,periodic_table,periodic_table,38,Sr,isotope,canonical,nuclear,disabled_blocks_selection_and_updates;loaded_particles_preserved,compatible,registry_summary+structured_catalog+runtime_properties,TPT-ZH-OmniPack/original,8fbfb74745ba812acd690202a327f933585b27f0,src/simulation/elements/SR90.cpp,GPL-3.0-only,docs/PERIODIC_CONTENT_LINKS.csv,high,Original bounded fission-product waste isotope.
581,OMNI_PT_I131,IODR,Iodine-131,碘-131,canonical,OMNI_PT_I131,omnipack_material,isotope,SC_NUCLEAR,true,periodic_only,periodic_table,periodic_table,53,I,isotope,canonical,nuclear,disabled_blocks_selection_and_updates;loaded_particles_preserved,compatible,registry_summary+structured_catalog+runtime_properties,TPT-ZH-OmniPack/original,8fbfb74745ba812acd690202a327f933585b27f0,src/simulation/elements/I131.cpp,GPL-3.0-only,docs/PERIODIC_CONTENT_LINKS.csv,high,Original short-lived volatile fission-product proxy.
582,OMNI_PT_CS37,CSGM,Caesium-137,铯-137,canonical,OMNI_PT_CS37,omnipack_material,isotope,SC_NUCLEAR,true,periodic_only,periodic_table,periodic_table,55,Cs,isotope,canonical,nuclear,disabled_blocks_selection_and_updates;loaded_particles_preserved,compatible,registry_summary+structured_catalog+runtime_properties,TPT-ZH-OmniPack/original,8fbfb74745ba812acd690202a327f933585b27f0,src/simulation/elements/CS37.cpp,GPL-3.0-only,docs/PERIODIC_CONTENT_LINKS.csv,high,Original bounded caesium contamination isotope.
583,OMNI_PT_TH32,THRT,Thorium-232,钍-232,canonical,OMNI_PT_TH32,omnipack_material,isotope,SC_NUCLEAR,true,periodic_only,periodic_table,periodic_table,90,Th,isotope,canonical,nuclear,disabled_blocks_selection_and_updates;loaded_particles_preserved,compatible,registry_summary+structured_catalog+runtime_properties,TPT-ZH-OmniPack/original,8fbfb74745ba812acd690202a327f933585b27f0,src/simulation/elements/TH32.cpp,GPL-3.0-only,docs/PERIODIC_CONTENT_LINKS.csv,high,Original bounded thorium fuel-cycle proxy.
584,OMNI_PT_U235,UFIS,Uranium-235,铀-235,canonical,OMNI_PT_U235,omnipack_material,isotope,SC_NUCLEAR,true,periodic_only,periodic_table,periodic_table,92,U,isotope,canonical,nuclear,disabled_blocks_selection_and_updates;loaded_particles_preserved,compatible,registry_summary+structured_catalog+runtime_properties,TPT-ZH-OmniPack/original,8fbfb74745ba812acd690202a327f933585b27f0,src/simulation/elements/U235.cpp,GPL-3.0-only,docs/PERIODIC_CONTENT_LINKS.csv,high,Original bounded fissile uranium isotope distinct from official generic URAN.
585,OMNI_PT_U238,UFRT,Uranium-238,铀-238,canonical,OMNI_PT_U238,omnipack_material,isotope,SC_NUCLEAR,true,periodic_only,periodic_table,periodic_table,92,U,isotope,canonical,nuclear,disabled_blocks_selection_and_updates;loaded_particles_preserved,compatible,registry_summary+structured_catalog+runtime_properties,TPT-ZH-OmniPack/original,8fbfb74745ba812acd690202a327f933585b27f0,src/simulation/elements/U238.cpp,GPL-3.0-only,docs/PERIODIC_CONTENT_LINKS.csv,high,Original bounded fertile uranium breeding proxy.
586,OMNI_PT_PU39,PUTF,Plutonium-239,钚-239,canonical,OMNI_PT_PU39,omnipack_material,isotope,SC_NUCLEAR,true,periodic_only,periodic_table,periodic_table,94,Pu,isotope,canonical,nuclear,disabled_blocks_selection_and_updates;loaded_particles_preserved,compatible,registry_summary+structured_catalog+runtime_properties,TPT-ZH-OmniPack/original,8fbfb74745ba812acd690202a327f933585b27f0,src/simulation/elements/PU39.cpp,GPL-3.0-only,docs/PERIODIC_CONTENT_LINKS.csv,high,Original bounded plutonium isotope distinct from official generic PLUT.
587,OMNI_PT_AM41,AMIS,Americium-241,镅-241,canonical,OMNI_PT_AM41,omnipack_material,isotope,SC_NUCLEAR,true,periodic_only,periodic_table,periodic_table,95,Am,isotope,canonical,nuclear,disabled_blocks_selection_and_updates;loaded_particles_preserved,compatible,registry_summary+structured_catalog+runtime_properties,TPT-ZH-OmniPack/original,8fbfb74745ba812acd690202a327f933585b27f0,src/simulation/elements/AM41.cpp,GPL-3.0-only,docs/PERIODIC_CONTENT_LINKS.csv,high,Original bounded americium source and waste isotope.
588,OMNI_PT_CF52,CFNS,Californium-252,锎-252,canonical,OMNI_PT_CF52,omnipack_material,isotope,SC_NUCLEAR,true,periodic_only,periodic_table,periodic_table,98,Cf,isotope,canonical,nuclear,disabled_blocks_selection_and_updates;loaded_particles_preserved,compatible,registry_summary+structured_catalog+runtime_properties,TPT-ZH-OmniPack/original,8fbfb74745ba812acd690202a327f933585b27f0,src/simulation/elements/CF52.cpp,GPL-3.0-only,docs/PERIODIC_CONTENT_LINKS.csv,high,Original strictly budgeted californium neutron-source isotope.
589,OMNI_PT_CH4M,MTHN,Methane,甲烷,canonical,OMNI_PT_CH4M,omnipack_material,organic,SC_GAS,true,organic_menu,material_library:organic,material_library:organic+periodic_table,1|6,H|C,organic,canonical,chemistry,disabled_blocks_selection_and_updates;loaded_particles_preserved,compatible,registry_summary+structured_catalog+runtime_properties,TPT-ZH-OmniPack/original,4e001049781afde4bcd9d5db250903d73017b269,src/simulation/elements/CH4M.cpp,GPL-3.0-only,docs/ELEMENT_CONTENT.csv,high,Original bounded methane and steam-reforming implementation.
590,OMNI_PT_ETHA,ETHA,Ethane,乙烷,canonical,OMNI_PT_ETHA,omnipack_material,organic,SC_GAS,true,organic_menu,material_library:organic,material_library:organic+periodic_table,1|6,H|C,organic,canonical,chemistry,disabled_blocks_selection_and_updates;loaded_particles_preserved,compatible,registry_summary+structured_catalog+runtime_properties,TPT-ZH-OmniPack/original,4e001049781afde4bcd9d5db250903d73017b269,src/simulation/elements/ETHA.cpp,GPL-3.0-only,docs/ELEMENT_CONTENT.csv,high,Original bounded ethane cracking implementation.
591,OMNI_PT_PROP,PROP,Propane,丙烷,canonical,OMNI_PT_PROP,omnipack_material,organic,SC_GAS,true,organic_menu,material_library:organic,material_library:organic+periodic_table,1|6,H|C,organic,canonical,chemistry,disabled_blocks_selection_and_updates;loaded_particles_preserved,compatible,registry_summary+structured_catalog+runtime_properties,TPT-ZH-OmniPack/original,4e001049781afde4bcd9d5db250903d73017b269,src/simulation/elements/PROP.cpp,GPL-3.0-only,docs/ELEMENT_CONTENT.csv,high,Original bounded propane phase and cracking behavior.
592,OMNI_PT_BUTA,BUTA,Butane,丁烷,canonical,OMNI_PT_BUTA,omnipack_material,organic,SC_GAS,true,organic_menu,material_library:organic,material_library:organic+periodic_table,1|6,H|C,organic,canonical,chemistry,disabled_blocks_selection_and_updates;loaded_particles_preserved,compatible,registry_summary+structured_catalog+runtime_properties,TPT-ZH-OmniPack/original,4e001049781afde4bcd9d5db250903d73017b269,src/simulation/elements/BUTA.cpp,GPL-3.0-only,docs/ELEMENT_CONTENT.csv,high,Original bounded butane phase and cracking behavior.
593,OMNI_PT_ETHE,ETHE,Ethylene,乙烯,canonical,OMNI_PT_ETHE,omnipack_material,organic,SC_GAS,true,organic_menu,material_library:organic,material_library:organic+periodic_table,1|6,H|C,organic,canonical,chemistry,disabled_blocks_selection_and_updates;loaded_particles_preserved,compatible,registry_summary+structured_catalog+runtime_properties,TPT-ZH-OmniPack/original,4e001049781afde4bcd9d5db250903d73017b269,src/simulation/elements/ETHE.cpp,GPL-3.0-only,docs/ELEMENT_CONTENT.csv,high,Original bounded ethylene and canonical polyethylene route.
594,OMNI_PT_METH,MEOH,Methanol,甲醇,canonical,OMNI_PT_METH,omnipack_material,organic,SC_LIQUID,true,organic_menu,material_library:organic,material_library:organic+periodic_table,1|6|8,H|C|O,organic,canonical,chemistry,disabled_blocks_selection_and_updates;loaded_particles_preserved,compatible,registry_summary+structured_catalog+runtime_properties,TPT-ZH-OmniPack/original,4e001049781afde4bcd9d5db250903d73017b269,src/simulation/elements/METH.cpp,GPL-3.0-only,docs/ELEMENT_CONTENT.csv,high,Original bounded methanol oxidation and vapour proxy.
595,OMNI_PT_ACET,ACET,Acetone,丙酮,canonical,OMNI_PT_ACET,omnipack_material,organic,SC_LIQUID,true,organic_menu,material_library:organic,material_library:organic+periodic_table,1|6|8,H|C|O,organic,canonical,chemistry,disabled_blocks_selection_and_updates;loaded_particles_preserved,compatible,registry_summary+structured_catalog+runtime_properties,cbeimers113/cyens-toy-src,1b74504e4642cd967c0079499b57faa7f37d9668,src/simulation/elements/ACET.cpp,GPL-3.0-only,docs/ELEMENT_CONTENT.csv,high,Cyens GPL acetone concept rewritten with current bounded chemistry and no copied update function.
596,OMNI_PT_BENZ,BENZ,Benzene,苯,canonical,OMNI_PT_BENZ,omnipack_material,organic,SC_LIQUID,true,organic_menu,material_library:organic,material_library:organic+periodic_table,1|6,H|C,organic,canonical,chemistry,disabled_blocks_selection_and_updates;loaded_particles_preserved,compatible,registry_summary+structured_catalog+runtime_properties,TPT-ZH-OmniPack/original,4e001049781afde4bcd9d5db250903d73017b269,src/simulation/elements/BENZ.cpp,GPL-3.0-only,docs/ELEMENT_CONTENT.csv,high,Original bounded aromatic synthesis implementation.
597,OMNI_PT_TOLU,TOLU,Toluene,甲苯,canonical,OMNI_PT_TOLU,omnipack_material,organic,SC_LIQUID,true,organic_menu,material_library:organic,material_library:organic+periodic_table,1|6,H|C,organic,canonical,chemistry,disabled_blocks_selection_and_updates;loaded_particles_preserved,compatible,registry_summary+structured_catalog+runtime_properties,TPT-ZH-OmniPack/original,4e001049781afde4bcd9d5db250903d73017b269,src/simulation/elements/TOLU.cpp,GPL-3.0-only,docs/ELEMENT_CONTENT.csv,high,Original bounded toluene synthesis and vapour proxy.
598,OMNI_PT_GLYC,GLYC,Glycerol,甘油,canonical,OMNI_PT_GLYC,omnipack_material,organic,SC_LIQUID,true,organic_menu,material_library:organic,material_library:organic+periodic_table,1|6|8,H|C|O,organic,canonical,chemistry,disabled_blocks_selection_and_updates;loaded_particles_preserved,compatible,registry_summary+structured_catalog+runtime_properties,TPT-ZH-OmniPack/original,4e001049781afde4bcd9d5db250903d73017b269,src/simulation/elements/GLYC.cpp,GPL-3.0-only,docs/ELEMENT_CONTENT.csv,high,Original bounded glycerol and deliberately abstract high-energy proxy.
599,OMNI_PT_ACTA,ACTA,Acetic Acid,乙酸,canonical,OMNI_PT_ACTA,omnipack_material,organic,SC_LIQUID,true,organic_menu,material_library:organic,material_library:organic+periodic_table,1|6|8,H|C|O,organic,canonical,chemistry,disabled_blocks_selection_and_updates;loaded_particles_preserved,compatible,registry_summary+structured_catalog+runtime_properties,TPT-ZH-OmniPack/original,4e001049781afde4bcd9d5db250903d73017b269,src/simulation/elements/ACTA.cpp,GPL-3.0-only,docs/ELEMENT_CONTENT.csv,high,Original bounded weak-acid oxidation and ketonisation network.
600,OMNI_PT_UREA,UREA,Urea,尿素,canonical,OMNI_PT_UREA,omnipack_material,organic,SC_POWDERS,true,organic_menu,material_library:organic,material_library:organic+periodic_table,1|6|7|8,H|C|N|O,organic,canonical,chemistry,disabled_blocks_selection_and_updates;loaded_particles_preserved,compatible,registry_summary+structured_catalog+runtime_properties,cbeimers113/cyens-toy-src,1b74504e4642cd967c0079499b57faa7f37d9668,src/simulation/elements/UREA.cpp,GPL-3.0-only,docs/ELEMENT_CONTENT.csv,high,Cyens GPL urea concept rewritten with current synthesis hydrolysis and bounded budget.
601,OMNI_PT_FATS,FATS,Fats,油脂,canonical,OMNI_PT_FATS,omnipack_material,organic,SC_LIQUID,true,organic_menu,material_library:organic,material_library:organic+periodic_table,1|6|8,H|C|O,organic,canonical,chemistry,disabled_blocks_selection_and_updates;loaded_particles_preserved,compatible,registry_summary+structured_catalog+runtime_properties,TPT-ZH-OmniPack/original,4e001049781afde4bcd9d5db250903d73017b269,src/simulation/elements/FATS.cpp,GPL-3.0-only,docs/ELEMENT_CONTENT.csv,medium,Original bounded fat saponification implementation distinct from petroleum OIL.
602,OMNI_PT_GLUC,GLUC,Glucose,葡萄糖,canonical,OMNI_PT_GLUC,omnipack_material,organic,SC_POWDERS,true,organic_menu,material_library:organic,material_library:organic+periodic_table,1|6|8,H|C|O,organic,canonical,chemistry,disabled_blocks_selection_and_updates;loaded_particles_preserved,compatible,registry_summary+structured_catalog+runtime_properties,TPT-ZH-OmniPack/original,a24af94f3a3efb2d1b87534128a7cd1b1a31ceca,src/simulation/elements/GLUC.cpp,GPL-3.0-only,docs/ELEMENT_CONTENT.csv,high,Original bounded biomolecule implementation.
603,OMNI_PT_STRC,STRC,Starch,淀粉,canonical,OMNI_PT_STRC,omnipack_material,polymer,SC_POWDERS,true,organic_menu,material_library:organic,material_library:organic+periodic_table,1|6|8,H|C|O,polymer,canonical,chemistry,disabled_blocks_selection_and_updates;loaded_particles_preserved,compatible,registry_summary+structured_catalog+runtime_properties,TPT-ZH-OmniPack/original,a24af94f3a3efb2d1b87534128a7cd1b1a31ceca,src/simulation/elements/STRC.cpp,GPL-3.0-only,docs/ELEMENT_CONTENT.csv,high,Original bounded starch hydrolysis implementation.
604,OMNI_PT_CELU,CELU,Cellulose,纤维素,canonical,OMNI_PT_CELU,omnipack_material,polymer,SC_SOLIDS,true,organic_menu,material_library:organic,material_library:organic+periodic_table,1|6|8,H|C|O,polymer,canonical,chemistry,disabled_blocks_selection_and_updates;loaded_particles_preserved,compatible,registry_summary+structured_catalog+runtime_properties,TPT-ZH-OmniPack/original,a24af94f3a3efb2d1b87534128a7cd1b1a31ceca,src/simulation/elements/CELU.cpp,GPL-3.0-only,docs/ELEMENT_CONTENT.csv,high,Precise cellulose kept distinct from official biological mixtures.
605,OMNI_PT_PRPE,PRPE,Propylene,丙烯,canonical,OMNI_PT_PRPE,omnipack_material,organic,SC_GAS,true,organic_menu,material_library:organic,material_library:organic+periodic_table,1|6,H|C,organic,canonical,chemistry,disabled_blocks_selection_and_updates;loaded_particles_preserved,compatible,registry_summary+structured_catalog+runtime_properties,TPT-ZH-OmniPack/original,a24af94f3a3efb2d1b87534128a7cd1b1a31ceca,src/simulation/elements/PRPE.cpp,GPL-3.0-only,docs/ELEMENT_CONTENT.csv,high,Original bounded propylene polymerisation implementation.
606,OMNI_PT_BDIE,BDIE,Butadiene,丁二烯,canonical,OMNI_PT_BDIE,omnipack_material,organic,SC_GAS,true,organic_menu,material_library:organic,material_library:organic+periodic_table,1|6,H|C,organic,canonical,chemistry,disabled_blocks_selection_and_updates;loaded_particles_preserved,compatible,registry_summary+structured_catalog+runtime_properties,TPT-ZH-OmniPack/original,a24af94f3a3efb2d1b87534128a7cd1b1a31ceca,src/simulation/elements/BDIE.cpp,GPL-3.0-only,docs/ELEMENT_CONTENT.csv,high,Original bounded rubber monomer implementation.
607,OMNI_PT_VCHL,VCHL,Vinyl Chloride,氯乙烯,canonical,OMNI_PT_VCHL,omnipack_material,organic,SC_GAS,true,organic_menu,material_library:organic,material_library:organic+periodic_table,1|6|17,H|C|Cl,organic,canonical,chemistry,disabled_blocks_selection_and_updates;loaded_particles_preserved,compatible,registry_summary+structured_catalog+runtime_properties,TPT-ZH-OmniPack/original,a24af94f3a3efb2d1b87534128a7cd1b1a31ceca,src/simulation/elements/VCHL.cpp,GPL-3.0-only,docs/ELEMENT_CONTENT.csv,high,Original bounded vinyl chloride and canonical chlorine separation.
608,OMNI_PT_STYR,STYR,Styrene,苯乙烯,canonical,OMNI_PT_STYR,omnipack_material,organic,SC_LIQUID,true,organic_menu,material_library:organic,material_library:organic+periodic_table,1|6,H|C,organic,canonical,chemistry,disabled_blocks_selection_and_updates;loaded_particles_preserved,compatible,registry_summary+structured_catalog+runtime_properties,TPT-ZH-OmniPack/original,a24af94f3a3efb2d1b87534128a7cd1b1a31ceca,src/simulation/elements/STYR.cpp,GPL-3.0-only,docs/ELEMENT_CONTENT.csv,high,Original bounded styrene polymerisation implementation.
609,OMNI_PT_TFET,TFET,Tetrafluoroethylene,四氟乙烯,canonical,OMNI_PT_TFET,omnipack_material,organic,SC_GAS,true,organic_menu,material_library:organic,material_library:organic+periodic_table,6|9,C|F,organic,canonical,chemistry,disabled_blocks_selection_and_updates;loaded_particles_preserved,compatible,registry_summary+structured_catalog+runtime_properties,TPT-ZH-OmniPack/original,a24af94f3a3efb2d1b87534128a7cd1b1a31ceca,src/simulation/elements/TFET.cpp,GPL-3.0-only,docs/ELEMENT_CONTENT.csv,high,Original bounded fluoropolymer route without manufacturing guidance.
610,OMNI_PT_ADIP,ADIP,Adipic Acid,己二酸,canonical,OMNI_PT_ADIP,omnipack_material,organic,SC_POWDERS,true,organic_menu,material_library:organic,material_library:organic+periodic_table,1|6|8,H|C|O,organic,canonical,chemistry,disabled_blocks_selection_and_updates;loaded_particles_preserved,compatible,registry_summary+structured_catalog+runtime_properties,TPT-ZH-OmniPack/original,a24af94f3a3efb2d1b87534128a7cd1b1a31ceca,src/simulation/elements/ADIP.cpp,GPL-3.0-only,docs/ELEMENT_CONTENT.csv,high,Original bounded nylon precursor implementation.
611,OMNI_PT_DIAM,DIAM,Diamine,己二胺,canonical,OMNI_PT_DIAM,omnipack_material,organic,SC_POWDERS,true,organic_menu,material_library:organic,material_library:organic+periodic_table,1|6|7,H|C|N,organic,canonical,chemistry,disabled_blocks_selection_and_updates;loaded_particles_preserved,compatible,registry_summary+structured_catalog+runtime_properties,TPT-ZH-OmniPack/original,a24af94f3a3efb2d1b87534128a7cd1b1a31ceca,src/simulation/elements/DIAM.cpp,GPL-3.0-only,docs/ELEMENT_CONTENT.csv,high,Original bounded diamine proxy.
612,OMNI_PT_ERES,ERES,Epoxy Resin,环氧树脂,canonical,OMNI_PT_ERES,omnipack_material,polymer,SC_LIQUID,true,organic_menu,material_library:organic,material_library:organic+periodic_table,1|6|8,H|C|O,polymer,canonical,chemistry,disabled_blocks_selection_and_updates;loaded_particles_preserved,compatible,registry_summary+structured_catalog+runtime_properties,TPT-ZH-OmniPack/original,a24af94f3a3efb2d1b87534128a7cd1b1a31ceca,src/simulation/elements/ERES.cpp,GPL-3.0-only,docs/ELEMENT_CONTENT.csv,medium,Original bounded thermoset curing implementation.
613,OMNI_PT_PPLY,PPLY,Polypropylene,聚丙烯,canonical,OMNI_PT_PPLY,omnipack_material,polymer,SC_SOLIDS,true,organic_menu,material_library:organic,material_library:organic+periodic_table,1|6,H|C,polymer,canonical,chemistry,disabled_blocks_selection_and_updates;loaded_particles_preserved,compatible,registry_summary+structured_catalog+runtime_properties,TPT-ZH-OmniPack/original,a24af94f3a3efb2d1b87534128a7cd1b1a31ceca,src/simulation/elements/PPLY.cpp,GPL-3.0-only,docs/ELEMENT_CONTENT.csv,high,Original polymer property profile distinct from POLY.
614,OMNI_PT_PVCL,PVCL,Polyvinyl Chloride,聚氯乙烯,canonical,OMNI_PT_PVCL,omnipack_material,polymer,SC_SOLIDS,true,organic_menu,material_library:organic,material_library:organic+periodic_table,1|6|17,H|C|Cl,polymer,canonical,chemistry,disabled_blocks_selection_and_updates;loaded_particles_preserved,compatible,registry_summary+structured_catalog+runtime_properties,TPT-ZH-OmniPack/original,a24af94f3a3efb2d1b87534128a7cd1b1a31ceca,src/simulation/elements/PVCL.cpp,GPL-3.0-only,docs/ELEMENT_CONTENT.csv,high,Original bounded PVC decomposition implementation.
615,OMNI_PT_PSTY,PSTY,Polystyrene,聚苯乙烯,canonical,OMNI_PT_PSTY,omnipack_material,polymer,SC_SOLIDS,true,organic_menu,material_library:organic,material_library:organic+periodic_table,1|6,H|C,polymer,canonical,chemistry,disabled_blocks_selection_and_updates;loaded_particles_preserved,compatible,registry_summary+structured_catalog+runtime_properties,TPT-ZH-OmniPack/original,a24af94f3a3efb2d1b87534128a7cd1b1a31ceca,src/simulation/elements/PSTY.cpp,GPL-3.0-only,docs/ELEMENT_CONTENT.csv,high,Original differentiated polystyrene profile.
616,OMNI_PT_NYLN,NYLN,Nylon,尼龙,canonical,OMNI_PT_NYLN,omnipack_material,polymer,SC_SOLIDS,true,organic_menu,material_library:organic,material_library:organic+periodic_table,1|6|7|8,H|C|N|O,polymer,canonical,chemistry,disabled_blocks_selection_and_updates;loaded_particles_preserved,compatible,registry_summary+structured_catalog+runtime_properties,TPT-ZH-OmniPack/original,a24af94f3a3efb2d1b87534128a7cd1b1a31ceca,src/simulation/elements/NYLN.cpp,GPL-3.0-only,docs/ELEMENT_CONTENT.csv,high,Original bounded nylon route and material profile.
617,OMNI_PT_RUBR,RUBR,Rubber,橡胶,canonical,OMNI_PT_RUBR,omnipack_material,polymer,SC_SOLIDS,true,organic_menu,material_library:organic,material_library:organic+periodic_table,1|6,H|C,polymer,canonical,chemistry,disabled_blocks_selection_and_updates;loaded_particles_preserved,compatible,registry_summary+structured_catalog+runtime_properties,TPT-ZH-OmniPack/original,a24af94f3a3efb2d1b87534128a7cd1b1a31ceca,src/simulation/elements/RUBR.cpp,GPL-3.0-only,docs/ELEMENT_CONTENT.csv,medium,Original rubber profile with bounded pressure deformation proxy.
618,OMNI_PT_EPXY,EPXY,Cured Epoxy,固化环氧,canonical,OMNI_PT_EPXY,omnipack_material,polymer,SC_SOLIDS,true,organic_menu,material_library:organic,material_library:organic+periodic_table,1|6|8,H|C|O,polymer,canonical,chemistry,disabled_blocks_selection_and_updates;loaded_particles_preserved,compatible,registry_summary+structured_catalog+runtime_properties,TPT-ZH-OmniPack/original,a24af94f3a3efb2d1b87534128a7cd1b1a31ceca,src/simulation/elements/EPXY.cpp,GPL-3.0-only,docs/ELEMENT_CONTENT.csv,medium,Original hard thermoset profile.
619,OMNI_PT_PTFE,PTFE,Polytetrafluoroethylene,聚四氟乙烯,canonical,OMNI_PT_PTFE,omnipack_material,polymer,SC_SOLIDS,true,organic_menu,material_library:organic,material_library:organic+periodic_table,6|9,C|F,polymer,canonical,chemistry,disabled_blocks_selection_and_updates;loaded_particles_preserved,compatible,registry_summary+structured_catalog+runtime_properties,TPT-ZH-OmniPack/original,a24af94f3a3efb2d1b87534128a7cd1b1a31ceca,src/simulation/elements/PTFE.cpp,GPL-3.0-only,docs/ELEMENT_CONTENT.csv,high,Original high-temperature inert polymer profile.
620,OMNI_PT_BITM,BITM,Bitumen,沥青,canonical,OMNI_PT_BITM,omnipack_material,organic,SC_SOLIDS,true,organic_menu,material_library:organic,material_library:organic+periodic_table,1|6,H|C,organic,canonical,chemistry,disabled_blocks_selection_and_updates;loaded_particles_preserved,compatible,registry_summary+structured_catalog+runtime_properties,TPT-ZH-OmniPack/original,a24af94f3a3efb2d1b87534128a7cd1b1a31ceca,src/simulation/elements/BITM.cpp,GPL-3.0-only,docs/ELEMENT_CONTENT.csv,medium,Distinct heavy residue while official OIL remains canonical petroleum and lubricant.
621,OMNI_PT_EACT,EACT,Ethyl Acetate,乙酸乙酯,canonical,OMNI_PT_EACT,omnipack_material,organic,SC_LIQUID,true,organic_menu,material_library:organic,material_library:organic+periodic_table,1|6|8,H|C|O,organic,canonical,chemistry,disabled_blocks_selection_and_updates;loaded_particles_preserved,compatible,registry_summary+structured_catalog+runtime_properties,TPT-ZH-OmniPack/original,a24af94f3a3efb2d1b87534128a7cd1b1a31ceca,src/simulation/elements/EACT.cpp,GPL-3.0-only,docs/ELEMENT_CONTENT.csv,high,Original bounded esterification and solvent profile.
622,OMNI_PT_GAAS,GAAS,Gallium Arsenide,砷化镓,canonical,OMNI_PT_GAAS,omnipack_material,semiconductor,SC_ELEC,true,alloy_menu,main_menu:SC_ELEC,material_library:alloy_engineering+periodic_table,31|33,Ga|As,semiconductor,canonical,electronics,disabled_blocks_selection_and_updates;loaded_particles_preserved,compatible,registry_summary+structured_catalog+runtime_properties,TPT-ZH-OmniPack/original,82417d234b80cebd6b857069aad4ad459ff0773c,src/simulation/elements/GAAS.cpp,GPL-3.0-only,src/simulation/OmniElectronics.cpp,high,Original electronic-material implementation.
623,OMNI_PT_GANI,GANI,Gallium Nitride,氮化镓,canonical,OMNI_PT_GANI,omnipack_material,semiconductor,SC_ELEC,true,alloy_menu,main_menu:SC_ELEC,material_library:alloy_engineering+periodic_table,7|31,N|Ga,semiconductor,canonical,electronics,disabled_blocks_selection_and_updates;loaded_particles_preserved,compatible,registry_summary+structured_catalog+runtime_properties,TPT-ZH-OmniPack/original,82417d234b80cebd6b857069aad4ad459ff0773c,src/simulation/elements/GANI.cpp,GPL-3.0-only,src/simulation/OmniElectronics.cpp,high,Original electronic-material implementation.
624,OMNI_PT_FRIT,FRIT,Ferrite,铁氧体,canonical,OMNI_PT_FRIT,omnipack_material,ceramic,SC_ELEC,true,alloy_menu,main_menu:SC_ELEC,material_library:alloy_engineering+periodic_table,8|26|30,O|Fe|Zn,ceramic,canonical,electronics,disabled_blocks_selection_and_updates;loaded_particles_preserved,compatible,registry_summary+structured_catalog+runtime_properties,TPT-ZH-OmniPack/original,82417d234b80cebd6b857069aad4ad459ff0773c,src/simulation/elements/FRIT.cpp,GPL-3.0-only,src/simulation/OmniElectronics.cpp,high,Original electronic-material implementation.
625,OMNI_PT_PMAG,PMAG,Permanent Magnet,永磁材料,canonical,OMNI_PT_PMAG,omnipack_material,alloy,SC_ELEC,true,alloy_menu,main_menu:SC_ELEC,material_library:alloy_engineering+periodic_table,5|26|60,B|Fe|Nd,alloy,canonical,electronics,disabled_blocks_selection_and_updates;loaded_particles_preserved,compatible,registry_summary+structured_catalog+runtime_properties,TPT-ZH-OmniPack/original,82417d234b80cebd6b857069aad4ad459ff0773c,src/simulation/elements/PMAG.cpp,GPL-3.0-only,src/simulation/OmniElectronics.cpp,high,Original electronic-material implementation.
626,OMNI_PT_SMAG,SMAG,Soft Magnet,软磁材料,canonical,OMNI_PT_SMAG,omnipack_material,alloy,SC_ELEC,true,alloy_menu,main_menu:SC_ELEC,material_library:alloy_engineering+periodic_table,14|26,Si|Fe,alloy,canonical,electronics,disabled_blocks_selection_and_updates;loaded_particles_preserved,compatible,registry_summary+structured_catalog+runtime_properties,TPT-ZH-OmniPack/original,82417d234b80cebd6b857069aad4ad459ff0773c,src/simulation/elements/SMAG.cpp,GPL-3.0-only,src/simulation/OmniElectronics.cpp,high,Original electronic-material implementation.
627,OMNI_PT_PZCR,PZCR,Piezoelectric Ceramic,压电陶瓷,canonical,OMNI_PT_PZCR,omnipack_material,ceramic,SC_ELEC,true,alloy_menu,main_menu:SC_ELEC,material_library:alloy_engineering+periodic_table,8|22|40|82,O|Ti|Zr|Pb,ceramic,canonical,electronics,disabled_blocks_selection_and_updates;loaded_particles_preserved,compatible,registry_summary+structured_catalog+runtime_properties,TPT-ZH-OmniPack/original,82417d234b80cebd6b857069aad4ad459ff0773c,src/simulation/elements/PZCR.cpp,GPL-3.0-only,src/simulation/OmniElectronics.cpp,high,Original electronic-material implementation.
628,OMNI_PT_TELC,TELC,Thermoelectric Material,热电材料,canonical,OMNI_PT_TELC,omnipack_material,semiconductor,SC_ELEC,true,alloy_menu,main_menu:SC_ELEC,material_library:alloy_engineering+periodic_table,52|83,Te|Bi,semiconductor,canonical,electronics,disabled_blocks_selection_and_updates;loaded_particles_preserved,compatible,registry_summary+structured_catalog+runtime_properties,TPT-ZH-OmniPack/original,82417d234b80cebd6b857069aad4ad459ff0773c,src/simulation/elements/TELC.cpp,GPL-3.0-only,src/simulation/OmniElectronics.cpp,high,Original electronic-material implementation.
629,OMNI_PT_SUPC,SUPC,Superconductor,超导材料,canonical,OMNI_PT_SUPC,omnipack_material,ceramic,SC_ELEC,true,alloy_menu,main_menu:SC_ELEC,material_library:alloy_engineering+periodic_table,8|29|39|56,O|Cu|Y|Ba,ceramic,canonical,electronics,disabled_blocks_selection_and_updates;loaded_particles_preserved,compatible,registry_summary+structured_catalog+runtime_properties,TPT-ZH-OmniPack/original,82417d234b80cebd6b857069aad4ad459ff0773c,src/simulation/elements/SUPC.cpp,GPL-3.0-only,src/simulation/OmniElectronics.cpp,high,Original electronic-material implementation.
630,OMNI_PT_GRPH,GRPH,Graphene,石墨烯,canonical,OMNI_PT_GRPH,omnipack_material,allotrope,SC_ELEC,true,alloy_menu,main_menu:SC_ELEC,material_library:alloy_engineering+periodic_table,6,C,allotrope,canonical,electronics,disabled_blocks_selection_and_updates;loaded_particles_preserved,compatible,registry_summary+structured_catalog+runtime_properties,TPT-ZH-OmniPack/original,82417d234b80cebd6b857069aad4ad459ff0773c,src/simulation/elements/GRPH.cpp,GPL-3.0-only,docs/ELEMENT_CONTENT.csv,high,Original electronic-material implementation.
631,OMNI_PT_CNTB,CNTB,Carbon Nanotube,碳纳米管,canonical,OMNI_PT_CNTB,omnipack_material,allotrope,SC_ELEC,true,alloy_menu,main_menu:SC_ELEC,material_library:alloy_engineering+periodic_table,6,C,allotrope,canonical,electronics,disabled_blocks_selection_and_updates;loaded_particles_preserved,compatible,registry_summary+structured_catalog+runtime_properties,TPT-ZH-OmniPack/original,82417d234b80cebd6b857069aad4ad459ff0773c,src/simulation/elements/CNTB.cpp,GPL-3.0-only,docs/ELEMENT_CONTENT.csv,high,Original electronic-material implementation.
632,OMNI_PT_AERG,AERG,Aerogel,气凝胶,canonical,OMNI_PT_AERG,omnipack_special,custom_special,SC_SPECIAL,true,preserve_existing,main_menu:SC_SPECIAL,main_menu:SC_SPECIAL,,,,canonical,electronics,disabled_blocks_selection_and_updates;loaded_particles_preserved,compatible,registry_summary+structured_catalog+runtime_properties,TPT-ZH-OmniPack/original,82417d234b80cebd6b857069aad4ad459ff0773c,src/simulation/elements/AERG.cpp,GPL-3.0-only,,high,Original electronic-material implementation.
633,OMNI_PT_CFRP,CFRP,Carbon-Fiber Composite,碳纤维复合材料,canonical,OMNI_PT_CFRP,omnipack_material,composite,SC_SOLIDS,true,alloy_menu,material_library:alloy_engineering,material_library:alloy_engineering+periodic_table,1|6|8,H|C|O,composite,canonical,electronics,disabled_blocks_selection_and_updates;loaded_particles_preserved,compatible,registry_summary+structured_catalog+runtime_properties,TPT-ZH-OmniPack/original,82417d234b80cebd6b857069aad4ad459ff0773c,src/simulation/elements/CFRP.cpp,GPL-3.0-only,src/simulation/OmniElectronics.cpp,high,Original electronic-material implementation.
634,OMNI_PT_LCOB,LCOB,Lithium Cobalt Oxide,钴酸锂,canonical,OMNI_PT_LCOB,omnipack_material,oxide,SC_ELEC,true,alloy_menu,main_menu:SC_ELEC,material_library:alloy_engineering+periodic_table,3|8|27,Li|O|Co,oxide,canonical,electronics,disabled_blocks_selection_and_updates;loaded_particles_preserved,compatible,registry_summary+structured_catalog+runtime_properties,TPT-ZH-OmniPack/original,82417d234b80cebd6b857069aad4ad459ff0773c,src/simulation/elements/LCOB.cpp,GPL-3.0-only,src/simulation/OmniElectronics.cpp,high,Original electronic-material implementation.
635,OMNI_PT_GRAN,GRAN,Graphite Anode,石墨负极,canonical,OMNI_PT_GRAN,omnipack_material,allotrope,SC_ELEC,true,alloy_menu,main_menu:SC_ELEC,material_library:alloy_engineering+periodic_table,6,C,allotrope,canonical,electronics,disabled_blocks_selection_and_updates;loaded_particles_preserved,compatible,registry_summary+structured_catalog+runtime_properties,TPT-ZH-OmniPack/original,82417d234b80cebd6b857069aad4ad459ff0773c,src/simulation/elements/GRAN.cpp,GPL-3.0-only,docs/ELEMENT_CONTENT.csv,high,Original electronic-material implementation.
636,OMNI_PT_SELE,SELE,Solid Electrolyte,固态电解质,canonical,OMNI_PT_SELE,omnipack_material,ceramic,SC_ELEC,true,alloy_menu,main_menu:SC_ELEC,material_library:alloy_engineering+periodic_table,3|8|40|57,Li|O|Zr|La,ceramic,canonical,electronics,disabled_blocks_selection_and_updates;loaded_particles_preserved,compatible,registry_summary+structured_catalog+runtime_properties,TPT-ZH-OmniPack/original,82417d234b80cebd6b857069aad4ad459ff0773c,src/simulation/elements/SELE.cpp,GPL-3.0-only,src/simulation/OmniElectronics.cpp,high,Original electronic-material implementation.
637,OMNI_PT_ITOX,ITOX,Indium Tin Oxide,氧化铟锡,canonical,OMNI_PT_ITOX,omnipack_material,oxide,SC_ELEC,true,alloy_menu,main_menu:SC_ELEC,material_library:alloy_engineering+periodic_table,8|49|50,O|In|Sn,oxide,canonical,electronics,disabled_blocks_selection_and_updates;loaded_particles_preserved,compatible,registry_summary+structured_catalog+runtime_properties,TPT-ZH-OmniPack/original,82417d234b80cebd6b857069aad4ad459ff0773c,src/simulation/elements/ITOX.cpp,GPL-3.0-only,src/simulation/OmniElectronics.cpp,high,Original electronic-material implementation.
638,OMNI_PT_PCMT,PCMT,Phase-Change Material,相变存储材料,canonical,OMNI_PT_PCMT,omnipack_material,semiconductor,SC_ELEC,true,alloy_menu,main_menu:SC_ELEC,material_library:alloy_engineering+periodic_table,32|51|52,Ge|Sb|Te,semiconductor,canonical,electronics,disabled_blocks_selection_and_updates;loaded_particles_preserved,compatible,registry_summary+structured_catalog+runtime_properties,TPT-ZH-OmniPack/original,82417d234b80cebd6b857069aad4ad459ff0773c,src/simulation/elements/PCMT.cpp,GPL-3.0-only,src/simulation/OmniElectronics.cpp,high,Original electronic-material implementation.
639,OMNI_PT_ECHR,ECHR,Electrochromic Material,电致变色材料,canonical,OMNI_PT_ECHR,omnipack_material,oxide,SC_ELEC,true,alloy_menu,main_menu:SC_ELEC,material_library:alloy_engineering+periodic_table,8|14|74,O|Si|W,oxide,canonical,electronics,disabled_blocks_selection_and_updates;loaded_particles_preserved,compatible,registry_summary+structured_catalog+runtime_properties,TPT-ZH-OmniPack/original,82417d234b80cebd6b857069aad4ad459ff0773c,src/simulation/elements/ECHR.cpp,GPL-3.0-only,src/simulation/OmniElectronics.cpp,high,Original electronic-material implementation.
640,OMNI_PT_PHRS,PHRS,Photoresist,光刻胶,canonical,OMNI_PT_PHRS,omnipack_material,polymer,SC_ELEC,true,alloy_menu,main_menu:SC_ELEC,material_library:alloy_engineering+periodic_table,1|6|8,H|C|O,polymer,canonical,electronics,disabled_blocks_selection_and_updates;loaded_particles_preserved,compatible,registry_summary+structured_catalog+runtime_properties,TPT-ZH-OmniPack/original,82417d234b80cebd6b857069aad4ad459ff0773c,src/simulation/elements/PHRS.cpp,GPL-3.0-only,src/simulation/OmniElectronics.cpp,medium,Original electronic-material implementation.
641,OMNI_PT_DIEL,DIEL,Dielectric Ceramic,介电陶瓷,canonical,OMNI_PT_DIEL,omnipack_material,ceramic,SC_ELEC,true,alloy_menu,main_menu:SC_ELEC,material_library:alloy_engineering+periodic_table,8|22|56,O|Ti|Ba,ceramic,canonical,electronics,disabled_blocks_selection_and_updates;loaded_particles_preserved,compatible,registry_summary+structured_catalog+runtime_properties,TPT-ZH-OmniPack/original,82417d234b80cebd6b857069aad4ad459ff0773c,src/simulation/elements/DIEL.cpp,GPL-3.0-only,src/simulation/OmniElectronics.cpp,high,Original electronic-material implementation.
670,OMNI_PT_SOIL,SOIL,Soil,土壤,canonical,OMNI_PT_SOIL,omnipack_material,ecology_material,SC_POWDERS,true,preserve_existing,main_menu:SC_POWDERS,main_menu:SC_POWDERS,,,,canonical,biology,disabled_blocks_selection_and_updates;loaded_particles_preserved,compatible,registry_summary+structured_catalog+runtime_properties,Bowserinator/TPT-Ultimata-Mod,b74971752433652c033559abea415ec3510ac433,src/simulation/elements/SOIL.cpp,GPL-3.0-only,,high,Concept-level rewrite after reviewing Ultimata and nucular soil designs.
671,OMNI_PT_WWTR,WWTR,Wastewater,污水,canonical,OMNI_PT_WWTR,omnipack_material,ecology_material,SC_LIQUID,true,preserve_existing,main_menu:SC_LIQUID,main_menu:SC_LIQUID,,,,canonical,biology,disabled_blocks_selection_and_updates;loaded_particles_preserved,compatible,registry_summary+structured_catalog+runtime_properties,TPT-ZH-OmniPack/original,f5cedf2ef474f3539221ea7965ee5cb690d1d678,src/simulation/elements/WWTR.cpp,GPL-3.0-only,,high,Original bounded wastewater and eutrophication implementation.
672,OMNI_PT_PEST,PEST,Pesticide,农药,canonical,OMNI_PT_PEST,omnipack_material,ecology_material,SC_LIQUID,true,preserve_existing,main_menu:SC_LIQUID,main_menu:SC_LIQUID,,,,canonical,biology,disabled_blocks_selection_and_updates;loaded_particles_preserved,compatible,registry_summary+structured_catalog+runtime_properties,TPT-ZH-OmniPack/original,f5cedf2ef474f3539221ea7965ee5cb690d1d678,src/simulation/elements/PEST.cpp,GPL-3.0-only,,high,Original single-target treatment with explicit toxic residue.
673,OMNI_PT_HMET,HMET,Heavy-Metal Contaminant,重金属污染物,canonical,OMNI_PT_HMET,omnipack_material,ecology_material,SC_POWDERS,true,preserve_existing,main_menu:SC_POWDERS,main_menu:SC_POWDERS,,,,canonical,biology,disabled_blocks_selection_and_updates;loaded_particles_preserved,compatible,registry_summary+structured_catalog+runtime_properties,TPT-ZH-OmniPack/original,f5cedf2ef474f3539221ea7965ee5cb690d1d678,src/simulation/elements/HMET.cpp,GPL-3.0-only,,high,Original mixture proxy distinct from placeable pure heavy metals.
674,OMNI_PT_RCON,RCON,Radioactive Contaminant,放射性污染物,canonical,OMNI_PT_RCON,omnipack_material,ecology_material,SC_NUCLEAR,true,preserve_existing,main_menu:SC_NUCLEAR,main_menu:SC_NUCLEAR,,,,canonical,biology,disabled_blocks_selection_and_updates;loaded_particles_preserved,compatible,registry_summary+structured_catalog+runtime_properties,TPT-ZH-OmniPack/original,f5cedf2ef474f3539221ea7965ee5cb690d1d678,src/simulation/elements/RCON.cpp,GPL-3.0-only,,high,Original low-level pollution proxy distinct from reactor waste and isotopes.
675,OMNI_PT_MPLS,MPLS,Microplastic,微塑料,canonical,OMNI_PT_MPLS,omnipack_material,ecology_material,SC_POWDERS,true,preserve_existing,main_menu:SC_POWDERS,main_menu:SC_POWDERS,,,,canonical,biology,disabled_blocks_selection_and_updates;loaded_particles_preserved,compatible,registry_summary+structured_catalog+runtime_properties,TPT-ZH-OmniPack/original,f5cedf2ef474f3539221ea7965ee5cb690d1d678,src/simulation/elements/MPLS.cpp,GPL-3.0-only,,high,Original persistent particulate with bounded capture and pyrolysis.
676,OMNI_PT_OWST,OWST,Organic Waste,有机废物,canonical,OMNI_PT_OWST,omnipack_material,ecology_material,SC_POWDERS,true,preserve_existing,main_menu:SC_POWDERS,main_menu:SC_POWDERS,,,,canonical,biology,disabled_blocks_selection_and_updates;loaded_particles_preserved,compatible,registry_summary+structured_catalog+runtime_properties,TPT-ZH-OmniPack/original,f5cedf2ef474f3539221ea7965ee5cb690d1d678,src/simulation/elements/OWST.cpp,GPL-3.0-only,,high,Original bounded compost and thermal-pollution feedstock.
677,OMNI_PT_BLOM,BLOM,Algal Bloom,藻华,canonical,OMNI_PT_BLOM,omnipack_material,ecology_material,SC_LIQUID,true,preserve_existing,main_menu:SC_LIQUID,main_menu:SC_LIQUID,,,,canonical,biology,disabled_blocks_selection_and_updates;loaded_particles_preserved,compatible,registry_summary+structured_catalog+runtime_properties,TPT-ZH-OmniPack/original,f5cedf2ef474f3539221ea7965ee5cb690d1d678,src/simulation/elements/BLOM.cpp,GPL-3.0-only,,high,Original finite-lifetime eutrophication material without particle creation.
678,OMNI_PT_MOLD,MOLD,Mold,霉菌,canonical,OMNI_PT_MOLD,omnipack_material,ecology_material,SC_POWDERS,true,preserve_existing,main_menu:SC_POWDERS,main_menu:SC_POWDERS,,,,canonical,biology,disabled_blocks_selection_and_updates;loaded_particles_preserved,compatible,registry_summary+structured_catalog+runtime_properties,TPT-ZH-OmniPack/original,f5cedf2ef474f3539221ea7965ee5cb690d1d678,src/simulation/elements/MOLD.cpp,GPL-3.0-only,,high,Original feed-limited growth with no particle creation.
679,OMNI_PT_BLOD,BLOD,Blood,血液,canonical,OMNI_PT_BLOD,omnipack_material,ecology_material,SC_LIQUID,true,preserve_existing,main_menu:SC_LIQUID,main_menu:SC_LIQUID,,,,canonical,biology,disabled_blocks_selection_and_updates;loaded_particles_preserved,compatible,registry_summary+structured_catalog+runtime_properties,Bowserinator/TPT-Ultimata-Mod,b74971752433652c033559abea415ec3510ac433,src/simulation/elements/BLOD.cpp,GPL-3.0-only,,high,Concept-level rewrite after reviewing Ultimata and Biological Mod blood designs.
680,OMNI_PT_TOXN,TOXN,Toxin,毒素,canonical,OMNI_PT_TOXN,omnipack_material,ecology_material,SC_LIQUID,true,preserve_existing,main_menu:SC_LIQUID,main_menu:SC_LIQUID,,,,canonical,biology,disabled_blocks_selection_and_updates;loaded_particles_preserved,compatible,registry_summary+structured_catalog+runtime_properties,TPT-ZH-OmniPack/original,f5cedf2ef474f3539221ea7965ee5cb690d1d678,src/simulation/elements/TOXN.cpp,GPL-3.0-only,,high,Original single-event toxic liquid with explicit cleanup path.
681,OMNI_PT_AMAT,AMAT,Antimicrobial Material,抗菌材料,canonical,OMNI_PT_AMAT,omnipack_material,ecology_material,SC_SOLIDS,true,preserve_existing,main_menu:SC_SOLIDS,main_menu:SC_SOLIDS,,,,canonical,biology,disabled_blocks_selection_and_updates;loaded_particles_preserved,compatible,registry_summary+structured_catalog+runtime_properties,TPT-ZH-OmniPack/original,f5cedf2ef474f3539221ea7965ee5cb690d1d678,src/simulation/elements/AMAT.cpp,GPL-3.0-only,,high,Original finite-charge treatment surface distinct from consumable disinfectant.
682,OMNI_PT_SLUD,SLUD,Sludge,污泥,canonical,OMNI_PT_SLUD,omnipack_material,ecology_material,SC_LIQUID,true,preserve_existing,main_menu:SC_LIQUID,main_menu:SC_LIQUID,,,,canonical,biology,disabled_blocks_selection_and_updates;loaded_particles_preserved,compatible,registry_summary+structured_catalog+runtime_properties,TPT-ZH-OmniPack/original,f5cedf2ef474f3539221ea7965ee5cb690d1d678,src/simulation/elements/SLUD.cpp,GPL-3.0-only,,high,Original recovery intermediate shared by pollution paths.
683,OMNI_PT_SMOG,SMOG,Smog,烟霾,canonical,OMNI_PT_SMOG,omnipack_material,ecology_material,SC_GAS,true,preserve_existing,main_menu:SC_GAS,main_menu:SC_GAS,,,,canonical,biology,disabled_blocks_selection_and_updates;loaded_particles_preserved,compatible,registry_summary+structured_catalog+runtime_properties,TPT-ZH-OmniPack/original,f5cedf2ef474f3539221ea7965ee5cb690d1d678,src/simulation/elements/SMOG.cpp,GPL-3.0-only,,high,Original toxic gas using the official-style shared gas renderer.
684,OMNI_PT_ARAN,ARAN,Acid Rain,酸雨,canonical,OMNI_PT_ARAN,omnipack_material,ecology_material,SC_LIQUID,true,preserve_existing,main_menu:SC_LIQUID,main_menu:SC_LIQUID,,,,canonical,biology,disabled_blocks_selection_and_updates;loaded_particles_preserved,compatible,registry_summary+structured_catalog+runtime_properties,TPT-ZH-OmniPack/original,f5cedf2ef474f3539221ea7965ee5cb690d1d678,src/simulation/elements/ARAN.cpp,GPL-3.0-only,,high,Original bounded environmental acid distinct from concentrated chemistry acids.
685,OMNI_PT_DETG,DETG,Detergent,洗涤剂,canonical,OMNI_PT_DETG,omnipack_material,ecology_material,SC_LIQUID,true,preserve_existing,main_menu:SC_LIQUID,main_menu:SC_LIQUID,,,,canonical,biology,disabled_blocks_selection_and_updates;loaded_particles_preserved,compatible,registry_summary+structured_catalog+runtime_properties,TPT-ZH-OmniPack/original,f5cedf2ef474f3539221ea7965ee5cb690d1d678,src/simulation/elements/DETG.cpp,GPL-3.0-only,,high,Original stoichiometric oil-washing proxy without global liquid scans.
