identifier,wiki_url,wiki_snapshot,english_description,chinese_description
DEFAULT_PT_NONE,https://powdertoy.co.uk/Wiki/W/Elements:Special/zh.html,20260315022808,"The eraser removes particles under the brush without placing a material. It is a drawing tool, so it has no persistent particle behaviour of its own. The Simulation Properties section below is read from this build and lists spawn temperature, heat transfer, heat capacity, weight, gravity, hardness, flammability, explosiveness, conductivity, neutron absorption, and every configured pressure or temperature transition.",擦除工具会删除笔刷覆盖范围内的粒子，而不会放置新材料。它属于绘图工具，自身不会作为可持续模拟的粒子留在场景中。 下方“模拟属性”直接读取当前构建，列出生成温度、导热、热容量、重量、重力、耐蚀性、可燃性、爆炸性、导电、中子吸收以及全部温度和压力相变；实际玩法以这些参数和当前源码为准。
DEFAULT_PT_DUST,https://powdertoy.co.uk/Wiki/W/Elements:Powders/zh.html,20260315022917,"A very light powder that is flammable but produces a faint, easy-to-miss flame. Neutron exposure can convert it into legacy firework powder. The Simulation Properties section below is read from this build and lists spawn temperature, heat transfer, heat capacity, weight, gravity, hardness, flammability, explosiveness, conductivity, neutron absorption, and every configured pressure or temperature transition.",一种很轻的可燃粉末，火焰较暗，燃烧时容易被忽略。受到中子轰击后可转成传统烟花粉 FWRK。 下方“模拟属性”直接读取当前构建，列出生成温度、导热、热容量、重量、重力、耐蚀性、可燃性、爆炸性、导电、中子吸收以及全部温度和压力相变；实际玩法以这些参数和当前源码为准。
DEFAULT_PT_WATR,https://powdertoy.co.uk/Wiki/W/Elements:Liquids/zh.html,20240528002851,"Conductive water that freezes into water-typed ice near 273.15 K and boils into water vapour near 373 K, with pressure shifting the transition points. It extinguishes most fire, gradually becomes salt water beside SALT or SLTW, and neutrons can purify it into distilled water. Warm water can ignite rubidium, while flowing water slowly erodes ROCK into sand or stone.",可导电的水；在 273.15 K 附近结成带 WATR 类型的冰，在 373 K 附近变成水蒸气，实际相变点会随压力变化。它能扑灭大多数火焰，与 SALT 或已有 SLTW 接触会逐步变成盐水，中子则可将其转为蒸馏水。温水能引燃铷，流动的水还会缓慢侵蚀 ROCK 并形成沙或石头。
DEFAULT_PT_OIL,https://powdertoy.co.uk/Wiki/W/Elements:Liquids/zh.html,20240528002851,"A light, flammable liquid fuel. Heating it past 333 K changes it into GAS, and neutrons striking NITR can produce more OIL. It burns readily when exposed to ignition sources; unlike diesel it has no pressure-triggered transition of its own, so its main behaviours are flowing, burning, and vaporising into gas.",一种较轻的易燃液体燃料。温度超过 333 K 时会变成 GAS，中子轰击 NITR 时也可生成 OIL。它遇点火源后容易持续燃烧；与柴油不同，自身没有由压力直接触发的相变，主要玩法是流动、燃烧和受热气化。
DEFAULT_PT_FIRE,https://powdertoy.co.uk/Wiki/W/Elements:Explosives/zh.html,20260107145511,"Ignites flammable materials. Heats air. The Simulation Properties section below is read from this build and lists spawn temperature, heat transfer, heat capacity, weight, gravity, hardness, flammability, explosiveness, conductivity, neutron absorption, and every configured pressure or temperature transition.","火焰,用于点燃或加热。 下方“模拟属性”直接读取当前构建，列出生成温度、导热、热容量、重量、重力、耐蚀性、可燃性、爆炸性、导电、中子吸收以及全部温度和压力相变；实际玩法以这些参数和当前源码为准。"
DEFAULT_PT_STNE,https://powdertoy.co.uk/Wiki/W/Elements:Powders/zh.html,20260315022917,"Stone. Heavy particles, meltable. The Simulation Properties section below is read from this build and lists spawn temperature, heat transfer, heat capacity, weight, gravity, hardness, flammability, explosiveness, conductivity, neutron absorption, and every configured pressure or temperature transition.","石粉,重粉末,熔化时变为LAVA。 下方“模拟属性”直接读取当前构建，列出生成温度、导热、热容量、重量、重力、耐蚀性、可燃性、爆炸性、导电、中子吸收以及全部温度和压力相变；实际玩法以这些参数和当前源码为准。"
DEFAULT_PT_LAVA,https://powdertoy.co.uk/Wiki/W/Elements:Liquids/zh.html,20240528002851,"The shared molten form used by rock, metals, and many other meltable materials. Its ctype records what melted, allowing cooling lava to solidify back into the corresponding material; lava without a useful ctype cools into stone. It starts extremely hot, ignites flammable neighbours, emits a fiery glow, and also carries the bounded molten reactions implemented for OmniPack periodic materials.",岩浆是岩石、金属及许多可熔材料共用的熔融形态。其 ctype 记录熔化前的物质，使其冷却后能凝固回对应材料；没有有效 ctype 的岩浆会变成石头。它初始温度极高，会点燃邻近可燃物并呈现火焰辉光，同时承载 OmniPack 周期材料已实现的有界熔融反应。
DEFAULT_PT_GUNP,https://powdertoy.co.uk/Wiki/W/Elements:Explosives/zh.html,20260107145511,"Gunpowder. Light dust, explodes on contact with fire or spark. The Simulation Properties section below is read from this build and lists spawn temperature, heat transfer, heat capacity, weight, gravity, hardness, flammability, explosiveness, conductivity, neutron absorption, and every configured pressure or temperature transition.","黑火药,可以被电脉冲和明火引爆。 下方“模拟属性”直接读取当前构建，列出生成温度、导热、热容量、重量、重力、耐蚀性、可燃性、爆炸性、导电、中子吸收以及全部温度和压力相变；实际玩法以这些参数和当前源码为准。"
DEFAULT_PT_NITR,https://powdertoy.co.uk/Wiki/W/Elements:Explosives/zh.html,20260107145511,"Nitroglycerin. Pressure sensitive explosive. Mix with CLST to make TNT. The Simulation Properties section below is read from this build and lists spawn temperature, heat transfer, heat capacity, weight, gravity, hardness, flammability, explosiveness, conductivity, neutron absorption, and every configured pressure or temperature transition.","硝化甘油,压力下,电脉冲,明火都可以引起爆炸。 下方“模拟属性”直接读取当前构建，列出生成温度、导热、热容量、重量、重力、耐蚀性、可燃性、爆炸性、导电、中子吸收以及全部温度和压力相变；实际玩法以这些参数和当前源码为准。"
DEFAULT_PT_CLNE,https://powdertoy.co.uk/Wiki/W/Elements:Special/zh.html,20260315022808,"Clone. Duplicates any particles it touches. The Simulation Properties section below is read from this build and lists spawn temperature, heat transfer, heat capacity, weight, gravity, hardness, flammability, explosiveness, conductivity, neutron absorption, and every configured pressure or temperature transition.","复制体,复制碰到它的任何物体。 下方“模拟属性”直接读取当前构建，列出生成温度、导热、热容量、重量、重力、耐蚀性、可燃性、爆炸性、导电、中子吸收以及全部温度和压力相变；实际玩法以这些参数和当前源码为准。"
DEFAULT_PT_GAS,https://powdertoy.co.uk/Wiki/W/Elements:Gases/zh.html,20250825170646,"Diffuses quickly and is flammable. Liquefies into OIL under pressure. The Simulation Properties section below is read from this build and lists spawn temperature, heat transfer, heat capacity, weight, gravity, hardness, flammability, explosiveness, conductivity, neutron absorption, and every configured pressure or temperature transition.","石油气,易燃,在压力下液化成油。 下方“模拟属性”直接读取当前构建，列出生成温度、导热、热容量、重量、重力、耐蚀性、可燃性、爆炸性、导电、中子吸收以及全部温度和压力相变；实际玩法以这些参数和当前源码为准。"
DEFAULT_PT_PLEX,https://powdertoy.co.uk/Wiki/W/Elements:Explosives/zh.html,20260107145511,"Solid pressure sensitive explosive. The Simulation Properties section below is read from this build and lists spawn temperature, heat transfer, heat capacity, weight, gravity, hardness, flammability, explosiveness, conductivity, neutron absorption, and every configured pressure or temperature transition.","C-4塑胶炸弹,压力敏感型炸药,暴露在高压下,电脉冲或者达到爆炸点都可以引发爆炸。 下方“模拟属性”直接读取当前构建，列出生成温度、导热、热容量、重量、重力、耐蚀性、可燃性、爆炸性、导电、中子吸收以及全部温度和压力相变；实际玩法以这些参数和当前源码为准。"
DEFAULT_PT_GOO,https://powdertoy.co.uk/Wiki/W/Elements:Solids/zh.html,20250830155822,"A pressure-sensitive goo that deforms and is gradually consumed under compression. It is not clay dust; CLST is the separate clay material. The Simulation Properties section below is read from this build and lists spawn temperature, heat transfer, heat capacity, weight, gravity, hardness, flammability, explosiveness, conductivity, neutron absorption, and every configured pressure or temperature transition.",一种会在压力下变形并逐渐消失的黏胶。它不是黏土粉；黏土粉是单独的 CLST。 下方“模拟属性”直接读取当前构建，列出生成温度、导热、热容量、重量、重力、耐蚀性、可燃性、爆炸性、导电、中子吸收以及全部温度和压力相变；实际玩法以这些参数和当前源码为准。
DEFAULT_PT_ICEI,https://powdertoy.co.uk/Wiki/W/Elements:Solids/zh.html,20250830155822,"Crushes under pressure. Cools down air. The Simulation Properties section below is read from this build and lists spawn temperature, heat transfer, heat capacity, weight, gravity, hardness, flammability, explosiveness, conductivity, neutron absorption, and every configured pressure or temperature transition.","冰,在压力下会破碎变成雪。 下方“模拟属性”直接读取当前构建，列出生成温度、导热、热容量、重量、重力、耐蚀性、可燃性、爆炸性、导电、中子吸收以及全部温度和压力相变；实际玩法以这些参数和当前源码为准。"
DEFAULT_PT_METL,https://powdertoy.co.uk/Wiki/W/Elements:Electronics/zh.html,20260521203740,"Metal, the basic conductor. Meltable. The Simulation Properties section below is read from this build and lists spawn temperature, heat transfer, heat capacity, weight, gravity, hardness, flammability, explosiveness, conductivity, neutron absorption, and every configured pressure or temperature transition.","金属,最基础的导体,可以熔化。 下方“模拟属性”直接读取当前构建，列出生成温度、导热、热容量、重量、重力、耐蚀性、可燃性、爆炸性、导电、中子吸收以及全部温度和压力相变；实际玩法以这些参数和当前源码为准。"
DEFAULT_PT_SPRK,https://powdertoy.co.uk/Wiki/W/Elements:Electronics/zh.html,20260521203740,"Electricity. The basis of all electronics in TPT, travels along conductive elements. The Simulation Properties section below is read from this build and lists spawn temperature, heat transfer, heat capacity, weight, gravity, hardness, flammability, explosiveness, conductivity, neutron absorption, and every configured pressure or temperature transition.","电脉冲,所有电子设备的基础,电脉冲不能单独放置(并不是一个真实的粒子)你需要将其放在导体上。 下方“模拟属性”直接读取当前构建，列出生成温度、导热、热容量、重量、重力、耐蚀性、可燃性、爆炸性、导电、中子吸收以及全部温度和压力相变；实际玩法以这些参数和当前源码为准。"
DEFAULT_PT_SNOW,https://powdertoy.co.uk/Wiki/W/Elements:Powders/zh.html,20260315022917,"Light particles. Created when ICE breaks under pressure. The Simulation Properties section below is read from this build and lists spawn temperature, heat transfer, heat capacity, weight, gravity, hardness, flammability, explosiveness, conductivity, neutron absorption, and every configured pressure or temperature transition.","雪,轻粉末,ICE在压力下破坏形成雪加热后变成WATR。 下方“模拟属性”直接读取当前构建，列出生成温度、导热、热容量、重量、重力、耐蚀性、可燃性、爆炸性、导电、中子吸收以及全部温度和压力相变；实际玩法以这些参数和当前源码为准。"
DEFAULT_PT_WOOD,https://powdertoy.co.uk/Wiki/W/Elements:Solids/zh.html,20250830155822,"Wood, flammable. The Simulation Properties section below is read from this build and lists spawn temperature, heat transfer, heat capacity, weight, gravity, hardness, flammability, explosiveness, conductivity, neutron absorption, and every configured pressure or temperature transition.","木头,可燃物允许NEUT通过。 下方“模拟属性”直接读取当前构建，列出生成温度、导热、热容量、重量、重力、耐蚀性、可燃性、爆炸性、导电、中子吸收以及全部温度和压力相变；实际玩法以这些参数和当前源码为准。"
DEFAULT_PT_NEUT,https://powdertoy.co.uk/Wiki/W/Elements:Radioactive/zh.html,20240424211836,"A neutral energy particle affected by Newtonian gravity. Neutrons pass through or react with materials in element-specific ways and drive many fission, isotope, purification, and transmutation reactions. The Simulation Properties section below is read from this build and lists spawn temperature, heat transfer, heat capacity, weight, gravity, hardness, flammability, explosiveness, conductivity, neutron absorption, and every configured pressure or temperature transition.",一种不带电、会受牛顿引力影响的能量粒子。中子会按材料规则穿透、被吸收或发生反应，是裂变、同位素、净化和转化玩法的重要触发物。 下方“模拟属性”直接读取当前构建，列出生成温度、导热、热容量、重量、重力、耐蚀性、可燃性、爆炸性、导电、中子吸收以及全部温度和压力相变；实际玩法以这些参数和当前源码为准。
DEFAULT_PT_PLUT,https://powdertoy.co.uk/Wiki/W/Elements:Radioactive/zh.html,20240424211836,"Plutonium. Heavy, fissile particles. Generates neutrons under pressure. The Simulation Properties section below is read from this build and lists spawn temperature, heat transfer, heat capacity, weight, gravity, hardness, flammability, explosiveness, conductivity, neutron absorption, and every configured pressure or temperature transition.","钚,易裂变,在高压下,被闪电击中或大量的中子轰击时更不稳定。 下方“模拟属性”直接读取当前构建，列出生成温度、导热、热容量、重量、重力、耐蚀性、可燃性、爆炸性、导电、中子吸收以及全部温度和压力相变；实际玩法以这些参数和当前源码为准。"
DEFAULT_PT_PLNT,https://powdertoy.co.uk/Wiki/W/Elements:Solids/zh.html,20250830155822,"Plant, drinks water and grows. The Simulation Properties section below is read from this build and lists spawn temperature, heat transfer, heat capacity, weight, gravity, hardness, flammability, explosiveness, conductivity, neutron absorption, and every configured pressure or temperature transition.","植物,吸收水分生长,低温时变成蓝色。 下方“模拟属性”直接读取当前构建，列出生成温度、导热、热容量、重量、重力、耐蚀性、可燃性、爆炸性、导电、中子吸收以及全部温度和压力相变；实际玩法以这些参数和当前源码为准。"
DEFAULT_PT_ACID,https://powdertoy.co.uk/Wiki/W/Elements:Liquids/zh.html,20240528002851,"A deadly, flammable corrosive liquid whose life value represents remaining dissolving capacity. It removes many materials according to their hardness, heats up while dissolving them, and glass can shield nearby particles from attack. It ignites several explosives and alkali metals, reacts slowly with water vapour to make caustic gas, and converts lithium into hydrogen instead of simply deleting it.",一种致命、可燃且有腐蚀性的液体，life 值表示剩余腐蚀能力。它会按材料硬度溶解许多物质，反应时自身升温，而玻璃可以保护其后的粒子。它会点燃多种爆炸物和碱金属，与水蒸气缓慢生成腐蚀性气体；遇锂时会生成氢，而不是仅将锂删除。
DEFAULT_PT_VOID,https://powdertoy.co.uk/Wiki/W/Elements:Special/zh.html,20260315022808,"Hole, will drain away any particles. The Simulation Properties section below is read from this build and lists spawn temperature, heat transfer, heat capacity, weight, gravity, hardness, flammability, explosiveness, conductivity, neutron absorption, and every configured pressure or temperature transition.","虚空,可以吸收物质(除固体即使被活塞推入)并产生少量压力。 下方“模拟属性”直接读取当前构建，列出生成温度、导热、热容量、重量、重力、耐蚀性、可燃性、爆炸性、导电、中子吸收以及全部温度和压力相变；实际玩法以这些参数和当前源码为准。"
DEFAULT_PT_WTRV,https://powdertoy.co.uk/Wiki/W/Elements:Gases/zh.html,20250825170646,"Steam. Produced from hot water. The Simulation Properties section below is read from this build and lists spawn temperature, heat transfer, heat capacity, weight, gravity, hardness, flammability, explosiveness, conductivity, neutron absorption, and every configured pressure or temperature transition.","水蒸气,水加热到100℃以上或者盐水加热到109.86℃以上时产生。 下方“模拟属性”直接读取当前构建，列出生成温度、导热、热容量、重量、重力、耐蚀性、可燃性、爆炸性、导电、中子吸收以及全部温度和压力相变；实际玩法以这些参数和当前源码为准。"
DEFAULT_PT_CNCT,https://powdertoy.co.uk/Wiki/W/Elements:Powders/zh.html,20260315022917,"Concrete. Can stack on itself or ROCK, collapses with pressure. The Simulation Properties section below is read from this build and lists spawn temperature, heat transfer, heat capacity, weight, gravity, hardness, flammability, explosiveness, conductivity, neutron absorption, and every configured pressure or temperature transition.","混凝土,重粉末,比石粉坚固且更难熔化。 下方“模拟属性”直接读取当前构建，列出生成温度、导热、热容量、重量、重力、耐蚀性、可燃性、爆炸性、导电、中子吸收以及全部温度和压力相变；实际玩法以这些参数和当前源码为准。"
DEFAULT_PT_DSTW,https://powdertoy.co.uk/Wiki/W/Elements:Liquids/zh.html,20240528002851,"Non-conductive distilled water with the same basic freezing and boiling transitions as ordinary water. Contact with WATR contaminates it back into water, while SALT or SLTW converts it into salt water. It extinguishes fire and reacts with rubidium much like water. When both it and SMKE are between 40 C and 60 C, a rare reaction consumes the smoke and creates BASE.",不导电的蒸馏水，基本凝固点和沸点与普通水相同。接触 WATR 后会被污染并变回水，接触 SALT 或 SLTW 则会形成盐水。它与普通水一样能灭火并可与铷反应；当蒸馏水和 SMKE 都处于 40 至 60 摄氏度时，二者有小概率反应并生成 BASE。
DEFAULT_PT_SALT,https://powdertoy.co.uk/Wiki/W/Elements:Powders/zh.html,20260315022917,"Salt, dissolves in water. The Simulation Properties section below is read from this build and lists spawn temperature, heat transfer, heat capacity, weight, gravity, hardness, flammability, explosiveness, conductivity, neutron absorption, and every configured pressure or temperature transition.","盐,能溶于WATR形成SLTW。 下方“模拟属性”直接读取当前构建，列出生成温度、导热、热容量、重量、重力、耐蚀性、可燃性、爆炸性、导电、中子吸收以及全部温度和压力相变；实际玩法以这些参数和当前源码为准。"
DEFAULT_PT_SLTW,https://powdertoy.co.uk/Wiki/W/Elements:Liquids/zh.html,20240528002851,"Conductive salt water made from water and salt. It freezes at a lower temperature and boils at a higher temperature than fresh water; boiling can leave SALT while releasing water vapour. It gradually converts nearby SALT or fresh water into more SLTW, kills plants, supports quartz growth, extinguishes most fire, and can ignite warm rubidium.",由水和盐形成的导电盐水。它的凝固点低于淡水、沸点高于淡水，沸腾时会释放水蒸气并可能留下 SALT。它会逐步把邻近盐或淡水转成更多 SLTW，能够杀死植物、促进石英生长、扑灭大多数火焰，也可引燃温度足够高的铷。
DEFAULT_PT_DMND,https://powdertoy.co.uk/Wiki/W/Elements:Special/zh.html,20260315022808,"Diamond: Indestructible pure carbon that remains chemically inert. The Simulation Properties section below is read from this build and lists spawn temperature, heat transfer, heat capacity, weight, gravity, hardness, flammability, explosiveness, conductivity, neutron absorption, and every configured pressure or temperature transition.",钻石：坚不可摧且保持化学惰性的纯碳同素异形体。 下方“模拟属性”直接读取当前构建，列出生成温度、导热、热容量、重量、重力、耐蚀性、可燃性、爆炸性、导电、中子吸收以及全部温度和压力相变；实际玩法以这些参数和当前源码为准。
DEFAULT_PT_BMTL,https://powdertoy.co.uk/Wiki/W/Elements:Solids/zh.html,20250830155822,"Breakable metal. Common conductive building material, can melt and break under pressure. The Simulation Properties section below is read from this build and lists spawn temperature, heat transfer, heat capacity, weight, gravity, hardness, flammability, explosiveness, conductivity, neutron absorption, and every configured pressure or temperature transition.","脆金属,在压力下破坏,高温下熔化。 下方“模拟属性”直接读取当前构建，列出生成温度、导热、热容量、重量、重力、耐蚀性、可燃性、爆炸性、导电、中子吸收以及全部温度和压力相变；实际玩法以这些参数和当前源码为准。"
DEFAULT_PT_BRMT,https://powdertoy.co.uk/Wiki/W/Elements:Powders/zh.html,20260315022917,"Broken Metal: Official broken metal enhanced to preserve and remelt audited OmniPack source metals when marked as recoverable scrap. The Simulation Properties section below is read from this build and lists spawn temperature, heat transfer, heat capacity, weight, gravity, hardness, flammability, explosiveness, conductivity, neutron absorption, and every configured pressure or temperature transition.",金属粉：官方破碎金属已增强；带可回收标记时会保存来源金属并按其熔点回炉。 下方“模拟属性”直接读取当前构建，列出生成温度、导热、热容量、重量、重力、耐蚀性、可燃性、爆炸性、导电、中子吸收以及全部温度和压力相变；实际玩法以这些参数和当前源码为准。
DEFAULT_PT_PHOT,https://powdertoy.co.uk/Wiki/W/Elements:Radioactive/zh.html,20240424211836,"Photons. Refract through glass, and different elements change its color. Can ignite flammable materials. The Simulation Properties section below is read from this build and lists spawn temperature, heat transfer, heat capacity, weight, gravity, hardness, flammability, explosiveness, conductivity, neutron absorption, and every configured pressure or temperature transition.","光子,沿直线传播,不受重力影响,受牛顿万有引力影响,可用于点燃物质或传递热量。 下方“模拟属性”直接读取当前构建，列出生成温度、导热、热容量、重量、重力、耐蚀性、可燃性、爆炸性、导电、中子吸收以及全部温度和压力相变；实际玩法以这些参数和当前源码为准。"
DEFAULT_PT_URAN,https://powdertoy.co.uk/Wiki/W/Elements:Radioactive/zh.html,20240424211836,"Uranium. Heavy particles. Generates heat under pressure. The Simulation Properties section below is read from this build and lists spawn temperature, heat transfer, heat capacity, weight, gravity, hardness, flammability, explosiveness, conductivity, neutron absorption, and every configured pressure or temperature transition.","铀,核反应的副产品在压力下会快速上升温度(指数关系)在低压或没有压力时会缓慢冷却。 下方“模拟属性”直接读取当前构建，列出生成温度、导热、热容量、重量、重力、耐蚀性、可燃性、爆炸性、导电、中子吸收以及全部温度和压力相变；实际玩法以这些参数和当前源码为准。"
DEFAULT_PT_WAX,https://powdertoy.co.uk/Wiki/W/Elements:Solids/zh.html,20250830155822,"Flammable, melts at moderately high temperatures. The Simulation Properties section below is read from this build and lists spawn temperature, heat transfer, heat capacity, weight, gravity, hardness, flammability, explosiveness, conductivity, neutron absorption, and every configured pressure or temperature transition.","蜡,加热时会融化。 下方“模拟属性”直接读取当前构建，列出生成温度、导热、热容量、重量、重力、耐蚀性、可燃性、爆炸性、导电、中子吸收以及全部温度和压力相变；实际玩法以这些参数和当前源码为准。"
DEFAULT_PT_MWAX,https://powdertoy.co.uk/Wiki/W/Elements:Liquids/zh.html,20240528002851,"The liquid form of wax, spawned warm enough to remain molten. It solidifies into WAX below 318 K and ignites into FIRE above 673 K; nearby flames can also set it alight because it remains flammable between those transition points. It flows more slowly and is slightly denser than water.",蜡的液态形态，生成时温度足以保持熔融。低于 318 K 时会凝固成 WAX，高于 673 K 时会转成 FIRE；在两个相变点之间仍是可燃液体，也会被邻近火焰点燃。它流动较慢，密度略低于盐水而接近普通液体。
DEFAULT_PT_PSCN,https://powdertoy.co.uk/Wiki/W/Elements:Electronics/zh.html,20260521203740,"P-Type Silicon, Will transfer current to any conductor. Enables powered materials. The Simulation Properties section below is read from this build and lists spawn temperature, heat transfer, heat capacity, weight, gravity, hardness, flammability, explosiveness, conductivity, neutron absorption, and every configured pressure or temperature transition.","P型硅,可以电脉冲传导给任何导体,可以熔化。 下方“模拟属性”直接读取当前构建，列出生成温度、导热、热容量、重量、重力、耐蚀性、可燃性、爆炸性、导电、中子吸收以及全部温度和压力相变；实际玩法以这些参数和当前源码为准。"
DEFAULT_PT_NSCN,https://powdertoy.co.uk/Wiki/W/Elements:Electronics/zh.html,20260521203740,"N-Type Silicon, Will not transfer current to P-Type Silicon. Disables powered materials. The Simulation Properties section below is read from this build and lists spawn temperature, heat transfer, heat capacity, weight, gravity, hardness, flammability, explosiveness, conductivity, neutron absorption, and every configured pressure or temperature transition.","N型硅,不会向P型硅传递电脉冲(即电脉冲只能从PSCN单向传导到NSCN)。 下方“模拟属性”直接读取当前构建，列出生成温度、导热、热容量、重量、重力、耐蚀性、可燃性、爆炸性、导电、中子吸收以及全部温度和压力相变；实际玩法以这些参数和当前源码为准。"
DEFAULT_PT_LNTG,https://powdertoy.co.uk/Wiki/W/Elements:Liquids/zh.html,20240528002851,"A highly heat-conductive cryogenic liquid spawned at 70.15 K. In the current nitrogen phase model it freezes into nitrogen ice below 63 K and becomes nitrogen gas above 77 K, replacing the older behaviour where liquid nitrogen simply disappeared when warmed. It is useful for rapid cooling inside its narrow liquid temperature range.",一种生成温度为 70.15 K、导热很快的低温液体。在当前氮相变模型中，低于 63 K 会凝固成氮冰，高于 77 K 会变成氮气，不再沿用旧版本中升温后直接消失的行为。其液态温区很窄，适合进行快速冷却实验。
DEFAULT_PT_INSL,https://powdertoy.co.uk/Wiki/W/Elements:Electronics/zh.html,20260521203740,"Insulator. Blocks heat, electricity, and radiation. The Simulation Properties section below is read from this build and lists spawn temperature, heat transfer, heat capacity, weight, gravity, hardness, flammability, explosiveness, conductivity, neutron absorption, and every configured pressure or temperature transition.","绝缘体,绝缘体,既不吸收,也不释放热量给其它元素。 下方“模拟属性”直接读取当前构建，列出生成温度、导热、热容量、重量、重力、耐蚀性、可燃性、爆炸性、导电、中子吸收以及全部温度和压力相变；实际玩法以这些参数和当前源码为准。"
DEFAULT_PT_BHOL,https://powdertoy.co.uk/Wiki/W/Elements:Special/zh.html,20260315022808,"Vacuum, sucks in other particles and heats up. The Simulation Properties section below is read from this build and lists spawn temperature, heat transfer, heat capacity, weight, gravity, hardness, flammability, explosiveness, conductivity, neutron absorption, and every configured pressure or temperature transition.","吸气孔,产生引力吸入物质并升温。 下方“模拟属性”直接读取当前构建，列出生成温度、导热、热容量、重量、重力、耐蚀性、可燃性、爆炸性、导电、中子吸收以及全部温度和压力相变；实际玩法以这些参数和当前源码为准。"
DEFAULT_PT_WHOL,https://powdertoy.co.uk/Wiki/W/Elements:Special/zh.html,20260315022808,"Air vent, creates pressure and pushes other particles away. The Simulation Properties section below is read from this build and lists spawn temperature, heat transfer, heat capacity, weight, gravity, hardness, flammability, explosiveness, conductivity, neutron absorption, and every configured pressure or temperature transition.","排气孔,产生斥力排斥物质。 下方“模拟属性”直接读取当前构建，列出生成温度、导热、热容量、重量、重力、耐蚀性、可燃性、爆炸性、导电、中子吸收以及全部温度和压力相变；实际玩法以这些参数和当前源码为准。"
DEFAULT_PT_RBDM,https://powdertoy.co.uk/Wiki/W/Elements:Explosives/zh.html,20260107145511,"Rubidium. Explosive, especially on contact with water. Low melting point. The Simulation Properties section below is read from this build and lists spawn temperature, heat transfer, heat capacity, weight, gravity, hardness, flammability, explosiveness, conductivity, neutron absorption, and every configured pressure or temperature transition.","固态铷,低熔点,可以导电,遇水爆炸。 下方“模拟属性”直接读取当前构建，列出生成温度、导热、热容量、重量、重力、耐蚀性、可燃性、爆炸性、导电、中子吸收以及全部温度和压力相变；实际玩法以这些参数和当前源码为准。"
DEFAULT_PT_LRBD,https://powdertoy.co.uk/Wiki/W/Elements:Explosives/zh.html,20260107145511,"Liquid Rubidium. The Simulation Properties section below is read from this build and lists spawn temperature, heat transfer, heat capacity, weight, gravity, hardness, flammability, explosiveness, conductivity, neutron absorption, and every configured pressure or temperature transition.","液态铷,压力越大,爆炸点越低。 下方“模拟属性”直接读取当前构建，列出生成温度、导热、热容量、重量、重力、耐蚀性、可燃性、爆炸性、导电、中子吸收以及全部温度和压力相变；实际玩法以这些参数和当前源码为准。"
DEFAULT_PT_NTCT,https://powdertoy.co.uk/Wiki/W/Elements:Electronics/zh.html,20260521203740,"NTC Thermistor. Conducts with PSCN and NSCN, but only when heated above 100C. The Simulation Properties section below is read from this build and lists spawn temperature, heat transfer, heat capacity, weight, gravity, hardness, flammability, explosiveness, conductivity, neutron absorption, and every configured pressure or temperature transition.","负温度系数热敏电阻,只有超过100℃时才导电。 下方“模拟属性”直接读取当前构建，列出生成温度、导热、热容量、重量、重力、耐蚀性、可燃性、爆炸性、导电、中子吸收以及全部温度和压力相变；实际玩法以这些参数和当前源码为准。"
DEFAULT_PT_SAND,https://powdertoy.co.uk/Wiki/W/Elements:Powders/zh.html,20260315022917,"Sand, Heavy particles. Melts into glass. The Simulation Properties section below is read from this build and lists spawn temperature, heat transfer, heat capacity, weight, gravity, hardness, flammability, explosiveness, conductivity, neutron absorption, and every configured pressure or temperature transition.","沙子,重粉末,熔化后冷却能形成玻璃。 下方“模拟属性”直接读取当前构建，列出生成温度、导热、热容量、重量、重力、耐蚀性、可燃性、爆炸性、导电、中子吸收以及全部温度和压力相变；实际玩法以这些参数和当前源码为准。"
DEFAULT_PT_GLAS,https://powdertoy.co.uk/Wiki/W/Elements:Solids/zh.html,20250830155822,"Glass. Meltable. Shatters under pressure, and refracts photons. The Simulation Properties section below is read from this build and lists spawn temperature, heat transfer, heat capacity, weight, gravity, hardness, flammability, explosiveness, conductivity, neutron absorption, and every configured pressure or temperature transition.","玻璃,可熔,在压力下破碎,可以将光子分散成不同的光。 下方“模拟属性”直接读取当前构建，列出生成温度、导热、热容量、重量、重力、耐蚀性、可燃性、爆炸性、导电、中子吸收以及全部温度和压力相变；实际玩法以这些参数和当前源码为准。"
DEFAULT_PT_PTCT,https://powdertoy.co.uk/Wiki/W/Elements:Electronics/zh.html,20260521203740,"PTC Thermistor. Conducts with PSCN and NSCN, but only when cooled below 100C. The Simulation Properties section below is read from this build and lists spawn temperature, heat transfer, heat capacity, weight, gravity, hardness, flammability, explosiveness, conductivity, neutron absorption, and every configured pressure or temperature transition.","正温度系数热敏电阻,只有低于100℃时才导电。 下方“模拟属性”直接读取当前构建，列出生成温度、导热、热容量、重量、重力、耐蚀性、可燃性、爆炸性、导电、中子吸收以及全部温度和压力相变；实际玩法以这些参数和当前源码为准。"
DEFAULT_PT_BGLA,https://powdertoy.co.uk/Wiki/W/Elements:Powders/zh.html,20260315022917,"Broken Glass, heavy particles formed when glass breaks under pressure. Meltable. Bagels. The Simulation Properties section below is read from this build and lists spawn temperature, heat transfer, heat capacity, weight, gravity, hardness, flammability, explosiveness, conductivity, neutron absorption, and every configured pressure or temperature transition.","碎玻璃,玻璃在压力下破碎,熔化后能重新变回玻璃。 下方“模拟属性”直接读取当前构建，列出生成温度、导热、热容量、重量、重力、耐蚀性、可燃性、爆炸性、导电、中子吸收以及全部温度和压力相变；实际玩法以这些参数和当前源码为准。"
DEFAULT_PT_THDR,https://powdertoy.co.uk/Wiki/W/Elements:Explosives/zh.html,20260107145511,"A single-use ball of lightning spawned extremely hot. On contact it damages most matter, creates a strong pressure pulse, and transfers spark to conductors. The Simulation Properties section below is read from this build and lists spawn temperature, heat transfer, heat capacity, weight, gravity, hardness, flammability, explosiveness, conductivity, neutron absorption, and every configured pressure or temperature transition.",一次性的高温球状闪电。接触物质时会造成破坏并产生强压力脉冲，同时可向导体传递电脉冲。 下方“模拟属性”直接读取当前构建，列出生成温度、导热、热容量、重量、重力、耐蚀性、可燃性、爆炸性、导电、中子吸收以及全部温度和压力相变；实际玩法以这些参数和当前源码为准。
DEFAULT_PT_PLSM,https://powdertoy.co.uk/Wiki/W/Elements:Gases/zh.html,20250825170646,"Plasma, extremely hot. The Simulation Properties section below is read from this build and lists spawn temperature, heat transfer, heat capacity, weight, gravity, hardness, flammability, explosiveness, conductivity, neutron absorption, and every configured pressure or temperature transition.","等离子体,炽热的气体。 下方“模拟属性”直接读取当前构建，列出生成温度、导热、热容量、重量、重力、耐蚀性、可燃性、爆炸性、导电、中子吸收以及全部温度和压力相变；实际玩法以这些参数和当前源码为准。"
DEFAULT_PT_ETRD,https://powdertoy.co.uk/Wiki/W/Elements:Electronics/zh.html,20260521203740,"Electrode. Creates plasma arcs with electricity. (Use sparingly). The Simulation Properties section below is read from this build and lists spawn temperature, heat transfer, heat capacity, weight, gravity, hardness, flammability, explosiveness, conductivity, neutron absorption, and every configured pressure or temperature transition.","电极,一旦通电会在相邻两个电极之间产生等离子体。 下方“模拟属性”直接读取当前构建，列出生成温度、导热、热容量、重量、重力、耐蚀性、可燃性、爆炸性、导电、中子吸收以及全部温度和压力相变；实际玩法以这些参数和当前源码为准。"
DEFAULT_PT_NICE,https://powdertoy.co.uk/Wiki/W/Elements:Solids/zh.html,20250830155822,"Nitrogen Ice. Very cold, will melt into LN2 when heated only slightly. The Simulation Properties section below is read from this build and lists spawn temperature, heat transfer, heat capacity, weight, gravity, hardness, flammability, explosiveness, conductivity, neutron absorption, and every configured pressure or temperature transition.","氮冰,氮的固体形式,熔化后变成LN2。 下方“模拟属性”直接读取当前构建，列出生成温度、导热、热容量、重量、重力、耐蚀性、可燃性、爆炸性、导电、中子吸收以及全部温度和压力相变；实际玩法以这些参数和当前源码为准。"
DEFAULT_PT_NBLE,https://powdertoy.co.uk/Wiki/W/Elements:Gases/zh.html,20250825170646,"Noble Gas. Ionizes into plasma when sparked. Diffuses. The Simulation Properties section below is read from this build and lists spawn temperature, heat transfer, heat capacity, weight, gravity, hardness, flammability, explosiveness, conductivity, neutron absorption, and every configured pressure or temperature transition.","惰性气体,通电后能电离成等离子体,但只有1600℃左右。 下方“模拟属性”直接读取当前构建，列出生成温度、导热、热容量、重量、重力、耐蚀性、可燃性、爆炸性、导电、中子吸收以及全部温度和压力相变；实际玩法以这些参数和当前源码为准。"
DEFAULT_PT_BTRY,https://powdertoy.co.uk/Wiki/W/Elements:Electronics/zh.html,20260521203740,"Battery. Generates infinite electricity. The Simulation Properties section below is read from this build and lists spawn temperature, heat transfer, heat capacity, weight, gravity, hardness, flammability, explosiveness, conductivity, neutron absorption, and every configured pressure or temperature transition.","电池,产生无限的电脉冲。 下方“模拟属性”直接读取当前构建，列出生成温度、导热、热容量、重量、重力、耐蚀性、可燃性、爆炸性、导电、中子吸收以及全部温度和压力相变；实际玩法以这些参数和当前源码为准。"
DEFAULT_PT_LCRY,https://powdertoy.co.uk/Wiki/W/Elements:Powered_materials/zh.html,20251212130500,"Liquid Crystal. Changes colour when charged. (PSCN Charges, NSCN Discharges). The Simulation Properties section below is read from this build and lists spawn temperature, heat transfer, heat capacity, weight, gravity, hardness, flammability, explosiveness, conductivity, neutron absorption, and every configured pressure or temperature transition.","液晶,激活时改变颜色,用P型硅激活,N型硅关闭。 下方“模拟属性”直接读取当前构建，列出生成温度、导热、热容量、重量、重力、耐蚀性、可燃性、爆炸性、导电、中子吸收以及全部温度和压力相变；实际玩法以这些参数和当前源码为准。"
DEFAULT_PT_STKM,https://powdertoy.co.uk/Wiki/W/Elements:Special/zh.html,20260315022808,"Stickman. Don't kill him! Control with the arrow keys. The Simulation Properties section below is read from this build and lists spawn temperature, heat transfer, heat capacity, weight, gravity, hardness, flammability, explosiveness, conductivity, neutron absorption, and every configured pressure or temperature transition.","火柴人,受重力和压力影响,使用方向键来控制其运动,吃PLNT或修改Life值可以修改生命值。 下方“模拟属性”直接读取当前构建，列出生成温度、导热、热容量、重量、重力、耐蚀性、可燃性、爆炸性、导电、中子吸收以及全部温度和压力相变；实际玩法以这些参数和当前源码为准。"
DEFAULT_PT_SWCH,https://powdertoy.co.uk/Wiki/W/Elements:Electronics/zh.html,20260521203740,"Switch. Only conducts when switched on. (PSCN switches on, NSCN switches off). The Simulation Properties section below is read from this build and lists spawn temperature, heat transfer, heat capacity, weight, gravity, hardness, flammability, explosiveness, conductivity, neutron absorption, and every configured pressure or temperature transition.","开关,从PSCN导入电时可导电,从NSCN导入电时不可导电。 下方“模拟属性”直接读取当前构建，列出生成温度、导热、热容量、重量、重力、耐蚀性、可燃性、爆炸性、导电、中子吸收以及全部温度和压力相变；实际玩法以这些参数和当前源码为准。"
DEFAULT_PT_SMKE,https://powdertoy.co.uk/Wiki/W/Elements:Gases/zh.html,20250825170646,"Smoke, created by fire. The Simulation Properties section below is read from this build and lists spawn temperature, heat transfer, heat capacity, weight, gravity, hardness, flammability, explosiveness, conductivity, neutron absorption, and every configured pressure or temperature transition.","烟,火焰冷却到较低温度时会产生烟,可燃烧。 下方“模拟属性”直接读取当前构建，列出生成温度、导热、热容量、重量、重力、耐蚀性、可燃性、爆炸性、导电、中子吸收以及全部温度和压力相变；实际玩法以这些参数和当前源码为准。"
DEFAULT_PT_DESL,https://powdertoy.co.uk/Wiki/W/Elements:Liquids/zh.html,20240528002851,"A light, flammable diesel fuel that ignites when its temperature reaches 335 K or local pressure reaches 5. It also catches fire from ordinary ignition sources and then burns more steadily than oil. Because the pressure and temperature transitions both produce FIRE, compressed or heated pools can ignite across a large area at once.",一种较轻的易燃柴油；温度达到 335 K 或局部压力达到 5 时会点燃成 FIRE，也会被普通点火源引燃，燃烧通常比石油更稳定。由于高压和高温相变都会直接产生火焰，被压缩或整体加热的柴油池可能同时大面积着火。
DEFAULT_PT_COAL,https://powdertoy.co.uk/Wiki/W/Elements:Solids/zh.html,20250830155822,"Coal, Burns very slowly. Gets red when hot. The Simulation Properties section below is read from this build and lists spawn temperature, heat transfer, heat capacity, weight, gravity, hardness, flammability, explosiveness, conductivity, neutron absorption, and every configured pressure or temperature transition.","煤,缓慢燃烧,燃烧时发红。 下方“模拟属性”直接读取当前构建，列出生成温度、导热、热容量、重量、重力、耐蚀性、可燃性、爆炸性、导电、中子吸收以及全部温度和压力相变；实际玩法以这些参数和当前源码为准。"
DEFAULT_PT_LO2,https://powdertoy.co.uk/Wiki/W/Elements:Liquids/zh.html,20240528002851,"Cryogenic liquid oxygen spawned at 80 K. It changes into gaseous oxygen above 90.1 K and has extremely high flammability, so contact with fire rapidly consumes it and feeds an intense burn. It is a dense liquid oxidiser rather than a fuel that burns slowly on its own.",生成温度为 80 K 的低温液氧。温度高于 90.1 K 时会变成氧气，并且可燃参数极高，因此接触火焰后会被迅速消耗并形成剧烈燃烧。它更像高密度液态氧化剂，而不是会自行缓慢燃烧的普通燃料。
DEFAULT_PT_O2,https://powdertoy.co.uk/Wiki/W/Elements:Gases/zh.html,20250825170646,"Oxygen gas that strongly supports combustion and can be consumed by fire. It also participates in water formation and several material-specific oxidation reactions. The Simulation Properties section below is read from this build and lists spawn temperature, heat transfer, heat capacity, weight, gravity, hardness, flammability, explosiveness, conductivity, neutron absorption, and every configured pressure or temperature transition.",强烈助燃并会被火焰消耗的氧气，还参与生成水及多种材料专用的氧化反应；“助燃”比把它简单称作燃料更准确。 下方“模拟属性”直接读取当前构建，列出生成温度、导热、热容量、重量、重力、耐蚀性、可燃性、爆炸性、导电、中子吸收以及全部温度和压力相变；实际玩法以这些参数和当前源码为准。
DEFAULT_PT_INWR,https://powdertoy.co.uk/Wiki/W/Elements:Electronics/zh.html,20260521203740,"Insulated wire. Only conducts to PSCN, NSCN, WIFI, and SWCH. The Simulation Properties section below is read from this build and lists spawn temperature, heat transfer, heat capacity, weight, gravity, hardness, flammability, explosiveness, conductivity, neutron absorption, and every configured pressure or temperature transition.","绝缘线,只能在P型硅与N型硅之间传递电脉冲(双向)。 下方“模拟属性”直接读取当前构建，列出生成温度、导热、热容量、重量、重力、耐蚀性、可燃性、爆炸性、导电、中子吸收以及全部温度和压力相变；实际玩法以这些参数和当前源码为准。"
DEFAULT_PT_YEST,https://powdertoy.co.uk/Wiki/W/Elements:Powders/zh.html,20260315022917,"Yeast, grows when warm (~37C). The Simulation Properties section below is read from this build and lists spawn temperature, heat transfer, heat capacity, weight, gravity, hardness, flammability, explosiveness, conductivity, neutron absorption, and every configured pressure or temperature transition.","酵母,在特定温度范围(29.85℃/303k~43.85℃/317k,不包括边界值)会繁殖。 下方“模拟属性”直接读取当前构建，列出生成温度、导热、热容量、重量、重力、耐蚀性、可燃性、爆炸性、导电、中子吸收以及全部温度和压力相变；实际玩法以这些参数和当前源码为准。"
DEFAULT_PT_DYST,https://powdertoy.co.uk/Wiki/W/Elements:Powders/zh.html,20260315022917,"Dead yeast produced when YEST is overheated or irradiated by neutrons. It converts neighbouring live yeast into DYST and eventually becomes DUST at higher temperature. The Simulation Properties section below is read from this build and lists spawn temperature, heat transfer, heat capacity, weight, gravity, hardness, flammability, explosiveness, conductivity, neutron absorption, and every configured pressure or temperature transition.",死酵母，由 YEST 过热或受到中子作用后产生。它会把邻近活酵母继续转成 DYST，温度进一步升高后最终变成 DUST；它不是菌丝。 下方“模拟属性”直接读取当前构建，列出生成温度、导热、热容量、重量、重力、耐蚀性、可燃性、爆炸性、导电、中子吸收以及全部温度和压力相变；实际玩法以这些参数和当前源码为准。
DEFAULT_PT_THRM,https://powdertoy.co.uk/Wiki/W/Elements:Explosives/zh.html,20260107145511,"Thermite. Burns into extremely hot molten metal. The Simulation Properties section below is read from this build and lists spawn temperature, heat transfer, heat capacity, weight, gravity, hardness, flammability, explosiveness, conductivity, neutron absorption, and every configured pressure or temperature transition.","铝热剂,只能与FIRE,PLSM,LAVA,LIFE反应,产生巨大的热量。 下方“模拟属性”直接读取当前构建，列出生成温度、导热、热容量、重量、重力、耐蚀性、可燃性、爆炸性、导电、中子吸收以及全部温度和压力相变；实际玩法以这些参数和当前源码为准。"
DEFAULT_PT_GLOW,https://powdertoy.co.uk/Wiki/W/Elements:Liquids/zh.html,20240528002851,"A luminous liquid whose rendered colour responds to temperature, pressure, air movement, and particle velocity. Photons can pass through it and take on its colour while multiplying. A slow reaction with WATR makes DEUT, consuming the GLOW, and contact with GEL converts the gel into liquid photoresist RSST. These reactions make it useful for optical, pressure, and chemistry demonstrations.",一种会发光的液体，显示颜色随温度、压力、空气运动和粒子速度变化。光子可以穿过它、取得其颜色并增殖。它与 WATR 缓慢反应会生成 DEUT 并消耗自身；接触 GEL 时则把胶体转成液态光刻胶 RSST，适合光学、压力和化学演示。
DEFAULT_PT_BRCK,https://powdertoy.co.uk/Wiki/W/Elements:Solids/zh.html,20250830155822,"Brick, breakable building material. The Simulation Properties section below is read from this build and lists spawn temperature, heat transfer, heat capacity, weight, gravity, hardness, flammability, explosiveness, conductivity, neutron absorption, and every configured pressure or temperature transition.","砖块,易碎的建筑材料。 下方“模拟属性”直接读取当前构建，列出生成温度、导热、热容量、重量、重力、耐蚀性、可燃性、爆炸性、导电、中子吸收以及全部温度和压力相变；实际玩法以这些参数和当前源码为准。"
DEFAULT_PT_HFLM,https://powdertoy.co.uk/Wiki/W/Elements:Explosives/zh.html,20260107145511,"Sub-zero flame. The Simulation Properties section below is read from this build and lists spawn temperature, heat transfer, heat capacity, weight, gravity, hardness, flammability, explosiveness, conductivity, neutron absorption, and every configured pressure or temperature transition.","冷焰,绝对零度的火焰。 下方“模拟属性”直接读取当前构建，列出生成温度、导热、热容量、重量、重力、耐蚀性、可燃性、爆炸性、导电、中子吸收以及全部温度和压力相变；实际玩法以这些参数和当前源码为准。"
DEFAULT_PT_FIRW,https://powdertoy.co.uk/Wiki/W/Elements:Explosives/zh.html,20260107145511,"Fireworks! Colorful, set off by fire. The Simulation Properties section below is read from this build and lists spawn temperature, heat transfer, heat capacity, weight, gravity, hardness, flammability, explosiveness, conductivity, neutron absorption, and every configured pressure or temperature transition.","烟花,点燃后会升高并爆炸,产生高温和七彩的余烬。 下方“模拟属性”直接读取当前构建，列出生成温度、导热、热容量、重量、重力、耐蚀性、可燃性、爆炸性、导电、中子吸收以及全部温度和压力相变；实际玩法以这些参数和当前源码为准。"
DEFAULT_PT_FUSE,https://powdertoy.co.uk/Wiki/W/Elements:Explosives/zh.html,20260107145511,"Burns slowly. Ignites at very high temperatures or when sparked. The Simulation Properties section below is read from this build and lists spawn temperature, heat transfer, heat capacity, weight, gravity, hardness, flammability, explosiveness, conductivity, neutron absorption, and every configured pressure or temperature transition.","导火索,高温或通电下缓慢燃烧。 下方“模拟属性”直接读取当前构建，列出生成温度、导热、热容量、重量、重力、耐蚀性、可燃性、爆炸性、导电、中子吸收以及全部温度和压力相变；实际玩法以这些参数和当前源码为准。"
DEFAULT_PT_FSEP,https://powdertoy.co.uk/Wiki/W/Elements:Explosives/zh.html,20260107145511,"Fuse Powder. Burns slowly like FUSE. The Simulation Properties section below is read from this build and lists spawn temperature, heat transfer, heat capacity, weight, gravity, hardness, flammability, explosiveness, conductivity, neutron absorption, and every configured pressure or temperature transition.","导火索粉末,像导火索一样缓慢燃烧。 下方“模拟属性”直接读取当前构建，列出生成温度、导热、热容量、重量、重力、耐蚀性、可燃性、爆炸性、导电、中子吸收以及全部温度和压力相变；实际玩法以这些参数和当前源码为准。"
DEFAULT_PT_AMTR,https://powdertoy.co.uk/Wiki/W/Elements:Radioactive/zh.html,20240424211836,"Anti-Matter, destroys a majority of particles. The Simulation Properties section below is read from this build and lists spawn temperature, heat transfer, heat capacity, weight, gravity, hardness, flammability, explosiveness, conductivity, neutron absorption, and every configured pressure or temperature transition.","反物质,可以破坏大多数物质并产生低压和光子。 下方“模拟属性”直接读取当前构建，列出生成温度、导热、热容量、重量、重力、耐蚀性、可燃性、爆炸性、导电、中子吸收以及全部温度和压力相变；实际玩法以这些参数和当前源码为准。"
DEFAULT_PT_BCOL,https://powdertoy.co.uk/Wiki/W/Elements:Powders/zh.html,20260315022917,"Broken Coal. Heavy particles, burns slowly. The Simulation Properties section below is read from this build and lists spawn temperature, heat transfer, heat capacity, weight, gravity, hardness, flammability, explosiveness, conductivity, neutron absorption, and every configured pressure or temperature transition.","煤粉,重粉末,点然后缓慢燃烧。 下方“模拟属性”直接读取当前构建，列出生成温度、导热、热容量、重量、重力、耐蚀性、可燃性、爆炸性、导电、中子吸收以及全部温度和压力相变；实际玩法以这些参数和当前源码为准。"
DEFAULT_PT_PCLN,https://powdertoy.co.uk/Wiki/W/Elements:Powered_materials/zh.html,20251212130500,"Powered clone. When activated, duplicates any particles it touches. The Simulation Properties section below is read from this build and lists spawn temperature, heat transfer, heat capacity, weight, gravity, hardness, flammability, explosiveness, conductivity, neutron absorption, and every configured pressure or temperature transition.","可控复制体,激活时变得和复制体一样。 下方“模拟属性”直接读取当前构建，列出生成温度、导热、热容量、重量、重力、耐蚀性、可燃性、爆炸性、导电、中子吸收以及全部温度和压力相变；实际玩法以这些参数和当前源码为准。"
DEFAULT_PT_HSWC,https://powdertoy.co.uk/Wiki/W/Elements:Powered_materials/zh.html,20251212130500,"Heat switch. Conducts heat only when activated. The Simulation Properties section below is read from this build and lists spawn temperature, heat transfer, heat capacity, weight, gravity, hardness, flammability, explosiveness, conductivity, neutron absorption, and every configured pressure or temperature transition.","热开关,当激活时才可以导热。 下方“模拟属性”直接读取当前构建，列出生成温度、导热、热容量、重量、重力、耐蚀性、可燃性、爆炸性、导电、中子吸收以及全部温度和压力相变；实际玩法以这些参数和当前源码为准。"
DEFAULT_PT_IRON,https://powdertoy.co.uk/Wiki/W/Elements:Solids/zh.html,20250830155822,"Rusts with salt, can be used for electrolysis of WATR. The Simulation Properties section below is read from this build and lists spawn temperature, heat transfer, heat capacity, weight, gravity, hardness, flammability, explosiveness, conductivity, neutron absorption, and every configured pressure or temperature transition.","铁,会被,盐水,氧气,水,液氧,腐蚀后变成脆金属,可用于电解水。 下方“模拟属性”直接读取当前构建，列出生成温度、导热、热容量、重量、重力、耐蚀性、可燃性、爆炸性、导电、中子吸收以及全部温度和压力相变；实际玩法以这些参数和当前源码为准。"
DEFAULT_PT_MORT,https://powdertoy.co.uk/Wiki/W/Elements:Special/zh.html,20260315022808,"A novelty steam-train particle that moves while emitting smoke. It is a legacy decorative element rather than a general-purpose gas or vehicle. The Simulation Properties section below is read from this build and lists spawn temperature, heat transfer, heat capacity, weight, gravity, hardness, flammability, explosiveness, conductivity, neutron absorption, and every configured pressure or temperature transition.",会移动并沿途释放烟雾的趣味蒸汽火车粒子，属于保留的装饰性旧元素，并不是普通气体或可操纵载具。 下方“模拟属性”直接读取当前构建，列出生成温度、导热、热容量、重量、重力、耐蚀性、可燃性、爆炸性、导电、中子吸收以及全部温度和压力相变；实际玩法以这些参数和当前源码为准。
DEFAULT_PT_LIFE,https://powdertoy.co.uk/Wiki/W/Elements:Life.html,20251107123141,"The cellular-automaton element. The default LIFE tool uses Conway's B3/S23 rules, while its subtype selects the other built-in Life rule sets. The Simulation Properties section below is read from this build and lists spawn temperature, heat transfer, heat capacity, weight, gravity, hardness, flammability, explosiveness, conductivity, neutron absorption, and every configured pressure or temperature transition.",细胞自动机元素。默认 LIFE 工具采用康威生命游戏 B3/S23 规则，其他内置生命规则通过其子类型选择。 下方“模拟属性”直接读取当前构建，列出生成温度、导热、热容量、重量、重力、耐蚀性、可燃性、爆炸性、导电、中子吸收以及全部温度和压力相变；实际玩法以这些参数和当前源码为准。
DEFAULT_PT_DLAY,https://powdertoy.co.uk/Wiki/W/Elements:Powered_materials/zh.html,20251212130500,"Conducts with temperature-dependent delay. (use HEAT/COOL). The Simulation Properties section below is read from this build and lists spawn temperature, heat transfer, heat capacity, weight, gravity, hardness, flammability, explosiveness, conductivity, neutron absorption, and every configured pressure or temperature transition.","延时器,当电脉冲通过延时计时会延迟X帧,X等于延时计的温度。 下方“模拟属性”直接读取当前构建，列出生成温度、导热、热容量、重量、重力、耐蚀性、可燃性、爆炸性、导电、中子吸收以及全部温度和压力相变；实际玩法以这些参数和当前源码为准。"
DEFAULT_PT_CO2,https://powdertoy.co.uk/Wiki/W/Elements:Gases/zh.html,20250825170646,"Carbon Dioxide. Heavy gas, drifts downwards. Carbonates water and turns to dry ice when cold. The Simulation Properties section below is read from this build and lists spawn temperature, heat transfer, heat capacity, weight, gravity, hardness, flammability, explosiveness, conductivity, neutron absorption, and every configured pressure or temperature transition.","二氧化碳,高密度气体,真空中下沉,与水反应生成苏打水(BUBW),冷却后变成干冰。 下方“模拟属性”直接读取当前构建，列出生成温度、导热、热容量、重量、重力、耐蚀性、可燃性、爆炸性、导电、中子吸收以及全部温度和压力相变；实际玩法以这些参数和当前源码为准。"
DEFAULT_PT_DRIC,https://powdertoy.co.uk/Wiki/W/Elements:Solids/zh.html,20250830155822,"Dry Ice, formed when CO2 is cooled. The Simulation Properties section below is read from this build and lists spawn temperature, heat transfer, heat capacity, weight, gravity, hardness, flammability, explosiveness, conductivity, neutron absorption, and every configured pressure or temperature transition.","干冰,二氧化碳冷却时形成。 下方“模拟属性”直接读取当前构建，列出生成温度、导热、热容量、重量、重力、耐蚀性、可燃性、爆炸性、导电、中子吸收以及全部温度和压力相变；实际玩法以这些参数和当前源码为准。"
DEFAULT_PT_CBNW,https://powdertoy.co.uk/Wiki/W/Elements:Liquids/zh.html,20240528002851,"Conductive carbonated water that shares ordinary water's freezing and boiling transitions. It slowly decomposes into CO2, especially under negative pressure, and contact with powders or many solids can start a chain release that raises pressure and breaks up a pool. It extinguishes most fire and can react with rubidium. CO2 touching WATR or DSTW can create more CBNW.",可导电的碳酸水，凝固和沸腾规律与普通水相同。它会缓慢分解成 CO2，在负压下尤其明显；接触粉末或多种固体时可能启动连锁释气，抬高压力并使整片液体散开。它能扑灭大多数火焰并可与铷反应，而 CO2 接触 WATR 或 DSTW 时也能生成更多碳酸水。
DEFAULT_PT_STOR,https://powdertoy.co.uk/Wiki/W/Elements:Powered_materials/zh.html,20251212130500,"Storage. Captures and stores a single particle. Releases when charged with PSCN, also passes to PIPE. The Simulation Properties section below is read from this build and lists spawn temperature, heat transfer, heat capacity, weight, gravity, hardness, flammability, explosiveness, conductivity, neutron absorption, and every configured pressure or temperature transition.","堆栈,吸收一个像素的与之接触的物质,修改它的Ctype值可以使它吸收特定的物质。 下方“模拟属性”直接读取当前构建，列出生成温度、导热、热容量、重量、重力、耐蚀性、可燃性、爆炸性、导电、中子吸收以及全部温度和压力相变；实际玩法以这些参数和当前源码为准。"
DEFAULT_PT_PVOD,https://powdertoy.co.uk/Wiki/W/Elements:Powered_materials/zh.html,20251212130500,"Powered VOID. When activated, destroys entering particles. The Simulation Properties section below is read from this build and lists spawn temperature, heat transfer, heat capacity, weight, gravity, hardness, flammability, explosiveness, conductivity, neutron absorption, and every configured pressure or temperature transition.","可控虚空,一旦激活就如同虚空(VOID)一样,吸收一切物质。 下方“模拟属性”直接读取当前构建，列出生成温度、导热、热容量、重量、重力、耐蚀性、可燃性、爆炸性、导电、中子吸收以及全部温度和压力相变；实际玩法以这些参数和当前源码为准。"
DEFAULT_PT_CONV,https://powdertoy.co.uk/Wiki/W/Elements:Special/zh.html,20260315022808,"Converter. Converts everything into whatever it first touches. The Simulation Properties section below is read from this build and lists spawn temperature, heat transfer, heat capacity, weight, gravity, hardness, flammability, explosiveness, conductivity, neutron absorption, and every configured pressure or temperature transition.","转换器,转换它接触到的物质的Type值为它自身的Ctype值。 下方“模拟属性”直接读取当前构建，列出生成温度、导热、热容量、重量、重力、耐蚀性、可燃性、爆炸性、导电、中子吸收以及全部温度和压力相变；实际玩法以这些参数和当前源码为准。"
DEFAULT_PT_CAUS,https://powdertoy.co.uk/Wiki/W/Elements:Gases/zh.html,20250825170646,"A corrosive caustic gas that attacks many materials in an acid-like way. It is the gaseous corrosive element, not ordinary carbon dioxide or water vapour. The Simulation Properties section below is read from this build and lists spawn temperature, heat transfer, heat capacity, weight, gravity, hardness, flammability, explosiveness, conductivity, neutron absorption, and every configured pressure or temperature transition.",会以类似 ACID 的方式腐蚀多种材料的苛性气体，是专用的气态腐蚀元素，并非普通二氧化碳或水蒸气。 下方“模拟属性”直接读取当前构建，列出生成温度、导热、热容量、重量、重力、耐蚀性、可燃性、爆炸性、导电、中子吸收以及全部温度和压力相变；实际玩法以这些参数和当前源码为准。
DEFAULT_PT_LIGH,https://powdertoy.co.uk/Wiki/W/Elements:Explosives/zh.html,20260107145511,"Lightning. Change the brush size to set the size of the lightning. The Simulation Properties section below is read from this build and lists spawn temperature, heat transfer, heat capacity, weight, gravity, hardness, flammability, explosiveness, conductivity, neutron absorption, and every configured pressure or temperature transition.","闪电,改变笔刷大小可以调整闪电大小和威力。 下方“模拟属性”直接读取当前构建，列出生成温度、导热、热容量、重量、重力、耐蚀性、可燃性、爆炸性、导电、中子吸收以及全部温度和压力相变；实际玩法以这些参数和当前源码为准。"
DEFAULT_PT_TESC,https://powdertoy.co.uk/Wiki/W/Elements:Electronics/zh.html,20260521203740,"A Tesla coil that emits hot LIGH arcs when sparked. Brush size controls the maximum arc length, so large coils can affect a wide area. The Simulation Properties section below is read from this build and lists spawn temperature, heat transfer, heat capacity, weight, gravity, hardness, flammability, explosiveness, conductivity, neutron absorption, and every configured pressure or temperature transition.",通电后发射高温 LIGH 电弧的特斯拉线圈。笔刷尺寸决定最大放电距离，因此较大线圈会影响更宽的区域。 下方“模拟属性”直接读取当前构建，列出生成温度、导热、热容量、重量、重力、耐蚀性、可燃性、爆炸性、导电、中子吸收以及全部温度和压力相变；实际玩法以这些参数和当前源码为准。
DEFAULT_PT_DEST,https://powdertoy.co.uk/Wiki/W/Elements:Explosives/zh.html,20260107145511,"More destructive Bomb, can break through virtually anything. The Simulation Properties section below is read from this build and lists spawn temperature, heat transfer, heat capacity, weight, gravity, hardness, flammability, explosiveness, conductivity, neutron absorption, and every configured pressure or temperature transition.","高爆炸药,几乎可以破坏任何物质。 下方“模拟属性”直接读取当前构建，列出生成温度、导热、热容量、重量、重力、耐蚀性、可燃性、爆炸性、导电、中子吸收以及全部温度和压力相变；实际玩法以这些参数和当前源码为准。"
DEFAULT_PT_SPNG,https://powdertoy.co.uk/Wiki/W/Elements:Solids/zh.html,20250830155822,"Sponge, absorbs water. Is not a moving solid. The Simulation Properties section below is read from this build and lists spawn temperature, heat transfer, heat capacity, weight, gravity, hardness, flammability, explosiveness, conductivity, neutron absorption, and every configured pressure or temperature transition.","海绵可以从多种元素中(WATR,SLTW,DSTW,FRZW,BUBW,PSTE)吸水。 下方“模拟属性”直接读取当前构建，列出生成温度、导热、热容量、重量、重力、耐蚀性、可燃性、爆炸性、导电、中子吸收以及全部温度和压力相变；实际玩法以这些参数和当前源码为准。"
DEFAULT_PT_RIME,https://powdertoy.co.uk/Wiki/W/Elements:Solids/zh.html,20250830155822,"A frost solid deposited when water vapour cools rapidly. A spark converts RIME into FOG, providing an electrical route back to a mobile phase. The Simulation Properties section below is read from this build and lists spawn temperature, heat transfer, heat capacity, weight, gravity, hardness, flammability, explosiveness, conductivity, neutron absorption, and every configured pressure or temperature transition.",水蒸气快速冷却并凝华后形成的霜。电脉冲会把 RIME 转成 FOG，使其重新进入可移动相态。 下方“模拟属性”直接读取当前构建，列出生成温度、导热、热容量、重量、重力、耐蚀性、可燃性、爆炸性、导电、中子吸收以及全部温度和压力相变；实际玩法以这些参数和当前源码为准。
DEFAULT_PT_FOG,https://powdertoy.co.uk/Wiki/W/Elements:Gases/zh.html,20250825170646,"Fog, created when an electric current is passed through RIME. The Simulation Properties section below is read from this build and lists spawn temperature, heat transfer, heat capacity, weight, gravity, hardness, flammability, explosiveness, conductivity, neutron absorption, and every configured pressure or temperature transition.","雾,霜(RIME)受到电脉冲刺激时形成。 下方“模拟属性”直接读取当前构建，列出生成温度、导热、热容量、重量、重力、耐蚀性、可燃性、爆炸性、导电、中子吸收以及全部温度和压力相变；实际玩法以这些参数和当前源码为准。"
DEFAULT_PT_BCLN,https://powdertoy.co.uk/Wiki/W/Elements:Special/zh.html,20260315022808,"Breakable Clone. The Simulation Properties section below is read from this build and lists spawn temperature, heat transfer, heat capacity, weight, gravity, hardness, flammability, explosiveness, conductivity, neutron absorption, and every configured pressure or temperature transition.",可破坏复制体。 下方“模拟属性”直接读取当前构建，列出生成温度、导热、热容量、重量、重力、耐蚀性、可燃性、爆炸性、导电、中子吸收以及全部温度和压力相变；实际玩法以这些参数和当前源码为准。
DEFAULT_PT_LOVE,https://powdertoy.co.uk/Wiki/W/Elements:Special/zh.html,20260315022808,"A hidden decorative element that draws the LOVE pattern. It has no chemistry or engineering role beyond preserving the original novelty effect. The Simulation Properties section below is read from this build and lists spawn temperature, heat transfer, heat capacity, weight, gravity, hardness, flammability, explosiveness, conductivity, neutron absorption, and every configured pressure or temperature transition.",用于绘制 LOVE 图案的隐藏装饰元素。除保留原有趣味效果外，它没有化学或工程用途。 下方“模拟属性”直接读取当前构建，列出生成温度、导热、热容量、重量、重力、耐蚀性、可燃性、爆炸性、导电、中子吸收以及全部温度和压力相变；实际玩法以这些参数和当前源码为准。
DEFAULT_PT_DEUT,https://powdertoy.co.uk/Wiki/W/Elements:Radioactive/zh.html,20240424211836,"Deuterium oxide. Gets more concentrated when cold, explodes with neutrons or protons. The Simulation Properties section below is read from this build and lists spawn temperature, heat transfer, heat capacity, weight, gravity, hardness, flammability, explosiveness, conductivity, neutron absorption, and every configured pressure or temperature transition.","重水,热胀冷缩,会被中子激发。 下方“模拟属性”直接读取当前构建，列出生成温度、导热、热容量、重量、重力、耐蚀性、可燃性、爆炸性、导电、中子吸收以及全部温度和压力相变；实际玩法以这些参数和当前源码为准。"
DEFAULT_PT_WARP,https://powdertoy.co.uk/Wiki/W/Elements:Radioactive/zh.html,20240424211836,"Displaces other elements. The Simulation Properties section below is read from this build and lists spawn temperature, heat transfer, heat capacity, weight, gravity, hardness, flammability, explosiveness, conductivity, neutron absorption, and every configured pressure or temperature transition.","迁跃粉,传送时会产生ELEC。 下方“模拟属性”直接读取当前构建，列出生成温度、导热、热容量、重量、重力、耐蚀性、可燃性、爆炸性、导电、中子吸收以及全部温度和压力相变；实际玩法以这些参数和当前源码为准。"
DEFAULT_PT_PUMP,https://powdertoy.co.uk/Wiki/W/Elements:Powered_materials/zh.html,20251212130500,"Pressure pump. Changes pressure to its temp when activated. (use HEAT/COOL). The Simulation Properties section below is read from this build and lists spawn temperature, heat transfer, heat capacity, weight, gravity, hardness, flammability, explosiveness, conductivity, neutron absorption, and every configured pressure or temperature transition.","压力泵,激活时改变使周围压力变为自身温度值,可用HEAT/COOL控制。 下方“模拟属性”直接读取当前构建，列出生成温度、导热、热容量、重量、重力、耐蚀性、可燃性、爆炸性、导电、中子吸收以及全部温度和压力相变；实际玩法以这些参数和当前源码为准。"
DEFAULT_PT_FWRK,https://powdertoy.co.uk/Wiki/W/Elements:Explosives/zh.html,20260107145511,"Original version of fireworks, activated by heat/neutrons. The Simulation Properties section below is read from this build and lists spawn temperature, heat transfer, heat capacity, weight, gravity, hardness, flammability, explosiveness, conductivity, neutron absorption, and every configured pressure or temperature transition.","传统烟花,用中子或热量(200C)爆炸,比烟花(FIRW)升的更高,但火焰苍白。 下方“模拟属性”直接读取当前构建，列出生成温度、导热、热容量、重量、重力、耐蚀性、可燃性、爆炸性、导电、中子吸收以及全部温度和压力相变；实际玩法以这些参数和当前源码为准。"
DEFAULT_PT_PIPE,https://powdertoy.co.uk/Wiki/W/Elements:Force/zh.html,20251103163404,"PIPE, moves particles around. Once the BRCK generates, erase some for the exit. Then the PIPE generates and is usable. The Simulation Properties section below is read from this build and lists spawn temperature, heat transfer, heat capacity, weight, gravity, hardness, flammability, explosiveness, conductivity, neutron absorption, and every configured pressure or temperature transition.","动力管,可以用于向一个方向运输物质,自带动力,放置完毕后会在周围自动出现一圈砖块。 下方“模拟属性”直接读取当前构建，列出生成温度、导热、热容量、重量、重力、耐蚀性、可燃性、爆炸性、导电、中子吸收以及全部温度和压力相变；实际玩法以这些参数和当前源码为准。"
DEFAULT_PT_FRZZ,https://powdertoy.co.uk/Wiki/W/Elements:Powders/zh.html,20260315022917,"Freeze powder. When melted, forms ice that always cools. Spreads with regular water. The Simulation Properties section below is read from this build and lists spawn temperature, heat transfer, heat capacity, weight, gravity, hardness, flammability, explosiveness, conductivity, neutron absorption, and every configured pressure or temperature transition.","寒尘,冷粉末,能立即冻住水,能将水转变成寒水。 下方“模拟属性”直接读取当前构建，列出生成温度、导热、热容量、重量、重力、耐蚀性、可燃性、爆炸性、导电、中子吸收以及全部温度和压力相变；实际玩法以这些参数和当前源码为准。"
DEFAULT_PT_FRZW,https://powdertoy.co.uk/Wiki/W/Element:FRZW.html,20240228101644,An extremely cold hidden liquid produced when freeze powder melts or converts water. It spreads by turning neighbouring WATR into more FRZW and does not extinguish fire like ordinary water. As its life expires it has an increasing chance to become FRZW-typed ice while dropping its temperature by 200 K; below 53 K it also freezes directly into typed ice.,一种极冷的隐藏液体，由寒尘熔化或寒尘转化水时产生。它会把邻近 WATR 继续转成 FRZW，但不像普通水那样灭火。随着 life 归零，它越来越可能凝固成带 FRZW 类型的冰，并在相变时再降温 200 K；低于 53 K 时也会直接冻结成对应类型的冰。
DEFAULT_PT_GRAV,https://powdertoy.co.uk/Wiki/W/Elements:Powders/zh.html,20260315022917,"Very light dust. Changes colour based on velocity. The Simulation Properties section below is read from this build and lists spawn temperature, heat transfer, heat capacity, weight, gravity, hardness, flammability, explosiveness, conductivity, neutron absorption, and every configured pressure or temperature transition.","引力尘,十分轻的粉末,几乎无视重力,随着速度改变颜色。 下方“模拟属性”直接读取当前构建，列出生成温度、导热、热容量、重量、重力、耐蚀性、可燃性、爆炸性、导电、中子吸收以及全部温度和压力相变；实际玩法以这些参数和当前源码为准。"
DEFAULT_PT_BIZR,https://powdertoy.co.uk/Wiki/W/Elements:Liquids/zh.html,20240528002851,"A bizarre liquid with reversed phase behaviour: it becomes gaseous BIZRG below 100 K and solid BIZRS above 400 K. When given a decoration colour it gradually blends that colour into nearby non-bizarre particles over a five-by-five area. Photons passing through the bizarre family can be converted into electrons, enabling unusual optical and electrical effects.",一种相变规律颠倒的奇异液体：低于 100 K 会变成气态 BIZRG，高于 400 K 会变成固态 BIZRS。设置装饰色后，它会在五乘五邻域内逐步把该颜色混入其他非奇异粒子。光子穿过奇异物质家族时可转成电子，因此能产生特殊的光电效果。
DEFAULT_PT_BIZRG,https://powdertoy.co.uk/Wiki/W/Elements:Gases/zh.html,20250825170646,"The gaseous phase of bizarre matter. Its phase ordering is reversed: cooling BIZR makes BIZG, while sufficient heating moves the family toward solid BIZS. The Simulation Properties section below is read from this build and lists spawn temperature, heat transfer, heat capacity, weight, gravity, hardness, flammability, explosiveness, conductivity, neutron absorption, and every configured pressure or temperature transition.",奇异物质的气态相，其相变顺序与常规物质相反：冷却 BIZR 会形成 BIZG，而充分加热则会使该家族趋向固态 BIZS。 下方“模拟属性”直接读取当前构建，列出生成温度、导热、热容量、重量、重力、耐蚀性、可燃性、爆炸性、导电、中子吸收以及全部温度和压力相变；实际玩法以这些参数和当前源码为准。
DEFAULT_PT_BIZRS,https://powdertoy.co.uk/Wiki/W/Elements:Solids/zh.html,20250830155822,"The solid phase of bizarre matter, formed at the hot end of the family's reversed phase sequence. Cooling it returns the material toward BIZR and BIZG. The Simulation Properties section below is read from this build and lists spawn temperature, heat transfer, heat capacity, weight, gravity, hardness, flammability, explosiveness, conductivity, neutron absorption, and every configured pressure or temperature transition.",奇异物质的固态相，出现在该家族反常相变序列的高温端；冷却后会依次回到 BIZR 和 BIZG。 下方“模拟属性”直接读取当前构建，列出生成温度、导热、热容量、重量、重力、耐蚀性、可燃性、爆炸性、导电、中子吸收以及全部温度和压力相变；实际玩法以这些参数和当前源码为准。
DEFAULT_PT_INST,https://powdertoy.co.uk/Wiki/W/Elements:Electronics/zh.html,20260521203740,"Instantly conducts, PSCN to charge, NSCN to take. The Simulation Properties section below is read from this build and lists spawn temperature, heat transfer, heat capacity, weight, gravity, hardness, flammability, explosiveness, conductivity, neutron absorption, and every configured pressure or temperature transition.","瞬时导体,导电速度和导电墙相同,只能通过P型硅输入电脉冲,N型硅和GOLD输出电脉冲。 下方“模拟属性”直接读取当前构建，列出生成温度、导热、热容量、重量、重力、耐蚀性、可燃性、爆炸性、导电、中子吸收以及全部温度和压力相变；实际玩法以这些参数和当前源码为准。"
DEFAULT_PT_ISOZ,https://powdertoy.co.uk/Wiki/W/Elements:Radioactive/zh.html,20240424211836,"Isotope-Z. Radioactive liquid, decays into photons when touching PHOT or under negative pressure. The Simulation Properties section below is read from this build and lists spawn temperature, heat transfer, heat capacity, weight, gravity, hardness, flammability, explosiveness, conductivity, neutron absorption, and every configured pressure or temperature transition.","同位素-Z,放射性液体,可以被光子或负压激发会释放出更多的光子。 下方“模拟属性”直接读取当前构建，列出生成温度、导热、热容量、重量、重力、耐蚀性、可燃性、爆炸性、导电、中子吸收以及全部温度和压力相变；实际玩法以这些参数和当前源码为准。"
DEFAULT_PT_ISZS,https://powdertoy.co.uk/Wiki/W/Elements:Radioactive/zh.html,20240424211836,"Solid form of ISOZ, slowly decays into PHOT. The Simulation Properties section below is read from this build and lists spawn temperature, heat transfer, heat capacity, weight, gravity, hardness, flammability, explosiveness, conductivity, neutron absorption, and every configured pressure or temperature transition.","固态同位素,会随时间流逝慢慢衰减成光子,负压会加快衰变速度。 下方“模拟属性”直接读取当前构建，列出生成温度、导热、热容量、重量、重力、耐蚀性、可燃性、爆炸性、导电、中子吸收以及全部温度和压力相变；实际玩法以这些参数和当前源码为准。"
DEFAULT_PT_PRTI,https://powdertoy.co.uk/Wiki/W/Elements:Special/zh.html,20260315022808,"Portal IN. Particles go in here. Also has temperature dependent channels. (same as WIFI). The Simulation Properties section below is read from this build and lists spawn temperature, heat transfer, heat capacity, weight, gravity, hardness, flammability, explosiveness, conductivity, neutron absorption, and every configured pressure or temperature transition.","传送门入口,可以传送物质和电脉冲,和WIFI相似,通过改变自身温度可以产生不同频道。 下方“模拟属性”直接读取当前构建，列出生成温度、导热、热容量、重量、重力、耐蚀性、可燃性、爆炸性、导电、中子吸收以及全部温度和压力相变；实际玩法以这些参数和当前源码为准。"
DEFAULT_PT_PRTO,https://powdertoy.co.uk/Wiki/W/Elements:Special/zh.html,20260315022808,"Portal OUT. Particles come out here. Also has temperature dependent channels. (same as WIFI). The Simulation Properties section below is read from this build and lists spawn temperature, heat transfer, heat capacity, weight, gravity, hardness, flammability, explosiveness, conductivity, neutron absorption, and every configured pressure or temperature transition.","传送门出口,和传送门入口(PRTI)配套,物质从这里出来,形成正压力。 下方“模拟属性”直接读取当前构建，列出生成温度、导热、热容量、重量、重力、耐蚀性、可燃性、爆炸性、导电、中子吸收以及全部温度和压力相变；实际玩法以这些参数和当前源码为准。"
DEFAULT_PT_PSTE,https://powdertoy.co.uk/Wiki/W/Elements:Liquids/zh.html,20240528002851,"A dense colloidal paste that remains liquid at ordinary conditions. Pressure above 0.5 hardens it into solid PSTS, while heating above 747 K bakes it directly into BRCK. GEL can remove water from paste and replace it with clay dust, providing a separate drying route from pressure hardening or high-temperature firing.",一种在常温常压下保持液态的稠密胶体浆糊。压力超过 0.5 时会硬化成固态 PSTS，加热超过 747 K 则会直接烧结成 BRCK。GEL 还能从浆糊中吸走水分并把它转成黏土尘，形成区别于加压硬化和高温烧制的另一条干燥路径。
DEFAULT_PT_PSTS,https://powdertoy.co.uk/Wiki/W/Elements:Solids/zh.html,20250830155822,"Solid paste formed when liquid PSTE hardens under pressure. It remains a solid building material and can be baked into BRCK at high temperature. The Simulation Properties section below is read from this build and lists spawn temperature, heat transfer, heat capacity, weight, gravity, hardness, flammability, explosiveness, conductivity, neutron absorption, and every configured pressure or temperature transition.",液态浆糊 PSTE 受压硬化后形成的固态浆糊，可作为固体建材使用；继续高温加热会烧结成 BRCK。 下方“模拟属性”直接读取当前构建，列出生成温度、导热、热容量、重量、重力、耐蚀性、可燃性、爆炸性、导电、中子吸收以及全部温度和压力相变；实际玩法以这些参数和当前源码为准。
DEFAULT_PT_ANAR,https://powdertoy.co.uk/Wiki/W/Elements:Powders/zh.html,20260315022917,"Anti-air. Very light gravity-defying dust. Burns cold instead of hot. The Simulation Properties section below is read from this build and lists spawn temperature, heat transfer, heat capacity, weight, gravity, hardness, flammability, explosiveness, conductivity, neutron absorption, and every configured pressure or temperature transition.","反引力尘,十分轻的粉尘,遵循相反的引力/压力/速度/温度定律。 下方“模拟属性”直接读取当前构建，列出生成温度、导热、热容量、重量、重力、耐蚀性、可燃性、爆炸性、导电、中子吸收以及全部温度和压力相变；实际玩法以这些参数和当前源码为准。"
DEFAULT_PT_VINE,https://powdertoy.co.uk/Wiki/W/Elements:Solids/zh.html,20250830155822,"Vine, can grow along WOOD. The Simulation Properties section below is read from this build and lists spawn temperature, heat transfer, heat capacity, weight, gravity, hardness, flammability, explosiveness, conductivity, neutron absorption, and every configured pressure or temperature transition.","藤蔓,吸水生长,中心部分是PLNT。 下方“模拟属性”直接读取当前构建，列出生成温度、导热、热容量、重量、重力、耐蚀性、可燃性、爆炸性、导电、中子吸收以及全部温度和压力相变；实际玩法以这些参数和当前源码为准。"
DEFAULT_PT_INVIS,https://powdertoy.co.uk/Wiki/W/Elements:Sensors/zh.html,20260516082540,"A pressure-sensitive solid that becomes invisible and allows particles through when the pressure threshold is reached. It is distinct from the destructive VOID. The Simulation Properties section below is read from this build and lists spawn temperature, heat transfer, heat capacity, weight, gravity, hardness, flammability, explosiveness, conductivity, neutron absorption, and every configured pressure or temperature transition.",达到压力阈值后会隐形并允许粒子通过的传感固体，与会删除物质的 VOID 完全不同。 下方“模拟属性”直接读取当前构建，列出生成温度、导热、热容量、重量、重力、耐蚀性、可燃性、爆炸性、导电、中子吸收以及全部温度和压力相变；实际玩法以这些参数和当前源码为准。
DEFAULT_PT_116,https://powdertoy.co.uk/Wiki/W/Elements:Special/zh.html,20260315022808,"A failed shared velocity test. The Simulation Properties section below is read from this build and lists spawn temperature, heat transfer, heat capacity, weight, gravity, hardness, flammability, explosiveness, conductivity, neutron absorption, and every configured pressure or temperature transition.",失败的共享速度测试。 下方“模拟属性”直接读取当前构建，列出生成温度、导热、热容量、重量、重力、耐蚀性、可燃性、爆炸性、导电、中子吸收以及全部温度和压力相变；实际玩法以这些参数和当前源码为准。
DEFAULT_PT_SPAWN2,https://powdertoy.co.uk/Wiki/W/Elements:Solids/zh.html,20250830155822,"STK2 spawn point. The Simulation Properties section below is read from this build and lists spawn temperature, heat transfer, heat capacity, weight, gravity, hardness, flammability, explosiveness, conductivity, neutron absorption, and every configured pressure or temperature transition.",STKM2 出生点。 下方“模拟属性”直接读取当前构建，列出生成温度、导热、热容量、重量、重力、耐蚀性、可燃性、爆炸性、导电、中子吸收以及全部温度和压力相变；实际玩法以这些参数和当前源码为准。
DEFAULT_PT_SPAWN,https://powdertoy.co.uk/Wiki/W/Elements:Solids/zh.html,20250830155822,"STKM spawn point. The Simulation Properties section below is read from this build and lists spawn temperature, heat transfer, heat capacity, weight, gravity, hardness, flammability, explosiveness, conductivity, neutron absorption, and every configured pressure or temperature transition.",STKM 出生点。 下方“模拟属性”直接读取当前构建，列出生成温度、导热、热容量、重量、重力、耐蚀性、可燃性、爆炸性、导电、中子吸收以及全部温度和压力相变；实际玩法以这些参数和当前源码为准。
DEFAULT_PT_SHLD1,https://powdertoy.co.uk/Wiki/W/Elements:Solids/zh.html,20250830155822,"Shield. Grows around spark, broken by pressure. The Simulation Properties section below is read from this build and lists spawn temperature, heat transfer, heat capacity, weight, gravity, hardness, flammability, explosiveness, conductivity, neutron absorption, and every configured pressure or temperature transition.","自修复膜,通电时会自动生长出保护膜。 下方“模拟属性”直接读取当前构建，列出生成温度、导热、热容量、重量、重力、耐蚀性、可燃性、爆炸性、导电、中子吸收以及全部温度和压力相变；实际玩法以这些参数和当前源码为准。"
DEFAULT_PT_SHLD2,https://powdertoy.co.uk/Wiki/W/Elements:Solids/zh.html,20250830155822,"Shield lvl 2. The Simulation Properties section below is read from this build and lists spawn temperature, heat transfer, heat capacity, weight, gravity, hardness, flammability, explosiveness, conductivity, neutron absorption, and every configured pressure or temperature transition.","自修复膜 Lv.2,通电时会自动生长出保护膜。 下方“模拟属性”直接读取当前构建，列出生成温度、导热、热容量、重量、重力、耐蚀性、可燃性、爆炸性、导电、中子吸收以及全部温度和压力相变；实际玩法以这些参数和当前源码为准。"
DEFAULT_PT_SHLD3,https://powdertoy.co.uk/Wiki/W/Elements:Solids/zh.html,20250830155822,"Shield lvl 3. The Simulation Properties section below is read from this build and lists spawn temperature, heat transfer, heat capacity, weight, gravity, hardness, flammability, explosiveness, conductivity, neutron absorption, and every configured pressure or temperature transition.","自修复膜 Lv.3,通电时会自动生长出保护膜。 下方“模拟属性”直接读取当前构建，列出生成温度、导热、热容量、重量、重力、耐蚀性、可燃性、爆炸性、导电、中子吸收以及全部温度和压力相变；实际玩法以这些参数和当前源码为准。"
DEFAULT_PT_SHLD4,https://powdertoy.co.uk/Wiki/W/Elements:Solids/zh.html,20250830155822,"Shield lvl 4. The Simulation Properties section below is read from this build and lists spawn temperature, heat transfer, heat capacity, weight, gravity, hardness, flammability, explosiveness, conductivity, neutron absorption, and every configured pressure or temperature transition.","自修复膜 Lv.4,通电时会自动生长出保护膜。 下方“模拟属性”直接读取当前构建，列出生成温度、导热、热容量、重量、重力、耐蚀性、可燃性、爆炸性、导电、中子吸收以及全部温度和压力相变；实际玩法以这些参数和当前源码为准。"
DEFAULT_PT_LOLZ,https://powdertoy.co.uk/Wiki/W/Elements:Special/zh.html,20260315022808,"A hidden decorative element that draws the LOLZ pattern. It is retained as a novelty and does not represent a physical material. The Simulation Properties section below is read from this build and lists spawn temperature, heat transfer, heat capacity, weight, gravity, hardness, flammability, explosiveness, conductivity, neutron absorption, and every configured pressure or temperature transition.",用于绘制 LOLZ 图案的隐藏装饰元素，作为趣味内容保留，不代表真实物质。 下方“模拟属性”直接读取当前构建，列出生成温度、导热、热容量、重量、重力、耐蚀性、可燃性、爆炸性、导电、中子吸收以及全部温度和压力相变；实际玩法以这些参数和当前源码为准。
DEFAULT_PT_WIFI,https://powdertoy.co.uk/Wiki/W/Elements:Electronics/zh.html,20260521203740,"Wireless transmitter, transfers spark to any other wifi on the same temperature channel. The Simulation Properties section below is read from this build and lists spawn temperature, heat transfer, heat capacity, weight, gravity, hardness, flammability, explosiveness, conductivity, neutron absorption, and every configured pressure or temperature transition.","WI-FI,无线转移电脉冲可使用大多数导电物质输入电脉冲(除了N型硅)只能由N型硅P型硅INWR输出电脉冲。 下方“模拟属性”直接读取当前构建，列出生成温度、导热、热容量、重量、重力、耐蚀性、可燃性、爆炸性、导电、中子吸收以及全部温度和压力相变；实际玩法以这些参数和当前源码为准。"
DEFAULT_PT_FILT,https://powdertoy.co.uk/Wiki/W/Elements:Solids/zh.html,20250830155822,"Filter. Changes color of PHOT and BIZR. Color depends on temperature. The Simulation Properties section below is read from this build and lists spawn temperature, heat transfer, heat capacity, weight, gravity, hardness, flammability, explosiveness, conductivity, neutron absorption, and every configured pressure or temperature transition.","滤镜,能改变通过光子的颜色。 下方“模拟属性”直接读取当前构建，列出生成温度、导热、热容量、重量、重力、耐蚀性、可燃性、爆炸性、导电、中子吸收以及全部温度和压力相变；实际玩法以这些参数和当前源码为准。"
DEFAULT_PT_ARAY,https://powdertoy.co.uk/Wiki/W/Elements:Electronics/zh.html,20260521203740,"Ray Emitter. Rays create points when they collide. The Simulation Properties section below is read from this build and lists spawn temperature, heat transfer, heat capacity, weight, gravity, hardness, flammability, explosiveness, conductivity, neutron absorption, and every configured pressure or temperature transition.","A射线发射器,射线碰撞时产生BRAY。 下方“模拟属性”直接读取当前构建，列出生成温度、导热、热容量、重量、重力、耐蚀性、可燃性、爆炸性、导电、中子吸收以及全部温度和压力相变；实际玩法以这些参数和当前源码为准。"
DEFAULT_PT_BRAY,https://powdertoy.co.uk/Wiki/W/Elements:Electronics/zh.html,20260521203740,"The beam particle created by ARAY and several ray devices. Its colour and life encode the beam mode; depending on that mode it can conduct, erase, or interact with other electronics before expiring. The Simulation Properties section below is read from this build and lists spawn temperature, heat transfer, heat capacity, weight, gravity, hardness, flammability, explosiveness, conductivity, neutron absorption, and every configured pressure or temperature transition.",由 ARAY 等射线装置生成的束流粒子，颜色和 life 记录射线模式；不同模式可传导、擦除或与其他电子元件交互，随后自行消失。 下方“模拟属性”直接读取当前构建，列出生成温度、导热、热容量、重量、重力、耐蚀性、可燃性、爆炸性、导电、中子吸收以及全部温度和压力相变；实际玩法以这些参数和当前源码为准。
DEFAULT_PT_STKM2,https://powdertoy.co.uk/Wiki/W/Elements:Special/zh.html,20260315022808,"Second stickman. Don't kill him! Control with wasd. The Simulation Properties section below is read from this build and lists spawn temperature, heat transfer, heat capacity, weight, gravity, hardness, flammability, explosiveness, conductivity, neutron absorption, and every configured pressure or temperature transition.","火柴人,受重力和压力影响,使用WSAD来控制其运动,其余和STKM相同。 下方“模拟属性”直接读取当前构建，列出生成温度、导热、热容量、重量、重力、耐蚀性、可燃性、爆炸性、导电、中子吸收以及全部温度和压力相变；实际玩法以这些参数和当前源码为准。"
DEFAULT_PT_BOMB,https://powdertoy.co.uk/Wiki/W/Elements:Explosives/zh.html,20260107145511,"Bomb. Explodes and destroys all surrounding particles when it touches something. The Simulation Properties section below is read from this build and lists spawn temperature, heat transfer, heat capacity, weight, gravity, hardness, flammability, explosiveness, conductivity, neutron absorption, and every configured pressure or temperature transition.","炸药,爆炸并摧毁周围的所有粒子。 下方“模拟属性”直接读取当前构建，列出生成温度、导热、热容量、重量、重力、耐蚀性、可燃性、爆炸性、导电、中子吸收以及全部温度和压力相变；实际玩法以这些参数和当前源码为准。"
DEFAULT_PT_C5,https://powdertoy.co.uk/Wiki/W/Elements:Explosives/zh.html,20260107145511,"Cold explosive, set off by anything cold. The Simulation Properties section below is read from this build and lists spawn temperature, heat transfer, heat capacity, weight, gravity, hardness, flammability, explosiveness, conductivity, neutron absorption, and every configured pressure or temperature transition.","C5低温炸弹,任何寒冷的物质都能引爆。 下方“模拟属性”直接读取当前构建，列出生成温度、导热、热容量、重量、重力、耐蚀性、可燃性、爆炸性、导电、中子吸收以及全部温度和压力相变；实际玩法以这些参数和当前源码为准。"
DEFAULT_PT_SING,https://powdertoy.co.uk/Wiki/W/Elements:Radioactive/zh.html,20240424211836,"Singularity. Creates huge amounts of negative pressure and destroys everything. The Simulation Properties section below is read from this build and lists spawn temperature, heat transfer, heat capacity, weight, gravity, hardness, flammability, explosiveness, conductivity, neutron absorption, and every configured pressure or temperature transition.","奇点,会产生超低压的粉末,可以破坏其它物质,本质上是粉末状的黑洞。 下方“模拟属性”直接读取当前构建，列出生成温度、导热、热容量、重量、重力、耐蚀性、可燃性、爆炸性、导电、中子吸收以及全部温度和压力相变；实际玩法以这些参数和当前源码为准。"
DEFAULT_PT_QRTZ,https://powdertoy.co.uk/Wiki/W/Elements:Solids/zh.html,20250830155822,"Quartz, breakable mineral. Conducts but becomes brittle when cold. Scatters photons. The Simulation Properties section below is read from this build and lists spawn temperature, heat transfer, heat capacity, weight, gravity, hardness, flammability, explosiveness, conductivity, neutron absorption, and every configured pressure or temperature transition.","石英,接近绝对零度时会变得很脆并碎裂成PQRT,允许一部分PHOT通过并散射掉另一部分。 下方“模拟属性”直接读取当前构建，列出生成温度、导热、热容量、重量、重力、耐蚀性、可燃性、爆炸性、导电、中子吸收以及全部温度和压力相变；实际玩法以这些参数和当前源码为准。"
DEFAULT_PT_PQRT,https://powdertoy.co.uk/Wiki/W/Elements:Powders/zh.html,20260315022917,"Powdered quartz, broken form of QRTZ. The Simulation Properties section below is read from this build and lists spawn temperature, heat transfer, heat capacity, weight, gravity, hardness, flammability, explosiveness, conductivity, neutron absorption, and every configured pressure or temperature transition.","石英砂,可以熔化,QRTZ的破碎形式。 下方“模拟属性”直接读取当前构建，列出生成温度、导热、热容量、重量、重力、耐蚀性、可燃性、爆炸性、导电、中子吸收以及全部温度和压力相变；实际玩法以这些参数和当前源码为准。"
DEFAULT_PT_EMP,https://powdertoy.co.uk/Wiki/W/Elements:Electronics/zh.html,20260521203740,"Electromagnetic pulse. Breaks activated electronics. The Simulation Properties section below is read from this build and lists spawn temperature, heat transfer, heat capacity, weight, gravity, hardness, flammability, explosiveness, conductivity, neutron absorption, and every configured pressure or temperature transition.","电磁脉冲武器,会随机摧毁所有正在工作(通电)的电子产品。 下方“模拟属性”直接读取当前构建，列出生成温度、导热、热容量、重量、重力、耐蚀性、可燃性、爆炸性、导电、中子吸收以及全部温度和压力相变；实际玩法以这些参数和当前源码为准。"
DEFAULT_PT_BREC,https://powdertoy.co.uk/Wiki/W/Elements:Powders/zh.html,20260315022917,"Broken electronics. Formed from EMP blasts, and when constantly sparked while under pressure, turns to EXOT. The Simulation Properties section below is read from this build and lists spawn temperature, heat transfer, heat capacity, weight, gravity, hardness, flammability, explosiveness, conductivity, neutron absorption, and every configured pressure or temperature transition.","破碎的电子元件,在压力下变成EXOT。 下方“模拟属性”直接读取当前构建，列出生成温度、导热、热容量、重量、重力、耐蚀性、可燃性、爆炸性、导电、中子吸收以及全部温度和压力相变；实际玩法以这些参数和当前源码为准。"
DEFAULT_PT_ELEC,https://powdertoy.co.uk/Wiki/W/Elements:Radioactive/zh.html,20240424211836,"Electrons. Sparks electronics, reacts with NEUT and WATR. The Simulation Properties section below is read from this build and lists spawn temperature, heat transfer, heat capacity, weight, gravity, hardness, flammability, explosiveness, conductivity, neutron absorption, and every configured pressure or temperature transition.","电子,与中子(NEUT)和水反应。 下方“模拟属性”直接读取当前构建，列出生成温度、导热、热容量、重量、重力、耐蚀性、可燃性、爆炸性、导电、中子吸收以及全部温度和压力相变；实际玩法以这些参数和当前源码为准。"
DEFAULT_PT_ACEL,https://powdertoy.co.uk/Wiki/W/Elements:Force/zh.html,20251103163404,"Accelerator, speeds up nearby elements. The Simulation Properties section below is read from this build and lists spawn temperature, heat transfer, heat capacity, weight, gravity, hardness, flammability, explosiveness, conductivity, neutron absorption, and every configured pressure or temperature transition.","加速器,加速附近元素。 下方“模拟属性”直接读取当前构建，列出生成温度、导热、热容量、重量、重力、耐蚀性、可燃性、爆炸性、导电、中子吸收以及全部温度和压力相变；实际玩法以这些参数和当前源码为准。"
DEFAULT_PT_DCEL,https://powdertoy.co.uk/Wiki/W/Elements:Force/zh.html,20251103163404,"Decelerator, slows down nearby elements. The Simulation Properties section below is read from this build and lists spawn temperature, heat transfer, heat capacity, weight, gravity, hardness, flammability, explosiveness, conductivity, neutron absorption, and every configured pressure or temperature transition.","减速器,使能量粒子减速。 下方“模拟属性”直接读取当前构建，列出生成温度、导热、热容量、重量、重力、耐蚀性、可燃性、爆炸性、导电、中子吸收以及全部温度和压力相变；实际玩法以这些参数和当前源码为准。"
DEFAULT_PT_BANG,https://powdertoy.co.uk/Wiki/W/Elements:Explosives/zh.html,20260107145511,"TNT, explodes all at once. The Simulation Properties section below is read from this build and lists spawn temperature, heat transfer, heat capacity, weight, gravity, hardness, flammability, explosiveness, conductivity, neutron absorption, and every configured pressure or temperature transition.","TNT,瞬间爆炸。 下方“模拟属性”直接读取当前构建，列出生成温度、导热、热容量、重量、重力、耐蚀性、可燃性、爆炸性、导电、中子吸收以及全部温度和压力相变；实际玩法以这些参数和当前源码为准。"
DEFAULT_PT_IGNT,https://powdertoy.co.uk/Wiki/W/Elements:Explosives/zh.html,20260107145511,"Ignition cord. Burns slowly with fire and sparks. The Simulation Properties section below is read from this build and lists spawn temperature, heat transfer, heat capacity, weight, gravity, hardness, flammability, explosiveness, conductivity, neutron absorption, and every configured pressure or temperature transition.","导火索,电脉冲或者明火或者达到燃烧点都能点燃它。 下方“模拟属性”直接读取当前构建，列出生成温度、导热、热容量、重量、重力、耐蚀性、可燃性、爆炸性、导电、中子吸收以及全部温度和压力相变；实际玩法以这些参数和当前源码为准。"
DEFAULT_PT_BOYL,https://powdertoy.co.uk/Wiki/W/Elements:Gases/zh.html,20250825170646,"A non-flammable gas whose pressure response follows a Boyle-like model. Heating makes it expand and raise pressure, while cooling contracts it. The Simulation Properties section below is read from this build and lists spawn temperature, heat transfer, heat capacity, weight, gravity, hardness, flammability, explosiveness, conductivity, neutron absorption, and every configured pressure or temperature transition.",按近似波义耳模型响应压力的不可燃气体；受热膨胀并抬高压力，冷却时收缩。 下方“模拟属性”直接读取当前构建，列出生成温度、导热、热容量、重量、重力、耐蚀性、可燃性、爆炸性、导电、中子吸收以及全部温度和压力相变；实际玩法以这些参数和当前源码为准。
DEFAULT_PT_GEL,https://powdertoy.co.uk/Wiki/W/Elements:Liquids/zh.html,20240528002851,"A sticky liquid that stores absorbed water in tmp, up to full saturation. It absorbs WATR, DSTW, FRZW, salt water, and carbonated water at different rates; saturation changes its colour, lowers stickiness, and raises effective heat transfer. GEL exchanges water with sponge, dries paste into clay dust, and loses water to concentrated BASE. Contact with GLOW produces liquid resist RSST.",一种以 tmp 保存吸水量、最多达到完全饱和的黏性液体。它会以不同速率吸收 WATR、DSTW、FRZW、盐水和碳酸水；含水量上升会使颜色改变、黏性下降并增强实际导热。GEL 可与海绵交换水分，把浆糊脱水成黏土尘，也会被浓碱抽走水分；接触 GLOW 时会生成液态光刻胶 RSST。
DEFAULT_PT_TRON,https://powdertoy.co.uk/Wiki/W/Elements:Special/zh.html,20260315022808,"Smart particles, Travels in straight lines and avoids obstacles. Grows with time. The Simulation Properties section below is read from this build and lists spawn temperature, heat transfer, heat capacity, weight, gravity, hardness, flammability, explosiveness, conductivity, neutron absorption, and every configured pressure or temperature transition.","智能微粒,绝对零度的粒子,会智能躲避障碍随时间流逝尾巴会变长,可用于降温。 下方“模拟属性”直接读取当前构建，列出生成温度、导热、热容量、重量、重力、耐蚀性、可燃性、爆炸性、导电、中子吸收以及全部温度和压力相变；实际玩法以这些参数和当前源码为准。"
DEFAULT_PT_TTAN,https://powdertoy.co.uk/Wiki/W/Elements:Solids/zh.html,20250830155822,"Titanium. Higher melting temperature than most other metals, blocks all air pressure. The Simulation Properties section below is read from this build and lists spawn temperature, heat transfer, heat capacity, weight, gravity, hardness, flammability, explosiveness, conductivity, neutron absorption, and every configured pressure or temperature transition.","钛,金属固体坚固的材料熔点很高能导电,会吸收中子。 下方“模拟属性”直接读取当前构建，列出生成温度、导热、热容量、重量、重力、耐蚀性、可燃性、爆炸性、导电、中子吸收以及全部温度和压力相变；实际玩法以这些参数和当前源码为准。"
DEFAULT_PT_EXOT,https://powdertoy.co.uk/Wiki/W/Elements:Radioactive/zh.html,20240424211836,"Exotic matter. Explodes with excess exposure to electrons. Has many other odd reactions. The Simulation Properties section below is read from this build and lists spawn temperature, heat transfer, heat capacity, weight, gravity, hardness, flammability, explosiveness, conductivity, neutron absorption, and every configured pressure or temperature transition.","奇异物质,在电子的轰击下会发出彩虹色的光并产生压力。 下方“模拟属性”直接读取当前构建，列出生成温度、导热、热容量、重量、重力、耐蚀性、可燃性、爆炸性、导电、中子吸收以及全部温度和压力相变；实际玩法以这些参数和当前源码为准。"
DEFAULT_PT_EMBR,https://powdertoy.co.uk/Wiki/W/Elements:Explosives/zh.html,20260107145511,"Sparks. Formed by explosions. The Simulation Properties section below is read from this build and lists spawn temperature, heat transfer, heat capacity, weight, gravity, hardness, flammability, explosiveness, conductivity, neutron absorption, and every configured pressure or temperature transition.","火花,炸药爆炸产生。 下方“模拟属性”直接读取当前构建，列出生成温度、导热、热容量、重量、重力、耐蚀性、可燃性、爆炸性、导电、中子吸收以及全部温度和压力相变；实际玩法以这些参数和当前源码为准。"
DEFAULT_PT_H2,https://powdertoy.co.uk/Wiki/W/Elements:Gases/zh.html,20250825170646,"Hydrogen. Combusts with OXYG to make WATR. Undergoes fusion at high temperature and pressure. The Simulation Properties section below is read from this build and lists spawn temperature, heat transfer, heat capacity, weight, gravity, hardness, flammability, explosiveness, conductivity, neutron absorption, and every configured pressure or temperature transition.","氢气,与氧气燃烧产生水,在高温高压下发生聚变。 下方“模拟属性”直接读取当前构建，列出生成温度、导热、热容量、重量、重力、耐蚀性、可燃性、爆炸性、导电、中子吸收以及全部温度和压力相变；实际玩法以这些参数和当前源码为准。"
DEFAULT_PT_SOAP,https://powdertoy.co.uk/Wiki/W/Elements:Liquids/zh.html,20240528002851,"A dense cleaning liquid that forms linked bubbles when pressure rises above 0.5 or falls below -0.5. It progressively fades decoration colour from nearby particles, adheres to OIL, and cures all three virus phases back into their stored original materials. Bubble chains freeze below 248.15 K and can detach or burst when they hit walls, non-gases, or the end of their life.",一种稠密的清洁液体；压力高于 0.5 或低于 -0.5 时会形成相互连接的肥皂泡。它会逐步洗去邻近粒子的装饰色，黏附在 OIL 上，并把三种病毒相态治愈回各自保存的原物质。泡链低于 248.15 K 时会冻结，碰到墙体、非气体或寿命结束时可能断开或破裂。
DEFAULT_PT_NBHL,https://powdertoy.co.uk/Wiki/W/Elements:Special/zh.html,20260315022808,"Black hole, sucks in particles using gravity. (Requires Newtonian gravity). The Simulation Properties section below is read from this build and lists spawn temperature, heat transfer, heat capacity, weight, gravity, hardness, flammability, explosiveness, conductivity, neutron absorption, and every configured pressure or temperature transition.","黑洞,使用需开启牛顿万有引力,产生引力吸入物质并升温。 下方“模拟属性”直接读取当前构建，列出生成温度、导热、热容量、重量、重力、耐蚀性、可燃性、爆炸性、导电、中子吸收以及全部温度和压力相变；实际玩法以这些参数和当前源码为准。"
DEFAULT_PT_NWHL,https://powdertoy.co.uk/Wiki/W/Elements:Special/zh.html,20260315022808,"White hole, pushes away other particles with gravity. (Requires Newtonian gravity). The Simulation Properties section below is read from this build and lists spawn temperature, heat transfer, heat capacity, weight, gravity, hardness, flammability, explosiveness, conductivity, neutron absorption, and every configured pressure or temperature transition.","白洞,使用需开启牛顿万有引力,产生斥力排斥物质。 下方“模拟属性”直接读取当前构建，列出生成温度、导热、热容量、重量、重力、耐蚀性、可燃性、爆炸性、导电、中子吸收以及全部温度和压力相变；实际玩法以这些参数和当前源码为准。"
DEFAULT_PT_MERC,https://powdertoy.co.uk/Wiki/W/Elements:Liquids/zh.html,20240528002851,"A very heavy conductive liquid that also absorbs neutrons. Its apparent volume changes with temperature by condensing several mercury particles into one at higher temperatures and releasing stored particles again as conditions change. It has no ordinary boiling or freezing transition and does not burn, although destructive elements can still remove it. Its high heat conductivity quickly equalises nearby temperatures.",一种非常沉重、能够导电并吸收中子的液体。它会随温度改变表观体积：温度较高时可把多个水银粒子压入一个粒子保存，条件变化后再释放出来。它没有普通的沸腾或凝固相变，也不会燃烧，但仍可被破坏性元素清除；很高的导热率会迅速均衡周围温度。
DEFAULT_PT_PBCN,https://powdertoy.co.uk/Wiki/W/Elements:Powered_materials/zh.html,20251212130500,"Powered breakable clone. The Simulation Properties section below is read from this build and lists spawn temperature, heat transfer, heat capacity, weight, gravity, hardness, flammability, explosiveness, conductivity, neutron absorption, and every configured pressure or temperature transition.","可控可破坏复制体,激活时和可破坏复制体相同。 下方“模拟属性”直接读取当前构建，列出生成温度、导热、热容量、重量、重力、耐蚀性、可燃性、爆炸性、导电、中子吸收以及全部温度和压力相变；实际玩法以这些参数和当前源码为准。"
DEFAULT_PT_GPMP,https://powdertoy.co.uk/Wiki/W/Elements:Powered_materials/zh.html,20251212130500,"Gravity pump. Changes gravity to its temp when activated. (use HEAT/COOL). The Simulation Properties section below is read from this build and lists spawn temperature, heat transfer, heat capacity, weight, gravity, hardness, flammability, explosiveness, conductivity, neutron absorption, and every configured pressure or temperature transition.","引力泵,激活时改变其万有引力为自身温度值。 下方“模拟属性”直接读取当前构建，列出生成温度、导热、热容量、重量、重力、耐蚀性、可燃性、爆炸性、导电、中子吸收以及全部温度和压力相变；实际玩法以这些参数和当前源码为准。"
DEFAULT_PT_CLST,https://powdertoy.co.uk/Wiki/W/Elements:Powders/zh.html,20260315022917,"Clay dust. Produces paste when mixed with water. The Simulation Properties section below is read from this build and lists spawn temperature, heat transfer, heat capacity, weight, gravity, hardness, flammability, explosiveness, conductivity, neutron absorption, and every configured pressure or temperature transition.","粘土砂,和水结合时产生浆糊(PSTE)。 下方“模拟属性”直接读取当前构建，列出生成温度、导热、热容量、重量、重力、耐蚀性、可燃性、爆炸性、导电、中子吸收以及全部温度和压力相变；实际玩法以这些参数和当前源码为准。"
DEFAULT_PT_WIRE,https://powdertoy.co.uk/Wiki/W/Elements:Electronics/zh.html,20260521203740,"WireWorld wires, conducts based on a set of GOL-like rules. The Simulation Properties section below is read from this build and lists spawn temperature, heat transfer, heat capacity, weight, gravity, hardness, flammability, explosiveness, conductivity, neutron absorption, and every configured pressure or temperature transition.","WireWorld线,一种基于另一个名为WireWorld游戏的固体导电元素。 下方“模拟属性”直接读取当前构建，列出生成温度、导热、热容量、重量、重力、耐蚀性、可燃性、爆炸性、导电、中子吸收以及全部温度和压力相变；实际玩法以这些参数和当前源码为准。"
DEFAULT_PT_GBMB,https://powdertoy.co.uk/Wiki/W/Elements:Force/zh.html,20251103163404,"Gravity bomb. Sticks to the first object it touches then produces a strong gravity push. The Simulation Properties section below is read from this build and lists spawn temperature, heat transfer, heat capacity, weight, gravity, hardness, flammability, explosiveness, conductivity, neutron absorption, and every configured pressure or temperature transition.","引力炸弹,黏在接触的第一个物体上,产生强大的引力推力。 下方“模拟属性”直接读取当前构建，列出生成温度、导热、热容量、重量、重力、耐蚀性、可燃性、爆炸性、导电、中子吸收以及全部温度和压力相变；实际玩法以这些参数和当前源码为准。"
DEFAULT_PT_FIGH,https://powdertoy.co.uk/Wiki/W/Elements:Special/zh.html,20260315022808,"Fighter. Tries to kill stickmen. You must first give it an element to kill him with. The Simulation Properties section below is read from this build and lists spawn temperature, heat transfer, heat capacity, weight, gravity, hardness, flammability, explosiveness, conductivity, neutron absorption, and every configured pressure or temperature transition.","打手,电脑控制的小人,会通过喷东西来杀死火柴人。 下方“模拟属性”直接读取当前构建，列出生成温度、导热、热容量、重量、重力、耐蚀性、可燃性、爆炸性、导电、中子吸收以及全部温度和压力相变；实际玩法以这些参数和当前源码为准。"
DEFAULT_PT_FRAY,https://powdertoy.co.uk/Wiki/W/Elements:Force/zh.html,20251103163404,"Force Emitter. Pushes or pulls objects based on its temperature. Use like ARAY. The Simulation Properties section below is read from this build and lists spawn temperature, heat transfer, heat capacity, weight, gravity, hardness, flammability, explosiveness, conductivity, neutron absorption, and every configured pressure or temperature transition.","F射线发射器,会沿着电流方向寻找物质并施加力(与ARAY的方向判定规则一样)。 下方“模拟属性”直接读取当前构建，列出生成温度、导热、热容量、重量、重力、耐蚀性、可燃性、爆炸性、导电、中子吸收以及全部温度和压力相变；实际玩法以这些参数和当前源码为准。"
DEFAULT_PT_RPEL,https://powdertoy.co.uk/Wiki/W/Elements:Force/zh.html,20251103163404,"Repels or attracts particles based on its temperature. The Simulation Properties section below is read from this build and lists spawn temperature, heat transfer, heat capacity, weight, gravity, hardness, flammability, explosiveness, conductivity, neutron absorption, and every configured pressure or temperature transition.","反射极,无需通电,和FRAY一样,根据温度来吸引或推开物质。 下方“模拟属性”直接读取当前构建，列出生成温度、导热、热容量、重量、重力、耐蚀性、可燃性、爆炸性、导电、中子吸收以及全部温度和压力相变；实际玩法以这些参数和当前源码为准。"
DEFAULT_PT_PPIP,https://powdertoy.co.uk/Wiki/W/Elements:Powered_materials/zh.html,20251212130500,"Powered version of PIPE, use PSCN/NSCN to Activate/Deactivate. The Simulation Properties section below is read from this build and lists spawn temperature, heat transfer, heat capacity, weight, gravity, hardness, flammability, explosiveness, conductivity, neutron absorption, and every configured pressure or temperature transition.","可控动力管,P型硅激活时运输,用N型硅则会停止运输,用超导线会反方向运输。 下方“模拟属性”直接读取当前构建，列出生成温度、导热、热容量、重量、重力、耐蚀性、可燃性、爆炸性、导电、中子吸收以及全部温度和压力相变；实际玩法以这些参数和当前源码为准。"
DEFAULT_PT_DTEC,https://powdertoy.co.uk/Wiki/W/Elements:Sensors/zh.html,20260516082540,"Detector, creates a spark when something with its ctype is nearby. The Simulation Properties section below is read from this build and lists spawn temperature, heat transfer, heat capacity, weight, gravity, hardness, flammability, explosiveness, conductivity, neutron absorption, and every configured pressure or temperature transition.","探测器,有相同的物质与之接触时产生电脉冲。 下方“模拟属性”直接读取当前构建，列出生成温度、导热、热容量、重量、重力、耐蚀性、可燃性、爆炸性、导电、中子吸收以及全部温度和压力相变；实际玩法以这些参数和当前源码为准。"
DEFAULT_PT_DMG,https://powdertoy.co.uk/Wiki/W/Elements:Force/zh.html,20251103163404,"A fast damage particle that releases a destructive pressure pulse when it hits matter, breaking vulnerable solids along the impact surface. It is not a gravity bomb. The Simulation Properties section below is read from this build and lists spawn temperature, heat transfer, heat capacity, weight, gravity, hardness, flammability, explosiveness, conductivity, neutron absorption, and every configured pressure or temperature transition.",高速冲击粒子，撞击物质表面时释放破坏性压力脉冲并击碎脆弱固体；它不是引力炸弹。 下方“模拟属性”直接读取当前构建，列出生成温度、导热、热容量、重量、重力、耐蚀性、可燃性、爆炸性、导电、中子吸收以及全部温度和压力相变；实际玩法以这些参数和当前源码为准。
DEFAULT_PT_TSNS,https://powdertoy.co.uk/Wiki/W/Elements:Sensors/zh.html,20260516082540,"Temperature sensor, creates a spark when there's a nearby particle with a greater temperature. The Simulation Properties section below is read from this build and lists spawn temperature, heat transfer, heat capacity, weight, gravity, hardness, flammability, explosiveness, conductivity, neutron absorption, and every configured pressure or temperature transition.","温度传感器,可以用HEAT/COOL来改变自身温度,当周围有温度比它高的物质时会发出电脉冲。 下方“模拟属性”直接读取当前构建，列出生成温度、导热、热容量、重量、重力、耐蚀性、可燃性、爆炸性、导电、中子吸收以及全部温度和压力相变；实际玩法以这些参数和当前源码为准。"
DEFAULT_PT_VIBR,https://powdertoy.co.uk/Wiki/W/Elements:Radioactive/zh.html,20240424211836,"Vibranium. Stores energy and releases it in violent explosions. The Simulation Properties section below is read from this build and lists spawn temperature, heat transfer, heat capacity, weight, gravity, hardness, flammability, explosiveness, conductivity, neutron absorption, and every configured pressure or temperature transition.","振金,可以储存能量在猛烈的爆炸中释放出来。 下方“模拟属性”直接读取当前构建，列出生成温度、导热、热容量、重量、重力、耐蚀性、可燃性、爆炸性、导电、中子吸收以及全部温度和压力相变；实际玩法以这些参数和当前源码为准。"
DEFAULT_PT_BVBR,https://powdertoy.co.uk/Wiki/W/Elements:Radioactive/zh.html,20240424211836,"Broken vibranium. The Simulation Properties section below is read from this build and lists spawn temperature, heat transfer, heat capacity, weight, gravity, hardness, flammability, explosiveness, conductivity, neutron absorption, and every configured pressure or temperature transition.","振金粉,粉末状的振金。 下方“模拟属性”直接读取当前构建，列出生成温度、导热、热容量、重量、重力、耐蚀性、可燃性、爆炸性、导电、中子吸收以及全部温度和压力相变；实际玩法以这些参数和当前源码为准。"
DEFAULT_PT_CRAY,https://powdertoy.co.uk/Wiki/W/Elements:Electronics/zh.html,20260521203740,"Particle Ray Emitter. Creates a beam of particles set by its ctype, with a range set by tmp. The Simulation Properties section below is read from this build and lists spawn temperature, heat transfer, heat capacity, weight, gravity, hardness, flammability, explosiveness, conductivity, neutron absorption, and every configured pressure or temperature transition.","物质射线发射器,发射一个由其Ctype设置的粒子束,其范围由Tmp设置。 下方“模拟属性”直接读取当前构建，列出生成温度、导热、热容量、重量、重力、耐蚀性、可燃性、爆炸性、导电、中子吸收以及全部温度和压力相变；实际玩法以这些参数和当前源码为准。"
DEFAULT_PT_PSTN,https://powdertoy.co.uk/Wiki/W/Elements:Force/zh.html,20251103163404,"A piston that extends when sparked from PSCN and retracts when sparked from NSCN. FRME can connect a larger face so one piston moves a wider structure. The Simulation Properties section below is read from this build and lists spawn temperature, heat transfer, heat capacity, weight, gravity, hardness, flammability, explosiveness, conductivity, neutron absorption, and every configured pressure or temperature transition.",由 PSCN 脉冲驱动伸长、由 NSCN 脉冲驱动回缩的活塞。配合 FRME 可连接更大的受力面，让一个活塞推动更宽的结构。 下方“模拟属性”直接读取当前构建，列出生成温度、导热、热容量、重量、重力、耐蚀性、可燃性、爆炸性、导电、中子吸收以及全部温度和压力相变；实际玩法以这些参数和当前源码为准。
DEFAULT_PT_FRME,https://powdertoy.co.uk/Wiki/W/Elements:Force/zh.html,20251103163404,"Frame, can be used with pistons to push many particles. The Simulation Properties section below is read from this build and lists spawn temperature, heat transfer, heat capacity, weight, gravity, hardness, flammability, explosiveness, conductivity, neutron absorption, and every configured pressure or temperature transition.","支架,用于增加活塞一次性推动物质的数量。 下方“模拟属性”直接读取当前构建，列出生成温度、导热、热容量、重量、重力、耐蚀性、可燃性、爆炸性、导电、中子吸收以及全部温度和压力相变；实际玩法以这些参数和当前源码为准。"
DEFAULT_PT_GOLD,https://powdertoy.co.uk/Wiki/W/Elements:Solids/zh.html,20250830155822,"Corrosion resistant metal, will reverse corrosion of iron. Excellent conductor. The Simulation Properties section below is read from this build and lists spawn temperature, heat transfer, heat capacity, weight, gravity, hardness, flammability, explosiveness, conductivity, neutron absorption, and every configured pressure or temperature transition.","金,抗腐蚀(但通电时会受到酸的腐蚀),可以保护铁免受腐蚀。 下方“模拟属性”直接读取当前构建，列出生成温度、导热、热容量、重量、重力、耐蚀性、可燃性、爆炸性、导电、中子吸收以及全部温度和压力相变；实际玩法以这些参数和当前源码为准。"
DEFAULT_PT_TUNG,https://powdertoy.co.uk/Wiki/W/Elements:Electronics/zh.html,20260521203740,"Tungsten. Brittle metal with a very high melting point. The Simulation Properties section below is read from this build and lists spawn temperature, heat transfer, heat capacity, weight, gravity, hardness, flammability, explosiveness, conductivity, neutron absorption, and every configured pressure or temperature transition.","钨,脆性金属具有很高的熔点,但不耐压。 下方“模拟属性”直接读取当前构建，列出生成温度、导热、热容量、重量、重力、耐蚀性、可燃性、爆炸性、导电、中子吸收以及全部温度和压力相变；实际玩法以这些参数和当前源码为准。"
DEFAULT_PT_PSNS,https://powdertoy.co.uk/Wiki/W/Elements:Sensors/zh.html,20260516082540,"Pressure sensor, creates a spark when the pressure is greater than its temperature. The Simulation Properties section below is read from this build and lists spawn temperature, heat transfer, heat capacity, weight, gravity, hardness, flammability, explosiveness, conductivity, neutron absorption, and every configured pressure or temperature transition.","压力传感器,压力高于其温度时产生火花。 下方“模拟属性”直接读取当前构建，列出生成温度、导热、热容量、重量、重力、耐蚀性、可燃性、爆炸性、导电、中子吸收以及全部温度和压力相变；实际玩法以这些参数和当前源码为准。"
DEFAULT_PT_PROT,https://powdertoy.co.uk/Wiki/W/Elements:Radioactive/zh.html,20240424211836,"Protons. Transfer heat to materials, and remove sparks. The Simulation Properties section below is read from this build and lists spawn temperature, heat transfer, heat capacity, weight, gravity, hardness, flammability, explosiveness, conductivity, neutron absorption, and every configured pressure or temperature transition.","质子,不能穿透绝缘体,虚空,钻石,振金以及墙会清除碰到电脉冲。 下方“模拟属性”直接读取当前构建，列出生成温度、导热、热容量、重量、重力、耐蚀性、可燃性、爆炸性、导电、中子吸收以及全部温度和压力相变；实际玩法以这些参数和当前源码为准。"
DEFAULT_PT_VIRS,https://powdertoy.co.uk/Wiki/W/Elements:Liquids/zh.html,20240528002851,"A deadly virus liquid that infects most ordinary particles while storing each victim's original type. Temperature selects solid VRSS below 305 K, liquid VIRS in the middle range, or gaseous VRSG above 673 K. Untreated virus eventually disappears, while protons stop that countdown; SOAP starts a cure that spreads through neighbouring virus and restores the stored materials. Diamond, BASE, and energy particles resist infection, while plasma destroys it.",一种致命的病毒液体，会感染大多数普通粒子并保存受害者原来的类型。低于 305 K 时为固态 VRSS，中间温区为液态 VIRS，高于 673 K 时为气态 VRSG。未经处理的病毒最终会消失，质子可停止该倒计时；SOAP 会启动并传播治愈过程，把病毒恢复成已保存的原物质。钻石、BASE 和能量粒子不会被感染，等离子体则能摧毁病毒。
DEFAULT_PT_VRSS,https://powdertoy.co.uk/Wiki/W/Elements:Solids/zh.html,20250830155822,"Solid Virus. Turns everything it touches into virus. The Simulation Properties section below is read from this build and lists spawn temperature, heat transfer, heat capacity, weight, gravity, hardness, flammability, explosiveness, conductivity, neutron absorption, and every configured pressure or temperature transition.","病毒块,会将其碰触到的所有物质变成VIRS。 下方“模拟属性”直接读取当前构建，列出生成温度、导热、热容量、重量、重力、耐蚀性、可燃性、爆炸性、导电、中子吸收以及全部温度和压力相变；实际玩法以这些参数和当前源码为准。"
DEFAULT_PT_VRSG,https://powdertoy.co.uk/Wiki/W/Elements:Gases/zh.html,20250825170646,"Gas Virus. Turns everything it touches into virus. The Simulation Properties section below is read from this build and lists spawn temperature, heat transfer, heat capacity, weight, gravity, hardness, flammability, explosiveness, conductivity, neutron absorption, and every configured pressure or temperature transition.","病毒气,会将其碰触到的所有物质变成VIRS。 下方“模拟属性”直接读取当前构建，列出生成温度、导热、热容量、重量、重力、耐蚀性、可燃性、爆炸性、导电、中子吸收以及全部温度和压力相变；实际玩法以这些参数和当前源码为准。"
DEFAULT_PT_GRVT,https://powdertoy.co.uk/Wiki/W/Elements:Radioactive/zh.html,20240424211836,"Gravitons. Create Newtonian Gravity. The Simulation Properties section below is read from this build and lists spawn temperature, heat transfer, heat capacity, weight, gravity, hardness, flammability, explosiveness, conductivity, neutron absorption, and every configured pressure or temperature transition.",引力子，会在周围产生额外的牛顿引力场。 下方“模拟属性”直接读取当前构建，列出生成温度、导热、热容量、重量、重力、耐蚀性、可燃性、爆炸性、导电、中子吸收以及全部温度和压力相变；实际玩法以这些参数和当前源码为准。
DEFAULT_PT_DRAY,https://powdertoy.co.uk/Wiki/W/Elements:Electronics/zh.html,20260521203740,"A duplicator ray triggered like ARAY. It copies a configured line of particles from the source side to the destination side, with range and spacing controlled by its stored values. The Simulation Properties section below is read from this build and lists spawn temperature, heat transfer, heat capacity, weight, gravity, hardness, flammability, explosiveness, conductivity, neutron absorption, and every configured pressure or temperature transition.",按 ARAY 方向规则触发的复制射线，会把源侧一段粒子复制到目标侧；复制范围与间隔由其内部参数控制。 下方“模拟属性”直接读取当前构建，列出生成温度、导热、热容量、重量、重力、耐蚀性、可燃性、爆炸性、导电、中子吸收以及全部温度和压力相变；实际玩法以这些参数和当前源码为准。
DEFAULT_PT_CRMC,https://powdertoy.co.uk/Wiki/W/Elements:Solids/zh.html,20250830155822,"Ceramic. Gets stronger under pressure. The Simulation Properties section below is read from this build and lists spawn temperature, heat transfer, heat capacity, weight, gravity, hardness, flammability, explosiveness, conductivity, neutron absorption, and every configured pressure or temperature transition.","陶瓷,受压时熔点增加。 下方“模拟属性”直接读取当前构建，列出生成温度、导热、热容量、重量、重力、耐蚀性、可燃性、爆炸性、导电、中子吸收以及全部温度和压力相变；实际玩法以这些参数和当前源码为准。"
DEFAULT_PT_HEAC,https://powdertoy.co.uk/Wiki/W/Elements:Solids/zh.html,20250830155822,"Rapid heat conductor. The Simulation Properties section below is read from this build and lists spawn temperature, heat transfer, heat capacity, weight, gravity, hardness, flammability, explosiveness, conductivity, neutron absorption, and every configured pressure or temperature transition.","导热体,导热速度比任何其他材料都快。 下方“模拟属性”直接读取当前构建，列出生成温度、导热、热容量、重量、重力、耐蚀性、可燃性、爆炸性、导电、中子吸收以及全部温度和压力相变；实际玩法以这些参数和当前源码为准。"
DEFAULT_PT_SAWD,https://powdertoy.co.uk/Wiki/W/Elements:Powders/zh.html,20260315022917,"Sawdust. Floats on water. The Simulation Properties section below is read from this build and lists spawn temperature, heat transfer, heat capacity, weight, gravity, hardness, flammability, explosiveness, conductivity, neutron absorption, and every configured pressure or temperature transition.","锯末,轻粉末,可以漂浮在水面上。 下方“模拟属性”直接读取当前构建，列出生成温度、导热、热容量、重量、重力、耐蚀性、可燃性、爆炸性、导电、中子吸收以及全部温度和压力相变；实际玩法以这些参数和当前源码为准。"
DEFAULT_PT_POLO,https://powdertoy.co.uk/Wiki/W/Elements:Radioactive/zh.html,20240424211836,"Polonium, highly radioactive. Decays into NEUT and heats up. The Simulation Properties section below is read from this build and lists spawn temperature, heat transfer, heat capacity, weight, gravity, hardness, flammability, explosiveness, conductivity, neutron absorption, and every configured pressure or temperature transition.","钋,高放射性,衰变成NEUT并升温。 下方“模拟属性”直接读取当前构建，列出生成温度、导热、热容量、重量、重力、耐蚀性、可燃性、爆炸性、导电、中子吸收以及全部温度和压力相变；实际玩法以这些参数和当前源码为准。"
DEFAULT_PT_RFRG,https://powdertoy.co.uk/Wiki/W/Elements:Gases/zh.html,20250825170646,"Refrigerant. Heats up and liquefies under pressure. The Simulation Properties section below is read from this build and lists spawn temperature, heat transfer, heat capacity, weight, gravity, hardness, flammability, explosiveness, conductivity, neutron absorption, and every configured pressure or temperature transition.","制冷剂,一种淡蓝色气体,在2P或更大压力下液化时加热,反之蒸发时冷却。 下方“模拟属性”直接读取当前构建，列出生成温度、导热、热容量、重量、重力、耐蚀性、可燃性、爆炸性、导电、中子吸收以及全部温度和压力相变；实际玩法以这些参数和当前源码为准。"
DEFAULT_PT_RFGL,https://powdertoy.co.uk/Wiki/W/Element:RFGL.html,20240228102923,"The light-blue liquid phase of refrigerant. It remains liquid only while local pressure is at least 2 and returns to gaseous RFRG below that threshold, preserving the refrigerant cycle's heat-transfer behaviour. It is light, has very low heat conductivity, and is harmful to stickman, so pressure control is the main way to contain and move it as a liquid.",浅蓝色制冷剂的液态相。局部压力至少为 2 时才能保持液态，低于该阈值便回到气态 RFRG，同时保留制冷剂循环的换热行为。它密度较低、导热很慢，并会伤害火柴人，因此压力控制是以液体形态约束和输送它的关键。
DEFAULT_PT_LSNS,https://powdertoy.co.uk/Wiki/W/Elements:Sensors/zh.html,20260516082540,"Life sensor, creates a spark when there's a nearby particle with a life higher than its temperature. The Simulation Properties section below is read from this build and lists spawn temperature, heat transfer, heat capacity, weight, gravity, hardness, flammability, explosiveness, conductivity, neutron absorption, and every configured pressure or temperature transition.","生命探测器,当其周围元素Life值高于传感器温度时,产生电流。 下方“模拟属性”直接读取当前构建，列出生成温度、导热、热容量、重量、重力、耐蚀性、可燃性、爆炸性、导电、中子吸收以及全部温度和压力相变；实际玩法以这些参数和当前源码为准。"
DEFAULT_PT_LDTC,https://powdertoy.co.uk/Wiki/W/Elements:Sensors/zh.html,20260516082540,"Linear detector. Scans in 8 directions for particles with its ctype and creates a spark on the opposite side. The Simulation Properties section below is read from this build and lists spawn temperature, heat transfer, heat capacity, weight, gravity, hardness, flammability, explosiveness, conductivity, neutron absorption, and every configured pressure or temperature transition.","线性探测器,从8个方向检测粒子,并在相反方向激发导体。 下方“模拟属性”直接读取当前构建，列出生成温度、导热、热容量、重量、重力、耐蚀性、可燃性、爆炸性、导电、中子吸收以及全部温度和压力相变；实际玩法以这些参数和当前源码为准。"
DEFAULT_PT_SLCN,https://powdertoy.co.uk/Wiki/W/Elements:Powders/zh.html,20260315022917,"Silicon Powder: Sparkling conductive silicon that forms glassy silica when heated in oxygen. The Simulation Properties section below is read from this build and lists spawn temperature, heat transfer, heat capacity, weight, gravity, hardness, flammability, explosiveness, conductivity, neutron absorption, and every configured pressure or temperature transition.",硅粉：闪亮且导电，置于高温氧气中会形成玻璃态二氧化硅。 下方“模拟属性”直接读取当前构建，列出生成温度、导热、热容量、重量、重力、耐蚀性、可燃性、爆炸性、导电、中子吸收以及全部温度和压力相变；实际玩法以这些参数和当前源码为准。
DEFAULT_PT_PTNM,https://powdertoy.co.uk/Wiki/W/Elements:Solids/zh.html,20250830155822,"Platinum. Catalyzes certain reactions. The Simulation Properties section below is read from this build and lists spawn temperature, heat transfer, heat capacity, weight, gravity, hardness, flammability, explosiveness, conductivity, neutron absorption, and every configured pressure or temperature transition.","铂,可以催化某些反应。 下方“模拟属性”直接读取当前构建，列出生成温度、导热、热容量、重量、重力、耐蚀性、可燃性、爆炸性、导电、中子吸收以及全部温度和压力相变；实际玩法以这些参数和当前源码为准。"
DEFAULT_PT_VSNS,https://powdertoy.co.uk/Wiki/W/Elements:Sensors/zh.html,20260516082540,"Velocity sensor, creates a spark when there's a nearby particle with velocity higher than its temperature. The Simulation Properties section below is read from this build and lists spawn temperature, heat transfer, heat capacity, weight, gravity, hardness, flammability, explosiveness, conductivity, neutron absorption, and every configured pressure or temperature transition.","速度探测器,当速度高于传感器温度的粒子在附近时,会生成电脉冲。 下方“模拟属性”直接读取当前构建，列出生成温度、导热、热容量、重量、重力、耐蚀性、可燃性、爆炸性、导电、中子吸收以及全部温度和压力相变；实际玩法以这些参数和当前源码为准。"
DEFAULT_PT_ROCK,https://powdertoy.co.uk/Wiki/W/Elements:Solids/zh.html,20250830155822,"Solid, melts into various elements. The Simulation Properties section below is read from this build and lists spawn temperature, heat transfer, heat capacity, weight, gravity, hardness, flammability, explosiveness, conductivity, neutron absorption, and every configured pressure or temperature transition.","岩石,坚固的材料,CNCT可以堆叠在它上面。 下方“模拟属性”直接读取当前构建，列出生成温度、导热、热容量、重量、重力、耐蚀性、可燃性、爆炸性、导电、中子吸收以及全部温度和压力相变；实际玩法以这些参数和当前源码为准。"
DEFAULT_PT_LITH,https://powdertoy.co.uk/Wiki/W/Elements:Explosives/zh.html,20260107145511,"Lithium. Reactive element that explodes on contact with water. The Simulation Properties section below is read from this build and lists spawn temperature, heat transfer, heat capacity, weight, gravity, hardness, flammability, explosiveness, conductivity, neutron absorption, and every configured pressure or temperature transition.","锂,与水接触会发生爆炸,可用于制造电池。 下方“模拟属性”直接读取当前构建，列出生成温度、导热、热容量、重量、重力、耐蚀性、可燃性、爆炸性、导电、中子吸收以及全部温度和压力相变；实际玩法以这些参数和当前源码为准。"
DEFAULT_PT_RSST,https://powdertoy.co.uk/Wiki/W/Element:RSST.html,20240422062423,"A conductive photosensitive liquid resist. A photon solidifies it into RSSS or, when ctype is set, into that stored material while transferring tmp into the product's ctype; electrons and spark erase the liquid, and a spark pulse can therefore travel through while consuming its path. It copies target types from clone materials, reacts with GUNP or BCOL to make FIRW or FSEP, combines from GLOW and GEL, and changes into BIZR beside platinum.",一种可导电的感光液态光刻胶。光子会把它固化成 RSSS；若设置了 ctype，则会固化成其中保存的材料，并把 tmp 传给产物的 ctype。电子和 SPRK 会清除液态光刻胶，因此电脉冲可一边传播一边擦除路径。它能从克隆材料复制目标类型，与 GUNP 或 BCOL 生成 FIRW 或 FSEP，由 GLOW 与 GEL 合成，并在铂旁转成 BIZR。
DEFAULT_PT_RSSS,https://powdertoy.co.uk/Wiki/W/Elements:Solids/zh.html,20250830155822,"Solidified resist. Blocks pressure and insulates electricity. Liquefies on contact with neutrons. The Simulation Properties section below is read from this build and lists spawn temperature, heat transfer, heat capacity, weight, gravity, hardness, flammability, explosiveness, conductivity, neutron absorption, and every configured pressure or temperature transition.","固化光刻胶,绝缘,遇NEUT液化,且会反射PHOT。 下方“模拟属性”直接读取当前构建，列出生成温度、导热、热容量、重量、重力、耐蚀性、可燃性、爆炸性、导电、中子吸收以及全部温度和压力相变；实际玩法以这些参数和当前源码为准。"
DEFAULT_PT_BASE,https://powdertoy.co.uk/Wiki/W/Element:BASE.html,20250904002008,"A deadly corrosive alkaline liquid whose life value stores concentration from 1 to 100. Water dilutes it, heating above 393.15 K under moderate pressure either boils some into BOYL or concentrates what remains, and increasing concentration lowers its freezing point. BASE neutralises ACID and CAUS into salt-water products, rusts conductive solids, and dissolves suitable softer materials. Strong BASE also turns OIL into SOAP, GOO into GEL, and broken coal into gunpowder; distilled water and warm smoke can create dilute BASE.",一种致命且有腐蚀性的碱性液体，life 值表示 1 到 100 的浓度。水会将其稀释；在中等压力下加热到 393.15 K 以上时，一部分会沸腾成 BOYL，其余液体则逐步浓缩，浓度升高还会降低凝固点。BASE 会把 ACID 和 CAUS 中和成盐水产物，锈蚀导电固体并溶解符合条件的较软材料。高浓度 BASE 还能把 OIL 变成 SOAP、把 GOO 变成 GEL、把碎煤变成火药；温暖的蒸馏水与 SMKE 也可生成稀碱。
DEFAULT_PT_SEED,https://powdertoy.co.uk/Wiki/W/Elements:Powders/zh.html,20260315022917,"Seeds. Put on sand and add water to grow a tree. The Simulation Properties section below is read from this build and lists spawn temperature, heat transfer, heat capacity, weight, gravity, hardness, flammability, explosiveness, conductivity, neutron absorption, and every configured pressure or temperature transition.","种子,放在沙子上时浇水会生长树木。 下方“模拟属性”直接读取当前构建，列出生成温度、导热、热容量、重量、重力、耐蚀性、可燃性、爆炸性、导电、中子吸收以及全部温度和压力相变；实际玩法以这些参数和当前源码为准。"
